{"type":"FeatureCollection","sistema":"local Cabanillas Drive: [x, z] en metros, x = E − E_centro, z = −(N − N_centro); anillo exterior CCW en el plano (x, z); base_y y height en metros (y = altura − H_base); medianeras = índices de los lados del anillo exterior (lado i: vértice i → i+1)","fuente":"Catastro de Navarra (edificaciones y rótulos de plantas) + LiDAR Gobierno de Navarra (alturas)","features":[{"type":"Feature","properties":{"id":1,"base_y":3.3,"height":4.34,"tipo":"edificio","plantas":1,"medianeras":[]},"geometry":{"type":"Polygon","coordinates":[[[-520.96,206.87],[-540.87,172.9],[-565.6,170.72],[-569.23,164.38],[-536.59,167.35],[-515.36,203.59],[-520.96,206.87]]]}},{"type":"Feature","properties":{"id":2,"base_y":9.33,"height":12.91,"tipo":"edificio","plantas":2,"medianeras":[6,7,8,10,11]},"geometry":{"type":"Polygon","coordinates":[[[139.15,360.68],[147.78,362.92],[146.99,365.63],[148.07,365.91],[148.9,363.21],[154.52,364.62],[160.14,352.21],[166.06,354.01],[168.02,349.71],[172.85,351.44],[164.7,370.98],[154.38,369.29],[153.35,375.06],[135.96,372.31],[139.15,360.68]]]}},{"type":"Feature","properties":{"id":3,"base_y":12.62,"height":9.64,"tipo":"edificio","plantas":1,"medianeras":[0,1,2,3,4]},"geometry":{"type":"Polygon","coordinates":[[[394.34,323.74],[374.49,345.96],[365.8,338.49],[365.91,337.81],[385.34,315.93],[394.34,323.74]]]}},{"type":"Feature","properties":{"id":4,"base_y":6.89,"height":3.93,"tipo":"edificio","plantas":1,"medianeras":[3]},"geometry":{"type":"Polygon","coordinates":[[[-393.16,187.16],[-418.28,170.31],[-412.15,160.87],[-386.88,177.77],[-393.16,187.16]]]}},{"type":"Feature","properties":{"id":5,"base_y":11.55,"height":6.58,"tipo":"edificio","plantas":1,"medianeras":[0]},"geometry":{"type":"Polygon","coordinates":[[[435.03,326.81],[414.02,349.18],[406.91,342.49],[428.91,318.75],[434.34,321.31],[435.03,326.81]]]}},{"type":"Feature","properties":{"id":6,"base_y":16.62,"height":9.19,"tipo":"edificio","plantas":1,"medianeras":[0,1,3,5]},"geometry":{"type":"Polygon","coordinates":[[[178.23,317.29],[179.04,314.21],[173.95,312.84],[181.71,289.62],[194.84,294.87],[183.66,318.84],[178.23,317.29]]]}},{"type":"Feature","properties":{"id":7,"base_y":15.28,"height":8.5,"tipo":"edificio","plantas":2,"medianeras":[0,1,6,7,8,11]},"geometry":{"type":"Polygon","coordinates":[[[-3.01,292.25],[-21.72,285.51],[-20.01,280.47],[-18.95,280.88],[-18.36,279.24],[6.49,288.15],[3.4,297.1],[1.83,296.5],[-1.14,304.82],[0.54,305.41],[-0.35,307.97],[-7.52,305.43],[-3.01,292.25]]]}},{"type":"Feature","properties":{"id":8,"base_y":15.33,"height":7.0,"tipo":"edificio","plantas":1,"medianeras":[0,1,3]},"geometry":{"type":"Polygon","coordinates":[[[-21.72,285.51],[-3.01,292.25],[-7.52,305.43],[-26.27,298.81],[-21.72,285.51]]]}},{"type":"Feature","properties":{"id":9,"base_y":16.84,"height":6.2,"tipo":"edificio","plantas":1,"medianeras":[]},"geometry":{"type":"Polygon","coordinates":[[[134.04,287.13],[147.59,289.52],[142.42,308.35],[128.94,305.73],[134.04,287.13]]]}},{"type":"Feature","properties":{"id":10,"base_y":12.1,"height":6.76,"tipo":"edificio","plantas":1,"medianeras":[0,2,7]},"geometry":{"type":"Polygon","coordinates":[[[360.41,311.81],[375.78,294.12],[390.91,301.0],[383.56,309.46],[374.25,304.81],[366.89,311.91],[368.79,313.76],[366.51,316.11],[360.41,311.81]]]}},{"type":"Feature","properties":{"id":11,"base_y":7.12,"height":6.23,"tipo":"edificio","plantas":1,"medianeras":[1,3]},"geometry":{"type":"Polygon","coordinates":[[[-372.03,173.68],[-384.72,165.24],[-373.36,152.14],[-361.95,162.83],[-372.03,173.68]]]}},{"type":"Feature","properties":{"id":12,"base_y":14.79,"height":8.58,"tipo":"edificio","plantas":2,"medianeras":[0]},"geometry":{"type":"Polygon","coordinates":[[[261.59,296.06],[264.81,285.57],[270.07,287.27],[279.52,267.54],[284.64,269.5],[271.53,299.12],[261.59,296.06]]]}},{"type":"Feature","properties":{"id":13,"base_y":15.03,"height":9.64,"tipo":"edificio","plantas":2,"medianeras":[1]},"geometry":{"type":"Polygon","coordinates":[[[48.09,259.49],[33.34,260.06],[32.6,243.87],[47.28,243.18],[48.09,259.49]]]}},{"type":"Feature","properties":{"id":14,"base_y":15.9,"height":8.52,"tipo":"edificio","plantas":2,"medianeras":[7,14]},"geometry":{"type":"Polygon","coordinates":[[[34.91,270.38],[36.33,270.19],[36.27,266.53],[47.8,266.23],[47.8,271.31],[46.8,271.34],[46.8,276.54],[55.61,282.79],[53.34,289.06],[42.21,280.93],[41.72,280.98],[41.62,279.98],[40.23,280.12],[40.32,281.11],[36.34,281.49],[34.91,270.38]]]}},{"type":"Feature","properties":{"id":15,"base_y":15.56,"height":7.3,"tipo":"edificio","plantas":2,"medianeras":[0,4]},"geometry":{"type":"Polygon","coordinates":[[[366.52,354.87],[386.46,332.56],[390.51,335.97],[377.66,349.88],[382.25,354.0],[375.09,361.68],[366.52,354.87]]]}},{"type":"Feature","properties":{"id":16,"base_y":15.26,"height":8.13,"tipo":"edificio","plantas":2,"medianeras":[1,2]},"geometry":{"type":"Polygon","coordinates":[[[124.94,239.56],[122.71,248.24],[131.28,250.44],[129.41,259.24],[113.6,256.37],[117.85,239.81],[124.94,239.56]]]}},{"type":"Feature","properties":{"id":17,"base_y":10.53,"height":8.78,"tipo":"edificio","plantas":2,"medianeras":[0]},"geometry":{"type":"Polygon","coordinates":[[[418.34,379.81],[425.53,371.35],[441.67,378.32],[437.71,388.12],[418.34,379.81]]]}},{"type":"Feature","properties":{"id":18,"base_y":15.65,"height":8.51,"tipo":"edificio","plantas":2,"medianeras":[1,3,7]},"geometry":{"type":"Polygon","coordinates":[[[36.34,281.49],[28.45,282.29],[27.34,271.55],[13.22,272.5],[12.73,267.14],[33.65,266.59],[33.62,269.55],[34.78,269.39],[36.34,281.49]]]}},{"type":"Feature","properties":{"id":19,"base_y":15.76,"height":5.68,"tipo":"edificio","plantas":1,"medianeras":[1,3,4,7]},"geometry":{"type":"Polygon","coordinates":[[[-50.29,269.37],[-36.39,273.48],[-40.12,284.61],[-41.2,284.25],[-40.34,281.67],[-47.03,279.42],[-49.8,287.67],[-55.75,285.68],[-50.29,269.37]]]}},{"type":"Feature","properties":{"id":20,"base_y":15.02,"height":6.43,"tipo":"edificio","plantas":1,"medianeras":[2]},"geometry":{"type":"Polygon","coordinates":[[[164.66,239.49],[156.28,264.18],[149.6,262.93],[154.22,248.62],[153.78,248.49],[156.72,239.06],[164.66,239.49]]]}},{"type":"Feature","properties":{"id":21,"base_y":15.62,"height":13.21,"tipo":"edificio","plantas":2,"medianeras":[0]},"geometry":{"type":"Polygon","coordinates":[[[431.3,432.92],[431.35,443.63],[430.19,443.63],[430.19,443.28],[423.59,443.32],[423.59,444.42],[421.59,444.42],[420.72,443.34],[418.52,443.35],[418.2,443.94],[414.2,443.96],[414.15,432.86],[415.25,432.85],[415.25,433.35],[422.25,433.32],[422.25,432.22],[423.55,432.21],[423.55,433.31],[431.3,432.92]]]}},{"type":"Feature","properties":{"id":22,"base_y":15.0,"height":9.02,"tipo":"edificio","plantas":2,"medianeras":[0,1,2]},"geometry":{"type":"Polygon","coordinates":[[[179.16,240.31],[175.16,252.06],[160.67,251.25],[164.66,239.49],[179.16,240.31]]]}},{"type":"Feature","properties":{"id":23,"base_y":16.19,"height":7.93,"tipo":"edificio","plantas":2,"medianeras":[0,1,2,5,13]},"geometry":{"type":"Polygon","coordinates":[[[331.69,372.42],[329.07,376.8],[331.89,378.53],[334.44,373.95],[336.48,375.08],[336.19,375.73],[343.07,380.07],[340.95,383.6],[340.03,383.04],[339.35,384.16],[340.28,384.71],[337.59,389.18],[323.09,379.68],[327.94,370.35],[331.69,372.42]]]}},{"type":"Feature","properties":{"id":24,"base_y":11.87,"height":10.56,"tipo":"edificio","plantas":2,"medianeras":[0,4,5,6,7]},"geometry":{"type":"Polygon","coordinates":[[[385.34,315.93],[396.34,303.5],[401.62,307.96],[402.83,306.54],[407.63,308.78],[398.23,319.15],[393.18,314.66],[389.18,319.26],[385.34,315.93]]]}},{"type":"Feature","properties":{"id":25,"base_y":15.55,"height":7.05,"tipo":"edificio","plantas":2,"medianeras":[6]},"geometry":{"type":"Polygon","coordinates":[[[-49.16,250.78],[-48.55,247.6],[-36.72,247.12],[-36.38,253.05],[-43.79,251.8],[-45.35,260.99],[-57.41,258.74],[-55.49,249.49],[-49.16,250.78]]]}},{"type":"Feature","properties":{"id":26,"base_y":14.4,"height":13.65,"tipo":"edificio","plantas":3,"medianeras":[1,5]},"geometry":{"type":"Polygon","coordinates":[[[176.65,342.31],[189.46,347.81],[185.56,357.33],[179.53,354.8],[178.35,357.82],[171.36,355.02],[176.65,342.31]]]}},{"type":"Feature","properties":{"id":27,"base_y":16.56,"height":7.69,"tipo":"edificio","plantas":2,"medianeras":[0,1,2,4]},"geometry":{"type":"Polygon","coordinates":[[[265.09,329.93],[271.46,316.06],[275.53,317.81],[279.28,308.74],[287.41,311.24],[283.43,321.74],[275.18,319.2],[269.63,331.56],[265.09,329.93]]]}},{"type":"Feature","properties":{"id":28,"base_y":15.27,"height":6.03,"tipo":"edificio","plantas":1,"medianeras":[1,2,4]},"geometry":{"type":"Polygon","coordinates":[[[167.21,256.63],[167.43,251.63],[175.16,252.06],[170.16,266.74],[156.28,264.18],[159.01,256.12],[167.21,256.63]]]}},{"type":"Feature","properties":{"id":29,"base_y":15.7,"height":8.24,"tipo":"edificio","plantas":2,"medianeras":[5,7,8,9]},"geometry":{"type":"Polygon","coordinates":[[[353.16,424.05],[353.86,424.43],[355.24,421.82],[350.68,419.39],[351.05,418.69],[348.45,417.3],[353.59,407.62],[362.71,414.18],[360.15,418.93],[361.46,419.93],[355.77,430.62],[351.02,428.11],[353.16,424.05]]]}},{"type":"Feature","properties":{"id":30,"base_y":15.38,"height":6.79,"tipo":"edificio","plantas":2,"medianeras":[0,2]},"geometry":{"type":"Polygon","coordinates":[[[-107.74,264.91],[-105.09,255.87],[-87.54,259.93],[-90.59,268.68],[-107.74,264.91]]]}},{"type":"Feature","properties":{"id":31,"base_y":15.87,"height":8.9,"tipo":"edificio","plantas":2,"medianeras":[0,4]},"geometry":{"type":"Polygon","coordinates":[[[348.78,416.68],[335.56,407.28],[339.21,400.18],[342.27,399.56],[353.59,407.62],[348.78,416.68]]]}},{"type":"Feature","properties":{"id":32,"base_y":16.35,"height":12.14,"tipo":"edificio","plantas":3,"medianeras":[3]},"geometry":{"type":"Polygon","coordinates":[[[90.66,325.45],[76.41,319.04],[80.34,309.62],[95.21,316.31],[90.66,325.45]]]}},{"type":"Feature","properties":{"id":33,"base_y":14.67,"height":13.67,"tipo":"edificio","plantas":3,"medianeras":[4,6]},"geometry":{"type":"Polygon","coordinates":[[[195.23,360.24],[194.47,362.07],[188.47,359.9],[189.11,358.22],[185.69,357.02],[189.46,347.81],[204.1,353.0],[199.79,361.84],[195.23,360.24]]]}},{"type":"Feature","properties":{"id":34,"base_y":15.99,"height":8.86,"tipo":"edificio","plantas":2,"medianeras":[0,1,5,6,7,9]},"geometry":{"type":"Polygon","coordinates":[[[361.79,370.8],[360.52,372.47],[360.48,377.55],[353.66,377.65],[353.56,378.81],[343.81,378.84],[346.46,374.43],[345.4,373.81],[349.27,367.37],[361.62,367.37],[361.79,370.8]]]}},{"type":"Feature","properties":{"id":35,"base_y":15.81,"height":10.37,"tipo":"edificio","plantas":3,"medianeras":[]},"geometry":{"type":"Polygon","coordinates":[[[257.27,358.99],[249.55,372.99],[240.9,367.62],[248.21,354.62],[257.27,358.99]]]}},{"type":"Feature","properties":{"id":36,"base_y":15.96,"height":7.6,"tipo":"edificio","plantas":2,"medianeras":[0,1,3,4,5,6]},"geometry":{"type":"Polygon","coordinates":[[[112.34,319.81],[103.82,344.04],[98.91,342.1],[103.74,330.75],[105.54,331.46],[106.37,329.29],[100.46,327.99],[104.03,318.12],[112.34,319.81]]]}},{"type":"Feature","properties":{"id":37,"base_y":15.34,"height":6.68,"tipo":"edificio","plantas":2,"medianeras":[1]},"geometry":{"type":"Polygon","coordinates":[[[0.34,261.31],[-15.54,261.81],[-15.99,252.2],[-0.11,251.53],[0.34,261.31]]]}},{"type":"Feature","properties":{"id":38,"base_y":16.07,"height":9.44,"tipo":"edificio","plantas":2,"medianeras":[1,3,4,5]},"geometry":{"type":"Polygon","coordinates":[[[255.28,283.5],[264.63,286.15],[261.59,296.06],[246.66,292.56],[249.66,283.62],[254.66,285.31],[255.28,283.5]]]}},{"type":"Feature","properties":{"id":39,"base_y":8.02,"height":9.55,"tipo":"edificio","plantas":1,"medianeras":[3]},"geometry":{"type":"Polygon","coordinates":[[[201.65,401.99],[184.9,396.93],[186.99,389.42],[204.34,393.12],[201.65,401.99]]]}},{"type":"Feature","properties":{"id":40,"base_y":15.97,"height":7.97,"tipo":"edificio","plantas":2,"medianeras":[2,5,6]},"geometry":{"type":"Polygon","coordinates":[[[224.64,278.66],[225.83,278.95],[226.68,276.77],[234.09,279.37],[231.78,286.18],[212.03,279.87],[214.39,272.78],[225.39,276.37],[224.64,278.66]]]}},{"type":"Feature","properties":{"id":41,"base_y":15.23,"height":8.56,"tipo":"edificio","plantas":2,"medianeras":[0,1,2,3,4,5,6,7]},"geometry":{"type":"Polygon","coordinates":[[[240.72,259.43],[230.19,256.25],[230.4,255.57],[231.01,255.88],[231.7,254.02],[228.31,253.04],[227.47,255.42],[220.91,253.43],[223.28,246.24],[243.16,252.18],[240.72,259.43]]]}},{"type":"Feature","properties":{"id":42,"base_y":15.43,"height":8.06,"tipo":"edificio","plantas":2,"medianeras":[0,1,7]},"geometry":{"type":"Polygon","coordinates":[[[226.16,269.32],[230.19,256.25],[240.72,259.43],[237.57,268.92],[236.81,268.67],[236.34,270.09],[237.1,270.34],[236.41,272.43],[226.16,269.32]]]}},{"type":"Feature","properties":{"id":43,"base_y":16.17,"height":9.93,"tipo":"edificio","plantas":2,"medianeras":[1]},"geometry":{"type":"Polygon","coordinates":[[[156.45,335.1],[159.27,336.29],[155.08,346.52],[144.58,342.13],[147.96,329.99],[157.0,333.81],[156.45,335.1]]]}},{"type":"Feature","properties":{"id":44,"base_y":2.05,"height":4.34,"tipo":"edificio","plantas":1,"medianeras":[]},"geometry":{"type":"Polygon","coordinates":[[[163.23,449.21],[166.06,441.25],[182.36,447.04],[179.53,455.0],[163.23,449.21]]]}},{"type":"Feature","properties":{"id":45,"base_y":11.67,"height":11.3,"tipo":"edificio","plantas":2,"medianeras":[2,3]},"geometry":{"type":"Polygon","coordinates":[[[306.34,413.0],[301.63,419.27],[286.56,410.2],[289.4,402.8],[306.34,413.0]]]}},{"type":"Feature","properties":{"id":46,"base_y":14.09,"height":12.28,"tipo":"edificio","plantas":3,"medianeras":[0,1,2,3,5]},"geometry":{"type":"Polygon","coordinates":[[[172.85,351.44],[168.02,349.71],[166.06,354.01],[160.14,352.21],[166.59,337.93],[176.65,342.31],[172.85,351.44]]]}},{"type":"Feature","properties":{"id":47,"base_y":16.67,"height":8.28,"tipo":"edificio","plantas":2,"medianeras":[]},"geometry":{"type":"Polygon","coordinates":[[[142.98,306.31],[153.15,308.52],[151.53,314.43],[154.84,315.24],[153.09,320.87],[139.84,317.74],[142.98,306.31]]]}},{"type":"Feature","properties":{"id":48,"base_y":6.8,"height":7.59,"tipo":"edificio","plantas":1,"medianeras":[1,2,3]},"geometry":{"type":"Polygon","coordinates":[[[417.77,477.06],[418.07,471.76],[429.69,472.5],[429.89,470.83],[441.73,471.44],[441.21,478.31],[417.77,477.06]]]}},{"type":"Feature","properties":{"id":49,"base_y":12.5,"height":7.85,"tipo":"edificio","plantas":2,"medianeras":[2]},"geometry":{"type":"Polygon","coordinates":[[[404.27,373.87],[411.52,366.45],[424.75,372.28],[418.34,379.81],[404.27,373.87]]]}},{"type":"Feature","properties":{"id":50,"base_y":16.44,"height":6.94,"tipo":"edificio","plantas":2,"medianeras":[1,5,6]},"geometry":{"type":"Polygon","coordinates":[[[144.21,328.37],[140.77,339.31],[135.13,338.26],[136.87,331.51],[135.66,331.23],[134.29,338.11],[128.96,337.12],[131.9,324.81],[144.21,328.37]]]}},{"type":"Feature","properties":{"id":51,"base_y":13.14,"height":5.57,"tipo":"edificio","plantas":1,"medianeras":[2,3]},"geometry":{"type":"Polygon","coordinates":[[[353.61,307.14],[342.03,301.68],[346.8,293.14],[360.82,298.92],[353.61,307.14]]]}},{"type":"Feature","properties":{"id":52,"base_y":16.67,"height":7.85,"tipo":"edificio","plantas":2,"medianeras":[2,3,4,7,8,9,10]},"geometry":{"type":"Polygon","coordinates":[[[265.79,342.14],[265.23,344.02],[274.21,346.12],[272.27,351.24],[269.71,350.74],[268.15,355.24],[261.59,354.06],[256.9,352.43],[259.9,344.31],[260.96,344.62],[262.33,341.01],[265.79,342.14]]]}},{"type":"Feature","properties":{"id":53,"base_y":15.07,"height":8.02,"tipo":"edificio","plantas":2,"medianeras":[0,3]},"geometry":{"type":"Polygon","coordinates":[[[260.69,254.46],[257.84,262.81],[261.72,263.99],[260.21,268.36],[247.67,263.92],[251.78,251.68],[260.69,254.46]]]}},{"type":"Feature","properties":{"id":54,"base_y":16.01,"height":7.02,"tipo":"edificio","plantas":2,"medianeras":[0,1,3,4]},"geometry":{"type":"Polygon","coordinates":[[[383.83,429.35],[381.19,434.54],[383.77,436.35],[382.0,439.78],[368.44,430.03],[373.09,421.62],[383.83,429.35]]]}},{"type":"Feature","properties":{"id":55,"base_y":15.76,"height":9.66,"tipo":"edificio","plantas":2,"medianeras":[0,2,3]},"geometry":{"type":"Polygon","coordinates":[[[374.49,345.96],[366.52,354.87],[357.77,347.99],[365.8,338.49],[374.49,345.96]]]}},{"type":"Feature","properties":{"id":56,"base_y":15.92,"height":7.9,"tipo":"edificio","plantas":2,"medianeras":[]},"geometry":{"type":"Polygon","coordinates":[[[337.87,352.47],[349.68,352.47],[352.09,354.62],[350.02,362.37],[336.59,362.53],[337.87,352.47]]]}},{"type":"Feature","properties":{"id":57,"base_y":15.24,"height":7.44,"tipo":"edificio","plantas":2,"medianeras":[3,5]},"geometry":{"type":"Polygon","coordinates":[[[29.76,259.69],[28.46,259.74],[28.48,260.24],[24.91,260.37],[24.16,244.24],[32.6,243.87],[33.34,260.06],[29.78,260.19],[29.76,259.69]]]}},{"type":"Feature","properties":{"id":58,"base_y":15.03,"height":8.03,"tipo":"edificio","plantas":2,"medianeras":[0,3,4]},"geometry":{"type":"Polygon","coordinates":[[[147.66,247.93],[131.75,248.21],[133.66,239.24],[145.88,238.84],[145.94,242.13],[149.44,242.07],[147.66,247.93]]]}},{"type":"Feature","properties":{"id":59,"base_y":13.19,"height":13.21,"tipo":"edificio","plantas":3,"medianeras":[0,1,2]},"geometry":{"type":"Polygon","coordinates":[[[266.46,387.37],[262.54,396.9],[250.4,389.93],[255.21,381.31],[266.46,387.37]]]}},{"type":"Feature","properties":{"id":60,"base_y":14.9,"height":9.25,"tipo":"edificio","plantas":2,"medianeras":[3]},"geometry":{"type":"Polygon","coordinates":[[[25.33,304.37],[12.66,300.62],[15.66,290.99],[28.28,294.62],[25.33,304.37]]]}},{"type":"Feature","properties":{"id":61,"base_y":15.51,"height":9.41,"tipo":"edificio","plantas":2,"medianeras":[0,1,3,4]},"geometry":{"type":"Polygon","coordinates":[[[-77.79,262.24],[-80.34,271.18],[-79.34,271.43],[-80.39,274.5],[-91.47,271.57],[-87.54,259.93],[-77.79,262.24]]]}},{"type":"Feature","properties":{"id":62,"base_y":16.17,"height":7.7,"tipo":"edificio","plantas":2,"medianeras":[5,6,7]},"geometry":{"type":"Polygon","coordinates":[[[73.96,295.74],[67.22,293.39],[67.67,291.96],[66.24,291.51],[65.79,292.94],[62.41,291.87],[65.88,281.42],[77.71,285.81],[73.96,295.74]]]}},{"type":"Feature","properties":{"id":63,"base_y":15.82,"height":8.18,"tipo":"edificio","plantas":2,"medianeras":[1,7]},"geometry":{"type":"Polygon","coordinates":[[[212.03,279.87],[200.97,276.31],[205.33,263.42],[209.15,264.67],[207.79,268.69],[211.14,269.81],[211.64,268.64],[215.36,269.86],[212.03,279.87]]]}},{"type":"Feature","properties":{"id":64,"base_y":16.42,"height":8.53,"tipo":"edificio","plantas":2,"medianeras":[3]},"geometry":{"type":"Polygon","coordinates":[[[324.67,303.54],[334.96,309.17],[330.16,319.68],[320.71,314.37],[324.67,303.54]]]}},{"type":"Feature","properties":{"id":65,"base_y":11.26,"height":8.54,"tipo":"edificio","plantas":2,"medianeras":[0,3,4]},"geometry":{"type":"Polygon","coordinates":[[[422.77,354.91],[429.97,347.5],[436.91,340.37],[438.15,349.87],[427.95,360.06],[422.77,354.91]]]}},{"type":"Feature","properties":{"id":66,"base_y":15.91,"height":9.01,"tipo":"edificio","plantas":1,"medianeras":[5,7,8,9]},"geometry":{"type":"Polygon","coordinates":[[[288.87,289.35],[290.87,289.93],[289.44,294.28],[296.37,296.4],[296.61,295.66],[303.94,298.05],[300.03,307.99],[293.41,305.91],[295.15,300.34],[285.86,297.54],[288.87,289.35]]]}},{"type":"Feature","properties":{"id":67,"base_y":15.26,"height":8.59,"tipo":"edificio","plantas":2,"medianeras":[3]},"geometry":{"type":"Polygon","coordinates":[[[111.82,242.33],[108.41,256.56],[100.53,256.93],[103.16,240.56],[111.82,242.33]]]}},{"type":"Feature","properties":{"id":68,"base_y":15.11,"height":7.12,"tipo":"edificio","plantas":1,"medianeras":[1,3]},"geometry":{"type":"Polygon","coordinates":[[[219.73,256.9],[208.5,254.06],[212.03,243.62],[223.28,246.24],[219.73,256.9]]]}},{"type":"Feature","properties":{"id":69,"base_y":12.96,"height":11.67,"tipo":"edificio","plantas":2,"medianeras":[0,2]},"geometry":{"type":"Polygon","coordinates":[[[382.09,456.43],[384.77,445.87],[395.96,449.06],[392.96,459.87],[382.09,456.43]]]}},{"type":"Feature","properties":{"id":70,"base_y":16.09,"height":8.7,"tipo":"edificio","plantas":2,"medianeras":[0,1,7]},"geometry":{"type":"Polygon","coordinates":[[[86.17,273.96],[76.56,275.23],[72.09,264.93],[73.61,264.8],[73.92,265.99],[76.9,265.76],[76.87,264.5],[87.34,263.56],[86.17,273.96]]]}},{"type":"Feature","properties":{"id":71,"base_y":16.49,"height":9.4,"tipo":"edificio","plantas":2,"medianeras":[4,6]},"geometry":{"type":"Polygon","coordinates":[[[367.36,407.27],[366.76,408.31],[363.43,406.12],[364.01,405.07],[360.68,402.88],[365.57,394.05],[375.79,400.67],[370.7,409.45],[367.36,407.27]]]}},{"type":"Feature","properties":{"id":72,"base_y":12.51,"height":9.81,"tipo":"edificio","plantas":2,"medianeras":[0,3]},"geometry":{"type":"Polygon","coordinates":[[[357.88,297.7],[346.8,293.14],[351.09,283.31],[362.03,288.0],[357.88,297.7]]]}},{"type":"Feature","properties":{"id":73,"base_y":15.65,"height":9.84,"tipo":"edificio","plantas":2,"medianeras":[1,3]},"geometry":{"type":"Polygon","coordinates":[[[304.69,383.32],[294.02,377.99],[298.59,367.93],[308.96,374.37],[304.69,383.32]]]}},{"type":"Feature","properties":{"id":74,"base_y":15.55,"height":6.74,"tipo":"edificio","plantas":1,"medianeras":[0,1]},"geometry":{"type":"Polygon","coordinates":[[[328.08,407.64],[320.73,402.8],[328.77,389.93],[335.15,394.74],[328.08,407.64]]]}},{"type":"Feature","properties":{"id":75,"base_y":14.91,"height":9.87,"tipo":"edificio","plantas":2,"medianeras":[1,2,3]},"geometry":{"type":"Polygon","coordinates":[[[35.71,296.74],[46.17,299.78],[42.59,310.5],[32.15,307.81],[35.71,296.74]]]}},{"type":"Feature","properties":{"id":76,"base_y":12.06,"height":10.49,"tipo":"edificio","plantas":3,"medianeras":[1,2,3]},"geometry":{"type":"Polygon","coordinates":[[[406.91,342.49],[397.28,333.56],[403.84,326.62],[413.27,335.62],[406.91,342.49]]]}},{"type":"Feature","properties":{"id":77,"base_y":16.6,"height":11.9,"tipo":"edificio","plantas":3,"medianeras":[0,2,3,4,5]},"geometry":{"type":"Polygon","coordinates":[[[183.66,318.84],[179.59,327.87],[169.46,324.99],[173.95,312.84],[179.04,314.21],[178.23,317.29],[183.66,318.84]]]}},{"type":"Feature","properties":{"id":78,"base_y":10.43,"height":8.67,"tipo":"edificio","plantas":2,"medianeras":[]},"geometry":{"type":"Polygon","coordinates":[[[426.8,406.66],[426.65,397.62],[440.15,397.74],[440.25,406.88],[426.8,406.66]]]}},{"type":"Feature","properties":{"id":79,"base_y":15.0,"height":7.83,"tipo":"edificio","plantas":2,"medianeras":[]},"geometry":{"type":"Polygon","coordinates":[[[372.61,395.45],[384.25,375.72],[388.71,378.37],[377.14,398.33],[372.61,395.45]]]}},{"type":"Feature","properties":{"id":80,"base_y":15.13,"height":6.78,"tipo":"edificio","plantas":2,"medianeras":[2,3,4,5,6]},"geometry":{"type":"Polygon","coordinates":[[[16.34,260.68],[15.66,244.62],[24.16,244.24],[24.34,248.1],[19.55,248.33],[19.72,251.85],[24.49,251.49],[24.91,260.37],[16.34,260.68]]]}},{"type":"Feature","properties":{"id":81,"base_y":15.26,"height":10.37,"tipo":"edificio","plantas":3,"medianeras":[0,2]},"geometry":{"type":"Polygon","coordinates":[[[-120.37,262.14],[-118.22,253.37],[-105.09,255.87],[-107.74,264.91],[-120.37,262.14]]]}},{"type":"Feature","properties":{"id":82,"base_y":13.87,"height":6.06,"tipo":"edificio","plantas":1,"medianeras":[]},"geometry":{"type":"Polygon","coordinates":[[[143.22,347.0],[153.42,350.57],[149.1,361.11],[139.39,358.56],[143.22,347.0]]]}},{"type":"Feature","properties":{"id":83,"base_y":15.69,"height":6.83,"tipo":"edificio","plantas":2,"medianeras":[0,1,2,4]},"geometry":{"type":"Polygon","coordinates":[[[-62.59,265.74],[-64.04,270.07],[-68.43,269.01],[-69.59,273.41],[-80.34,271.18],[-77.79,262.24],[-62.59,265.74]]]}},{"type":"Feature","properties":{"id":84,"base_y":16.43,"height":8.88,"tipo":"edificio","plantas":2,"medianeras":[0,6]},"geometry":{"type":"Polygon","coordinates":[[[86.8,290.48],[98.69,295.26],[96.65,303.28],[95.18,304.04],[86.26,300.59],[86.79,299.08],[84.13,298.05],[86.8,290.48]]]}},{"type":"Feature","properties":{"id":85,"base_y":15.21,"height":6.72,"tipo":"edificio","plantas":2,"medianeras":[1,2,4]},"geometry":{"type":"Polygon","coordinates":[[[67.97,242.2],[68.44,252.85],[74.34,252.59],[74.47,258.24],[63.28,258.74],[62.66,242.43],[67.97,242.2]]]}},{"type":"Feature","properties":{"id":86,"base_y":16.28,"height":5.07,"tipo":"edificio","plantas":1,"medianeras":[4]},"geometry":{"type":"Polygon","coordinates":[[[319.9,312.8],[319.53,314.01],[310.78,311.31],[315.27,300.08],[324.67,303.54],[321.15,313.19],[319.9,312.8]]]}},{"type":"Feature","properties":{"id":87,"base_y":8.24,"height":6.75,"tipo":"edificio","plantas":2,"medianeras":[0,1,2]},"geometry":{"type":"Polygon","coordinates":[[[441.73,471.44],[429.89,470.83],[429.69,472.5],[418.07,471.76],[418.4,465.87],[442.03,467.4],[441.73,471.44]]]}},{"type":"Feature","properties":{"id":88,"base_y":15.91,"height":7.71,"tipo":"edificio","plantas":2,"medianeras":[0,1,3,5]},"geometry":{"type":"Polygon","coordinates":[[[55.09,308.37],[56.59,308.74],[55.28,312.81],[43.05,309.34],[46.17,299.78],[56.59,302.74],[55.09,308.37]]]}},{"type":"Feature","properties":{"id":89,"base_y":7.41,"height":8.72,"tipo":"edificio","plantas":1,"medianeras":[2,3,4,6]},"geometry":{"type":"Polygon","coordinates":[[[-338.58,158.84],[-345.54,166.28],[-347.27,164.66],[-345.23,162.46],[-352.33,155.78],[-354.38,157.98],[-356.02,156.44],[-349.09,148.99],[-338.58,158.84]]]}},{"type":"Feature","properties":{"id":90,"base_y":16.53,"height":8.54,"tipo":"edificio","plantas":2,"medianeras":[0,8,9,10,11]},"geometry":{"type":"Polygon","coordinates":[[[300.82,327.6],[302.21,316.37],[307.0,318.08],[306.77,320.51],[308.27,320.7],[308.37,319.64],[311.2,319.55],[313.71,320.43],[312.78,329.0],[308.03,328.45],[306.66,329.27],[305.6,328.16],[300.82,327.6]]]}},{"type":"Feature","properties":{"id":91,"base_y":16.48,"height":9.38,"tipo":"edificio","plantas":2,"medianeras":[3,5,6,7,9]},"geometry":{"type":"Polygon","coordinates":[[[376.88,412.93],[374.58,411.41],[373.63,412.81],[370.09,410.49],[376.15,400.04],[379.23,402.12],[377.27,405.24],[381.51,407.98],[382.53,406.48],[385.38,408.32],[380.09,417.06],[375.98,414.36],[376.88,412.93]]]}},{"type":"Feature","properties":{"id":92,"base_y":15.48,"height":2.5,"tipo":"edificio","plantas":1,"medianeras":[1]},"geometry":{"type":"Polygon","coordinates":[[[371.68,383.33],[363.15,378.37],[368.34,369.18],[378.09,372.06],[371.68,383.33]]]}},{"type":"Feature","properties":{"id":93,"base_y":16.62,"height":6.51,"tipo":"edificio","plantas":2,"medianeras":[0,1,4]},"geometry":{"type":"Polygon","coordinates":[[[209.09,285.24],[203.41,299.18],[199.17,297.05],[202.27,288.77],[195.14,286.01],[197.18,280.74],[204.28,283.41],[203.71,284.91],[204.65,285.26],[205.21,283.76],[209.09,285.24]]]}},{"type":"Feature","properties":{"id":94,"base_y":16.69,"height":9.25,"tipo":"edificio","plantas":3,"medianeras":[1,2]},"geometry":{"type":"Polygon","coordinates":[[[101.71,307.31],[105.5,297.07],[115.33,301.23],[111.34,311.18],[101.71,307.31]]]}},{"type":"Feature","properties":{"id":95,"base_y":15.62,"height":7.14,"tipo":"edificio","plantas":2,"medianeras":[1,3]},"geometry":{"type":"Polygon","coordinates":[[[-28.52,286.08],[-39.5,282.75],[-36.39,273.48],[-25.34,276.74],[-28.52,286.08]]]}},{"type":"Feature","properties":{"id":96,"base_y":15.8,"height":3.93,"tipo":"edificio","plantas":1,"medianeras":[1,2,3,5]},"geometry":{"type":"Polygon","coordinates":[[[258.41,274.37],[254.66,285.31],[249.66,283.62],[251.4,278.48],[243.66,275.85],[245.66,269.93],[258.41,274.37]]]}},{"type":"Feature","properties":{"id":97,"base_y":15.41,"height":6.87,"tipo":"edificio","plantas":2,"medianeras":[1]},"geometry":{"type":"Polygon","coordinates":[[[-8.29,267.68],[6.12,267.31],[4.79,276.77],[-9.29,273.49],[-8.29,267.68]]]}},{"type":"Feature","properties":{"id":98,"base_y":13.79,"height":11.81,"tipo":"edificio","plantas":3,"medianeras":[0,1,4,5,7]},"geometry":{"type":"Polygon","coordinates":[[[305.86,270.57],[305.47,271.5],[313.42,273.99],[310.26,282.02],[299.94,277.66],[301.97,273.12],[296.85,270.93],[298.05,268.15],[305.86,270.57]]]}},{"type":"Feature","properties":{"id":99,"base_y":16.23,"height":8.55,"tipo":"edificio","plantas":2,"medianeras":[0,5,6,7,8]},"geometry":{"type":"Polygon","coordinates":[[[393.9,426.12],[397.4,406.82],[400.37,407.25],[399.52,412.56],[403.51,412.88],[402.96,415.49],[403.52,415.62],[402.65,420.62],[400.34,420.31],[399.09,426.74],[393.9,426.12]]]}},{"type":"Feature","properties":{"id":100,"base_y":15.81,"height":9.7,"tipo":"edificio","plantas":2,"medianeras":[7,11]},"geometry":{"type":"Polygon","coordinates":[[[-62.99,266.93],[-60.47,267.67],[-60.11,266.47],[-57.08,267.36],[-57.35,268.27],[-55.93,268.69],[-55.66,267.78],[-50.29,269.37],[-53.38,278.6],[-62.34,275.92],[-61.42,273.11],[-64.73,272.12],[-62.99,266.93]]]}},{"type":"Feature","properties":{"id":101,"base_y":15.92,"height":7.38,"tipo":"edificio","plantas":2,"medianeras":[1]},"geometry":{"type":"Polygon","coordinates":[[[104.37,272.67],[92.61,271.45],[95.16,262.81],[106.78,263.06],[104.37,272.67]]]}},{"type":"Feature","properties":{"id":102,"base_y":16.76,"height":6.24,"tipo":"edificio","plantas":1,"medianeras":[1,2]},"geometry":{"type":"Polygon","coordinates":[[[199.46,308.81],[189.86,305.09],[194.84,294.87],[203.41,299.18],[199.46,308.81]]]}},{"type":"Feature","properties":{"id":103,"base_y":7.13,"height":7.49,"tipo":"edificio","plantas":2,"medianeras":[1]},"geometry":{"type":"Polygon","coordinates":[[[-385.2,192.5],[-393.16,187.16],[-386.88,177.77],[-378.97,183.06],[-385.2,192.5]]]}},{"type":"Feature","properties":{"id":104,"base_y":16.36,"height":10.14,"tipo":"edificio","plantas":3,"medianeras":[0,1,2,3,5]},"geometry":{"type":"Polygon","coordinates":[[[189.59,326.37],[190.52,326.68],[194.09,319.12],[201.09,321.87],[197.96,333.12],[187.9,330.24],[189.59,326.37]]]}},{"type":"Feature","properties":{"id":105,"base_y":11.66,"height":9.86,"tipo":"edificio","plantas":2,"medianeras":[4,6,7]},"geometry":{"type":"Polygon","coordinates":[[[426.62,343.47],[423.02,347.15],[425.47,349.54],[426.08,349.09],[427.25,350.29],[421.52,356.18],[414.02,349.18],[422.73,339.92],[426.62,343.47]]]}},{"type":"Feature","properties":{"id":106,"base_y":16.15,"height":4.34,"tipo":"edificio","plantas":1,"medianeras":[1,2,3]},"geometry":{"type":"Polygon","coordinates":[[[386.84,439.65],[383.36,437.13],[383.77,436.35],[381.19,434.54],[383.83,429.35],[396.52,438.49],[394.02,443.74],[385.83,441.46],[386.84,439.65]]]}},{"type":"Feature","properties":{"id":107,"base_y":14.87,"height":5.33,"tipo":"edificio","plantas":1,"medianeras":[3]},"geometry":{"type":"Polygon","coordinates":[[[63.06,317.63],[57.17,337.31],[52.61,335.69],[58.02,316.26],[63.06,317.63]]]}},{"type":"Feature","properties":{"id":108,"base_y":16.82,"height":8.09,"tipo":"edificio","plantas":2,"medianeras":[0,2,3,4,6]},"geometry":{"type":"Polygon","coordinates":[[[275.53,317.81],[271.46,316.06],[264.85,314.17],[266.03,310.66],[266.78,310.94],[268.61,305.52],[279.28,308.74],[275.53,317.81]]]}},{"type":"Feature","properties":{"id":109,"base_y":7.04,"height":4.64,"tipo":"cobertizo","plantas":1,"medianeras":[3]},"geometry":{"type":"Polygon","coordinates":[[[-391.72,153.7],[-388.0,156.27],[-385.82,153.11],[-378.46,158.02],[-384.72,165.24],[-394.97,158.41],[-391.72,153.7]]]}},{"type":"Feature","properties":{"id":110,"base_y":15.58,"height":6.98,"tipo":"edificio","plantas":2,"medianeras":[1,3]},"geometry":{"type":"Polygon","coordinates":[[[-62.28,248.06],[-55.47,249.43],[-57.41,258.74],[-68.25,256.68],[-66.67,248.24],[-62.28,248.06]]]}},{"type":"Feature","properties":{"id":111,"base_y":15.78,"height":8.58,"tipo":"edificio","plantas":1,"medianeras":[0,1,5]},"geometry":{"type":"Polygon","coordinates":[[[400.34,420.31],[402.65,420.62],[404.05,412.7],[409.85,413.68],[407.9,427.68],[399.09,426.74],[400.34,420.31]]]}},{"type":"Feature","properties":{"id":112,"base_y":15.83,"height":4.42,"tipo":"edificio","plantas":1,"medianeras":[1,5]},"geometry":{"type":"Polygon","coordinates":[[[112.71,347.93],[103.52,344.87],[108.13,331.78],[110.83,332.53],[109.63,336.87],[115.52,338.49],[112.71,347.93]]]}},{"type":"Feature","properties":{"id":113,"base_y":16.48,"height":6.83,"tipo":"edificio","plantas":2,"medianeras":[3]},"geometry":{"type":"Polygon","coordinates":[[[356.88,389.46],[363.81,393.98],[364.33,393.25],[365.57,394.05],[360.09,403.93],[351.77,398.49],[356.88,389.46]]]}},{"type":"Feature","properties":{"id":114,"base_y":15.12,"height":9.04,"tipo":"edificio","plantas":2,"medianeras":[0,2]},"geometry":{"type":"Polygon","coordinates":[[[212.03,243.62],[207.75,256.27],[200.19,253.59],[204.16,241.74],[212.03,243.62]]]}},{"type":"Feature","properties":{"id":115,"base_y":16.31,"height":9.54,"tipo":"edificio","plantas":3,"medianeras":[3]},"geometry":{"type":"Polygon","coordinates":[[[201.09,321.87],[210.46,325.56],[205.96,335.43],[197.96,333.12],[201.09,321.87]]]}},{"type":"Feature","properties":{"id":116,"base_y":15.38,"height":6.83,"tipo":"edificio","plantas":1,"medianeras":[3]},"geometry":{"type":"Polygon","coordinates":[[[-80.39,274.5],[-83.34,283.18],[-94.16,280.06],[-91.47,271.57],[-80.39,274.5]]]}},{"type":"Feature","properties":{"id":117,"base_y":16.45,"height":8.14,"tipo":"edificio","plantas":2,"medianeras":[1,4]},"geometry":{"type":"Polygon","coordinates":[[[231.34,293.74],[232.02,303.1],[223.9,303.76],[223.6,297.48],[220.64,297.04],[222.78,290.49],[231.34,293.74]]]}},{"type":"Feature","properties":{"id":118,"base_y":16.63,"height":6.01,"tipo":"edificio","plantas":1,"medianeras":[2,3,5,6,7,8]},"geometry":{"type":"Polygon","coordinates":[[[222.7,303.76],[222.45,301.3],[223.78,301.13],[223.9,303.76],[232.02,303.1],[232.53,310.06],[224.16,310.87],[224.09,309.62],[220.16,310.12],[216.46,309.87],[218.35,304.08],[222.7,303.76]]]}},{"type":"Feature","properties":{"id":119,"base_y":7.52,"height":8.54,"tipo":"edificio","plantas":1,"medianeras":[2,3,4]},"geometry":{"type":"Polygon","coordinates":[[[-324.97,171.61],[-333.84,181.04],[-336.67,178.35],[-334.05,175.57],[-338.27,171.55],[-332.09,164.93],[-329.02,167.81],[-330.25,169.12],[-329.27,170.05],[-328.03,168.74],[-324.97,171.61]]]}},{"type":"Feature","properties":{"id":120,"base_y":15.06,"height":5.71,"tipo":"edificio","plantas":1,"medianeras":[1,3]},"geometry":{"type":"Polygon","coordinates":[[[191.41,254.58],[183.99,252.18],[187.85,240.81],[195.78,241.24],[191.41,254.58]]]}},{"type":"Feature","properties":{"id":121,"base_y":16.15,"height":11.91,"tipo":"edificio","plantas":3,"medianeras":[0,1,5]},"geometry":{"type":"Polygon","coordinates":[[[209.8,342.97],[213.21,344.11],[213.69,342.68],[222.07,345.45],[218.93,353.9],[207.7,349.31],[209.8,342.97]]]}},{"type":"Feature","properties":{"id":122,"base_y":14.97,"height":8.12,"tipo":"edificio","plantas":2,"medianeras":[3]},"geometry":{"type":"Polygon","coordinates":[[[301.7,389.58],[310.59,394.4],[305.31,403.29],[297.21,398.99],[301.7,389.58]]]}},{"type":"Feature","properties":{"id":123,"base_y":16.73,"height":7.45,"tipo":"edificio","plantas":2,"medianeras":[0,1,3,5]},"geometry":{"type":"Polygon","coordinates":[[[189.53,292.74],[184.65,290.79],[186.5,285.75],[183.36,284.7],[185.96,276.87],[194.21,279.68],[189.53,292.74]]]}},{"type":"Feature","properties":{"id":124,"base_y":16.57,"height":9.94,"tipo":"edificio","plantas":2,"medianeras":[0,1]},"geometry":{"type":"Polygon","coordinates":[[[179.46,275.31],[175.96,287.84],[168.61,286.05],[171.96,273.49],[179.46,275.31]]]}},{"type":"Feature","properties":{"id":125,"base_y":16.44,"height":8.51,"tipo":"edificio","plantas":2,"medianeras":[2,3,4]},"geometry":{"type":"Polygon","coordinates":[[[309.4,360.06],[311.05,344.97],[312.46,345.11],[312.18,347.49],[318.28,348.09],[316.77,360.81],[309.4,360.06]]]}},{"type":"Feature","properties":{"id":126,"base_y":15.47,"height":10.98,"tipo":"edificio","plantas":3,"medianeras":[10]},"geometry":{"type":"Polygon","coordinates":[[[-71.35,256.09],[-70.95,254.04],[-73.78,253.25],[-73.8,255.63],[-83.72,253.74],[-83.22,248.93],[-77.05,248.67],[-76.84,249.74],[-75.43,249.96],[-74.58,248.57],[-66.67,248.24],[-68.25,256.68],[-71.35,256.09]]]}},{"type":"Feature","properties":{"id":127,"base_y":16.72,"height":8.99,"tipo":"edificio","plantas":2,"medianeras":[0]},"geometry":{"type":"Polygon","coordinates":[[[277.39,361.98],[273.76,370.53],[270.89,369.71],[271.19,368.76],[268.79,368.07],[267.47,372.18],[263.63,371.08],[268.02,359.37],[277.39,361.98]]]}},{"type":"Feature","properties":{"id":128,"base_y":8.72,"height":7.44,"tipo":"edificio","plantas":2,"medianeras":[2,3,4]},"geometry":{"type":"Polygon","coordinates":[[[466.53,417.14],[463.31,416.16],[462.69,418.91],[459.96,418.09],[460.71,415.13],[457.54,414.15],[459.52,404.93],[468.84,407.99],[466.53,417.14]]]}},{"type":"Feature","properties":{"id":129,"base_y":14.93,"height":8.88,"tipo":"edificio","plantas":2,"medianeras":[4,6]},"geometry":{"type":"Polygon","coordinates":[[[388.84,369.87],[384.21,368.87],[380.65,366.07],[382.12,364.49],[381.26,363.82],[387.09,357.56],[395.03,363.97],[388.84,369.87]]]}},{"type":"Feature","properties":{"id":130,"base_y":15.61,"height":9.66,"tipo":"edificio","plantas":3,"medianeras":[0,3]},"geometry":{"type":"Polygon","coordinates":[[[240.09,383.81],[231.75,378.61],[237.02,370.12],[245.4,375.31],[240.09,383.81]]]}},{"type":"Feature","properties":{"id":131,"base_y":15.98,"height":8.3,"tipo":"edificio","plantas":2,"medianeras":[]},"geometry":{"type":"Polygon","coordinates":[[[115.03,263.31],[124.71,264.99],[122.28,274.39],[112.04,272.0],[114.16,263.93],[115.03,263.31]]]}},{"type":"Feature","properties":{"id":132,"base_y":15.84,"height":9.67,"tipo":"edificio","plantas":2,"medianeras":[1,2,4]},"geometry":{"type":"Polygon","coordinates":[[[360.9,433.37],[366.4,423.24],[364.02,421.43],[366.52,416.93],[373.09,421.62],[365.27,435.74],[360.9,433.37]]]}},{"type":"Feature","properties":{"id":133,"base_y":16.57,"height":6.04,"tipo":"edificio","plantas":2,"medianeras":[1,4]},"geometry":{"type":"Polygon","coordinates":[[[225.16,324.12],[226.37,310.66],[232.53,310.06],[232.41,320.12],[231.16,326.18],[225.16,324.12]]]}},{"type":"Feature","properties":{"id":134,"base_y":16.1,"height":10.69,"tipo":"edificio","plantas":3,"medianeras":[1,2,3,4]},"geometry":{"type":"Polygon","coordinates":[[[66.41,305.62],[63.7,315.32],[55.28,312.81],[56.59,308.74],[55.09,308.37],[56.59,302.74],[66.41,305.62]]]}},{"type":"Feature","properties":{"id":135,"base_y":3.95,"height":5.31,"tipo":"edificio","plantas":1,"medianeras":[]},"geometry":{"type":"Polygon","coordinates":[[[-489.33,177.74],[-486.73,170.29],[-475.54,173.67],[-477.74,181.5],[-489.33,177.74]]]}},{"type":"Feature","properties":{"id":136,"base_y":16.42,"height":8.04,"tipo":"edificio","plantas":2,"medianeras":[1,5]},"geometry":{"type":"Polygon","coordinates":[[[117.22,332.74],[108.63,330.37],[112.34,319.81],[117.65,321.12],[117.46,321.89],[120.24,322.58],[117.22,332.74]]]}},{"type":"Feature","properties":{"id":137,"base_y":15.13,"height":7.16,"tipo":"edificio","plantas":2,"medianeras":[2]},"geometry":{"type":"Polygon","coordinates":[[[94.1,240.99],[92.35,257.24],[85.46,257.71],[85.2,252.23],[88.22,252.06],[88.66,241.25],[94.1,240.99]]]}},{"type":"Feature","properties":{"id":138,"base_y":11.4,"height":9.37,"tipo":"edificio","plantas":1,"medianeras":[0]},"geometry":{"type":"Polygon","coordinates":[[[114.21,353.37],[112.55,359.81],[98.79,355.9],[100.39,349.59],[114.21,353.37]]]}},{"type":"Feature","properties":{"id":139,"base_y":16.47,"height":10.36,"tipo":"edificio","plantas":3,"medianeras":[1,3]},"geometry":{"type":"Polygon","coordinates":[[[252.96,352.06],[246.52,349.49],[251.31,336.89],[257.84,339.15],[252.96,352.06]]]}},{"type":"Feature","properties":{"id":140,"base_y":12.18,"height":7.73,"tipo":"edificio","plantas":2,"medianeras":[1,3]},"geometry":{"type":"Polygon","coordinates":[[[368.9,302.04],[361.28,298.4],[366.28,289.81],[375.78,294.12],[368.9,302.04]]]}},{"type":"Feature","properties":{"id":141,"base_y":16.31,"height":7.67,"tipo":"edificio","plantas":2,"medianeras":[0,6,7]},"geometry":{"type":"Polygon","coordinates":[[[395.03,419.09],[393.9,426.12],[385.31,420.49],[386.24,419.06],[384.19,417.72],[383.26,419.14],[380.09,417.06],[383.6,411.59],[395.03,419.09]]]}},{"type":"Feature","properties":{"id":142,"base_y":14.92,"height":7.06,"tipo":"edificio","plantas":2,"medianeras":[0]},"geometry":{"type":"Polygon","coordinates":[[[36.59,325.62],[40.23,316.45],[49.1,320.58],[44.77,329.56],[36.59,325.62]]]}},{"type":"Feature","properties":{"id":143,"base_y":7.1,"height":4.03,"tipo":"edificio","plantas":1,"medianeras":[]},"geometry":{"type":"Polygon","coordinates":[[[-346.29,170.24],[-341.4,174.91],[-350.09,184.24],[-356.45,181.18],[-346.29,170.24]]]}},{"type":"Feature","properties":{"id":144,"base_y":11.66,"height":4.0,"tipo":"cobertizo","plantas":1,"medianeras":[0,3]},"geometry":{"type":"Polygon","coordinates":[[[397.0,320.6],[407.63,308.78],[412.71,311.19],[401.28,324.37],[397.0,320.6]]]}},{"type":"Feature","properties":{"id":145,"base_y":15.31,"height":7.73,"tipo":"edificio","plantas":1,"medianeras":[0,1,2,3,4,7]},"geometry":{"type":"Polygon","coordinates":[[[337.78,411.92],[339.23,409.89],[346.31,414.93],[344.28,418.75],[339.03,416.0],[336.59,420.45],[330.46,417.18],[334.31,409.7],[337.78,411.92]]]}},{"type":"Feature","properties":{"id":146,"base_y":15.2,"height":6.95,"tipo":"edificio","plantas":2,"medianeras":[1,4,5]},"geometry":{"type":"Polygon","coordinates":[[[395.64,347.53],[388.74,354.93],[384.5,351.59],[395.66,339.62],[400.44,343.22],[396.1,347.89],[395.64,347.53]]]}},{"type":"Feature","properties":{"id":147,"base_y":16.07,"height":7.91,"tipo":"edificio","plantas":2,"medianeras":[0,1]},"geometry":{"type":"Polygon","coordinates":[[[242.39,279.65],[250.11,282.27],[246.66,292.56],[239.46,290.87],[239.09,289.43],[242.39,279.65]]]}},{"type":"Feature","properties":{"id":148,"base_y":15.05,"height":7.51,"tipo":"edificio","plantas":2,"medianeras":[0,1,3,5]},"geometry":{"type":"Polygon","coordinates":[[[200.61,252.33],[194.57,251.29],[193.64,253.71],[191.87,253.18],[195.78,241.24],[204.16,241.74],[200.61,252.33]]]}},{"type":"Feature","properties":{"id":149,"base_y":15.13,"height":11.33,"tipo":"edificio","plantas":3,"medianeras":[2,3,4,5,6,7]},"geometry":{"type":"Polygon","coordinates":[[[77.19,243.29],[83.68,242.98],[84.14,252.57],[81.64,252.69],[81.7,253.94],[78.7,254.08],[78.53,250.34],[74.29,250.54],[74.1,241.93],[77.11,241.79],[77.19,243.29]]]}},{"type":"Feature","properties":{"id":150,"base_y":12.91,"height":6.33,"tipo":"edificio","plantas":1,"medianeras":[]},"geometry":{"type":"Polygon","coordinates":[[[403.59,402.12],[410.15,391.18],[412.02,386.87],[415.93,388.34],[407.33,406.97],[404.84,406.53],[405.65,402.68],[403.59,402.12]]]}},{"type":"Feature","properties":{"id":151,"base_y":16.86,"height":6.57,"tipo":"edificio","plantas":2,"medianeras":[4,5,6,7]},"geometry":{"type":"Polygon","coordinates":[[[271.52,345.49],[276.27,333.26],[280.81,335.11],[276.64,346.65],[278.12,346.92],[277.4,352.31],[272.27,351.24],[274.21,346.12],[271.52,345.49]]]}},{"type":"Feature","properties":{"id":152,"base_y":15.88,"height":7.44,"tipo":"edificio","plantas":2,"medianeras":[0,4]},"geometry":{"type":"Polygon","coordinates":[[[300.03,307.99],[303.96,297.99],[308.92,299.54],[307.29,304.54],[312.63,306.24],[310.78,311.31],[300.03,307.99]]]}},{"type":"Feature","properties":{"id":153,"base_y":15.67,"height":6.7,"tipo":"edificio","plantas":1,"medianeras":[0,1,2]},"geometry":{"type":"Polygon","coordinates":[[[-32.14,296.74],[-27.6,283.39],[-21.72,285.51],[-26.27,298.81],[-32.14,296.74]]]}},{"type":"Feature","properties":{"id":154,"base_y":13.09,"height":9.62,"tipo":"edificio","plantas":2,"medianeras":[0,2]},"geometry":{"type":"Polygon","coordinates":[[[205.15,385.12],[209.15,376.43],[214.77,367.2],[218.88,369.45],[214.42,376.64],[212.09,377.65],[208.84,383.76],[211.58,384.99],[213.74,384.76],[212.09,387.62],[205.15,385.12]]]}},{"type":"Feature","properties":{"id":155,"base_y":16.38,"height":7.46,"tipo":"edificio","plantas":2,"medianeras":[1,3]},"geometry":{"type":"Polygon","coordinates":[[[173.52,256.87],[181.54,259.39],[178.21,269.18],[170.16,266.74],[173.52,256.87]]]}},{"type":"Feature","properties":{"id":156,"base_y":12.47,"height":8.44,"tipo":"edificio","plantas":1,"medianeras":[0,1,2]},"geometry":{"type":"Polygon","coordinates":[[[386.91,305.6],[392.04,308.36],[381.57,320.18],[377.37,316.59],[386.91,305.6]]]}},{"type":"Feature","properties":{"id":157,"base_y":16.17,"height":8.29,"tipo":"edificio","plantas":2,"medianeras":[1,2]},"geometry":{"type":"Polygon","coordinates":[[[336.21,325.99],[343.14,318.96],[348.81,325.22],[342.46,332.56],[336.21,325.99]]]}},{"type":"Feature","properties":{"id":158,"base_y":15.09,"height":9.37,"tipo":"edificio","plantas":2,"medianeras":[0,1,2,3]},"geometry":{"type":"Polygon","coordinates":[[[58.99,242.61],[59.08,245.01],[62.75,244.83],[63.16,255.74],[58.89,255.96],[58.81,253.46],[55.32,253.63],[54.99,242.81],[58.99,242.61]]]}},{"type":"Feature","properties":{"id":159,"base_y":16.2,"height":7.58,"tipo":"edificio","plantas":2,"medianeras":[0,2]},"geometry":{"type":"Polygon","coordinates":[[[354.91,330.62],[348.03,338.37],[342.46,332.56],[349.31,324.65],[354.91,330.62]]]}},{"type":"Feature","properties":{"id":160,"base_y":15.57,"height":4.95,"tipo":"edificio","plantas":1,"medianeras":[0,2]},"geometry":{"type":"Polygon","coordinates":[[[247.67,263.92],[260.21,268.36],[258.16,274.31],[245.66,269.93],[247.67,263.92]]]}},{"type":"Feature","properties":{"id":161,"base_y":16.32,"height":7.89,"tipo":"edificio","plantas":2,"medianeras":[0,1,2,5]},"geometry":{"type":"Polygon","coordinates":[[[336.07,346.03],[330.51,341.41],[330.06,345.39],[325.46,344.79],[327.09,332.31],[336.71,340.93],[336.07,346.03]]]}},{"type":"Feature","properties":{"id":162,"base_y":14.99,"height":7.59,"tipo":"edificio","plantas":2,"medianeras":[0,1,2]},"geometry":{"type":"Polygon","coordinates":[[[-118.22,253.37],[-120.37,262.14],[-129.44,260.14],[-127.3,251.57],[-118.22,253.37]]]}},{"type":"Feature","properties":{"id":163,"base_y":4.28,"height":4.81,"tipo":"edificio","plantas":1,"medianeras":[3]},"geometry":{"type":"Polygon","coordinates":[[[-553.02,132.28],[-550.56,126.43],[-538.58,131.49],[-541.05,137.34],[-553.02,132.28]]]}},{"type":"Feature","properties":{"id":164,"base_y":13.76,"height":9.98,"tipo":"edificio","plantas":2,"medianeras":[0,1,2,3,4,5,13]},"geometry":{"type":"Polygon","coordinates":[[[236.06,381.29],[229.9,391.18],[227.61,389.78],[225.93,393.65],[232.51,395.31],[233.46,393.34],[234.65,394.07],[233.17,397.36],[223.21,395.06],[225.89,389.11],[226.64,389.58],[229.1,385.37],[228.9,383.22],[231.75,378.61],[236.06,381.29]]]}},{"type":"Feature","properties":{"id":165,"base_y":11.74,"height":9.45,"tipo":"edificio","plantas":1,"medianeras":[1,2,3]},"geometry":{"type":"Polygon","coordinates":[[[397.45,333.38],[391.09,327.39],[397.0,320.6],[403.84,326.62],[397.45,333.38]]]}},{"type":"Feature","properties":{"id":166,"base_y":16.34,"height":7.81,"tipo":"edificio","plantas":2,"medianeras":[0,2]},"geometry":{"type":"Polygon","coordinates":[[[87.8,331.21],[95.21,316.31],[100.01,317.3],[95.93,327.01],[94.41,326.69],[93.65,331.9],[87.8,331.21]]]}},{"type":"Feature","properties":{"id":167,"base_y":15.95,"height":7.82,"tipo":"edificio","plantas":2,"medianeras":[1,3]},"geometry":{"type":"Polygon","coordinates":[[[354.91,330.62],[360.25,336.31],[353.46,344.12],[348.03,338.37],[354.91,330.62]]]}},{"type":"Feature","properties":{"id":168,"base_y":9.27,"height":9.53,"tipo":"edificio","plantas":2,"medianeras":[3,4]},"geometry":{"type":"Polygon","coordinates":[[[460.42,441.42],[456.21,441.24],[456.36,446.96],[450.55,447.01],[450.46,436.68],[461.52,436.93],[460.42,441.42]]]}},{"type":"Feature","properties":{"id":169,"base_y":14.93,"height":6.71,"tipo":"edificio","plantas":2,"medianeras":[0]},"geometry":{"type":"Polygon","coordinates":[[[362.91,313.49],[367.0,316.48],[356.41,328.93],[352.96,325.18],[362.91,313.49]]]}},{"type":"Feature","properties":{"id":170,"base_y":15.29,"height":10.49,"tipo":"edificio","plantas":3,"medianeras":[1,3]},"geometry":{"type":"Polygon","coordinates":[[[161.94,348.21],[155.62,345.19],[159.77,335.06],[166.59,337.93],[161.94,348.21]]]}},{"type":"Feature","properties":{"id":171,"base_y":15.07,"height":10.96,"tipo":"edificio","plantas":3,"medianeras":[0,1,3]},"geometry":{"type":"Polygon","coordinates":[[[207.26,364.51],[199.79,361.84],[204.1,353.0],[212.02,355.81],[207.26,364.51]]]}},{"type":"Feature","properties":{"id":172,"base_y":15.89,"height":8.34,"tipo":"edificio","plantas":2,"medianeras":[0,1,3]},"geometry":{"type":"Polygon","coordinates":[[[181.47,259.6],[188.96,262.07],[185.84,271.56],[178.21,269.18],[181.47,259.6]]]}},{"type":"Feature","properties":{"id":173,"base_y":15.86,"height":8.35,"tipo":"edificio","plantas":2,"medianeras":[1,3]},"geometry":{"type":"Polygon","coordinates":[[[196.56,264.45],[204.18,266.83],[200.97,276.31],[193.41,273.87],[196.56,264.45]]]}},{"type":"Feature","properties":{"id":174,"base_y":14.38,"height":8.21,"tipo":"edificio","plantas":2,"medianeras":[3]},"geometry":{"type":"Polygon","coordinates":[[[287.6,262.81],[292.53,264.37],[286.17,278.69],[281.42,276.77],[287.6,262.81]]]}},{"type":"Feature","properties":{"id":175,"base_y":15.12,"height":7.52,"tipo":"edificio","plantas":2,"medianeras":[1,2,4]},"geometry":{"type":"Polygon","coordinates":[[[142.72,261.68],[146.29,251.45],[150.29,252.36],[150.91,250.31],[153.44,251.02],[149.6,262.93],[142.72,261.68]]]}},{"type":"Feature","properties":{"id":176,"base_y":16.01,"height":7.53,"tipo":"edificio","plantas":1,"medianeras":[0,1,2,5,7]},"geometry":{"type":"Polygon","coordinates":[[[345.4,373.81],[346.46,374.43],[343.07,380.07],[338.53,377.15],[341.07,372.64],[338.4,371.18],[340.57,367.35],[349.27,367.37],[345.4,373.81]]]}},{"type":"Feature","properties":{"id":177,"base_y":15.72,"height":8.02,"tipo":"edificio","plantas":2,"medianeras":[0,1,3,4,5,9,11]},"geometry":{"type":"Polygon","coordinates":[[[361.46,419.93],[360.15,418.93],[362.71,414.18],[366.52,416.93],[364.02,421.43],[366.4,423.24],[364.62,426.52],[362.34,425.01],[360.96,427.54],[361.82,428.08],[359.4,432.57],[355.77,430.62],[361.46,419.93]]]}},{"type":"Feature","properties":{"id":178,"base_y":11.52,"height":3.17,"tipo":"edificio","plantas":1,"medianeras":[2,3]},"geometry":{"type":"Polygon","coordinates":[[[435.77,332.16],[436.01,333.89],[426.62,343.47],[422.73,339.92],[432.58,329.42],[435.77,332.16]]]}},{"type":"Feature","properties":{"id":179,"base_y":15.51,"height":9.62,"tipo":"edificio","plantas":3,"medianeras":[0,1,4]},"geometry":{"type":"Polygon","coordinates":[[[255.21,381.31],[252.78,385.67],[245.81,381.65],[243.44,385.8],[240.09,383.81],[245.4,375.31],[255.21,381.31]]]}},{"type":"Feature","properties":{"id":180,"base_y":16.64,"height":4.31,"tipo":"edificio","plantas":1,"medianeras":[3]},"geometry":{"type":"Polygon","coordinates":[[[113.75,287.34],[111.36,297.0],[114.99,297.95],[114.2,300.75],[105.5,297.07],[108.42,285.76],[113.75,287.34]]]}},{"type":"Feature","properties":{"id":181,"base_y":13.36,"height":8.09,"tipo":"edificio","plantas":2,"medianeras":[0,2]},"geometry":{"type":"Polygon","coordinates":[[[349.9,433.06],[347.19,437.57],[334.33,430.74],[336.9,426.18],[349.9,433.06]]]}},{"type":"Feature","properties":{"id":182,"base_y":7.59,"height":9.03,"tipo":"edificio","plantas":1,"medianeras":[2]},"geometry":{"type":"Polygon","coordinates":[[[-367.14,144.97],[-360.97,137.87],[-355.02,143.45],[-361.19,150.56],[-367.14,144.97]]]}},{"type":"Feature","properties":{"id":183,"base_y":14.69,"height":7.72,"tipo":"edificio","plantas":2,"medianeras":[0,1,2]},"geometry":{"type":"Polygon","coordinates":[[[398.52,384.24],[394.06,392.39],[386.96,388.51],[391.57,380.08],[398.52,384.24]]]}},{"type":"Feature","properties":{"id":184,"base_y":13.37,"height":10.67,"tipo":"edificio","plantas":3,"medianeras":[0,1,7]},"geometry":{"type":"Polygon","coordinates":[[[325.71,285.0],[326.38,282.8],[323.08,281.8],[325.22,276.79],[328.08,277.66],[328.4,276.64],[334.91,278.62],[332.01,286.91],[325.71,285.0]]]}},{"type":"Feature","properties":{"id":185,"base_y":16.77,"height":8.12,"tipo":"edificio","plantas":2,"medianeras":[1,3]},"geometry":{"type":"Polygon","coordinates":[[[286.89,373.33],[277.96,370.85],[281.27,363.06],[289.77,365.43],[286.89,373.33]]]}},{"type":"Feature","properties":{"id":186,"base_y":14.28,"height":8.07,"tipo":"edificio","plantas":2,"medianeras":[0]},"geometry":{"type":"Polygon","coordinates":[[[391.02,367.81],[398.86,360.29],[404.22,365.97],[398.52,371.81],[391.02,367.81]]]}},{"type":"Feature","properties":{"id":187,"base_y":12.74,"height":6.53,"tipo":"edificio","plantas":2,"medianeras":[0,2]},"geometry":{"type":"Polygon","coordinates":[[[197.09,383.43],[201.88,374.33],[209.04,376.68],[205.15,385.12],[197.09,383.43]]]}},{"type":"Feature","properties":{"id":188,"base_y":16.46,"height":7.7,"tipo":"edificio","plantas":2,"medianeras":[0,2]},"geometry":{"type":"Polygon","coordinates":[[[287.34,292.9],[284.09,303.06],[277.09,300.87],[280.73,290.95],[287.34,292.9]]]}},{"type":"Feature","properties":{"id":189,"base_y":7.95,"height":8.74,"tipo":"edificio","plantas":1,"medianeras":[0,2]},"geometry":{"type":"Polygon","coordinates":[[[-361.19,150.56],[-355.02,143.45],[-349.09,148.99],[-355.51,155.89],[-361.19,150.56]]]}},{"type":"Feature","properties":{"id":190,"base_y":14.14,"height":8.38,"tipo":"edificio","plantas":2,"medianeras":[0,1]},"geometry":{"type":"Polygon","coordinates":[[[306.34,413.0],[289.4,402.8],[290.59,399.68],[295.52,402.12],[308.59,409.99],[306.34,413.0]]]}},{"type":"Feature","properties":{"id":191,"base_y":13.25,"height":9.91,"tipo":"edificio","plantas":2,"medianeras":[0,4,5,6]},"geometry":{"type":"Polygon","coordinates":[[[284.52,396.68],[281.08,405.97],[277.19,404.12],[276.33,405.99],[274.09,404.87],[276.84,397.99],[276.34,397.81],[278.21,393.56],[284.52,396.68]]]}},{"type":"Feature","properties":{"id":192,"base_y":10.41,"height":8.63,"tipo":"edificio","plantas":1,"medianeras":[2]},"geometry":{"type":"Polygon","coordinates":[[[178.82,373.76],[176.77,378.74],[162.4,376.49],[164.39,371.72],[178.82,373.76]]]}},{"type":"Feature","properties":{"id":193,"base_y":15.25,"height":8.15,"tipo":"edificio","plantas":2,"medianeras":[0,1]},"geometry":{"type":"Polygon","coordinates":[[[282.21,390.99],[288.29,379.21],[293.11,381.34],[287.29,393.7],[282.21,390.99]]]}},{"type":"Feature","properties":{"id":194,"base_y":12.92,"height":6.44,"tipo":"edificio","plantas":1,"medianeras":[4,5,6,8]},"geometry":{"type":"Polygon","coordinates":[[[369.32,447.81],[368.97,449.17],[364.12,447.96],[364.52,446.52],[363.16,446.23],[363.77,444.12],[360.97,443.24],[362.84,439.93],[374.15,442.81],[372.44,448.51],[369.32,447.81]]]}},{"type":"Feature","properties":{"id":195,"base_y":16.03,"height":7.77,"tipo":"edificio","plantas":2,"medianeras":[0,2,4,5]},"geometry":{"type":"Polygon","coordinates":[[[59.81,285.87],[61.92,280.03],[65.84,281.57],[62.41,291.87],[53.34,289.06],[55.11,284.17],[59.81,285.87]]]}},{"type":"Feature","properties":{"id":196,"base_y":16.62,"height":11.38,"tipo":"edificio","plantas":3,"medianeras":[0,1,2,3,4,5,6,7,8,9,10,11]},"geometry":{"type":"Polygon","coordinates":[[[225.16,324.12],[226.8,324.69],[223.92,333.12],[222.17,332.46],[221.28,334.76],[219.24,333.99],[218.73,335.29],[214.06,333.75],[216.28,327.81],[221.22,329.0],[223.27,323.27],[225.28,323.68],[225.16,324.12]]]}},{"type":"Feature","properties":{"id":197,"base_y":8.26,"height":9.58,"tipo":"edificio","plantas":1,"medianeras":[0,2]},"geometry":{"type":"Polygon","coordinates":[[[211.77,394.68],[208.96,404.18],[201.65,401.99],[204.34,393.12],[211.77,394.68]]]}},{"type":"Feature","properties":{"id":198,"base_y":11.37,"height":9.01,"tipo":"edificio","plantas":1,"medianeras":[2]},"geometry":{"type":"Polygon","coordinates":[[[133.77,358.81],[131.91,365.3],[121.48,362.34],[123.34,355.93],[133.77,358.81]]]}},{"type":"Feature","properties":{"id":199,"base_y":15.29,"height":10.51,"tipo":"edificio","plantas":3,"medianeras":[0,1,3]},"geometry":{"type":"Polygon","coordinates":[[[221.67,370.95],[214.77,367.2],[219.71,359.06],[226.27,362.93],[221.67,370.95]]]}},{"type":"Feature","properties":{"id":200,"base_y":16.03,"height":5.25,"tipo":"edificio","plantas":2,"medianeras":[0,2]},"geometry":{"type":"Polygon","coordinates":[[[318.02,381.87],[314.88,387.17],[305.79,381.01],[308.71,374.87],[318.02,381.87]]]}},{"type":"Feature","properties":{"id":201,"base_y":15.94,"height":8.35,"tipo":"edificio","plantas":2,"medianeras":[1,2,7]},"geometry":{"type":"Polygon","coordinates":[[[188.76,262.65],[196.38,264.98],[193.41,273.87],[192.54,273.61],[192.83,272.65],[190.82,272.04],[190.53,273.0],[185.84,271.56],[188.76,262.65]]]}},{"type":"Feature","properties":{"id":202,"base_y":15.08,"height":8.43,"tipo":"edificio","plantas":1,"medianeras":[0,1,2,3]},"geometry":{"type":"Polygon","coordinates":[[[310.27,394.94],[313.07,390.21],[324.4,396.93],[321.48,401.6],[310.27,394.94]]]}},{"type":"Feature","properties":{"id":203,"base_y":16.47,"height":3.97,"tipo":"edificio","plantas":1,"medianeras":[]},"geometry":{"type":"Polygon","coordinates":[[[318.3,324.51],[323.4,329.05],[322.11,340.0],[316.64,339.39],[318.3,324.51]]]}},{"type":"Feature","properties":{"id":204,"base_y":15.77,"height":9.9,"tipo":"edificio","plantas":3,"medianeras":[0,1]},"geometry":{"type":"Polygon","coordinates":[[[228.61,374.65],[221.67,370.95],[226.27,362.93],[233.09,366.93],[228.61,374.65]]]}},{"type":"Feature","properties":{"id":205,"base_y":14.55,"height":8.57,"tipo":"edificio","plantas":2,"medianeras":[0,1,2]},"geometry":{"type":"Polygon","coordinates":[[[-127.3,251.57],[-129.57,260.68],[-138.4,258.47],[-136.47,251.56],[-131.31,252.85],[-130.95,251.45],[-127.3,251.57]]]}},{"type":"Feature","properties":{"id":206,"base_y":16.01,"height":4.64,"tipo":"edificio","plantas":1,"medianeras":[1,3]},"geometry":{"type":"Polygon","coordinates":[[[87.34,263.56],[95.16,262.81],[91.98,273.56],[86.15,274.12],[87.34,263.56]]]}},{"type":"Feature","properties":{"id":207,"base_y":16.67,"height":7.37,"tipo":"edificio","plantas":2,"medianeras":[0]},"geometry":{"type":"Polygon","coordinates":[[[250.3,309.0],[253.66,299.12],[260.34,302.37],[257.16,311.06],[250.3,309.0]]]}},{"type":"Feature","properties":{"id":208,"base_y":16.41,"height":5.75,"tipo":"edificio","plantas":1,"medianeras":[0,1,2,3,4,5]},"geometry":{"type":"Polygon","coordinates":[[[209.08,328.59],[210.46,325.56],[212.87,316.31],[217.68,317.99],[216.28,322.49],[216.28,327.81],[215.21,330.67],[209.08,328.59]]]}},{"type":"Feature","properties":{"id":209,"base_y":16.75,"height":11.84,"tipo":"edificio","plantas":3,"medianeras":[0,1,2,4]},"geometry":{"type":"Polygon","coordinates":[[[283.77,352.37],[285.6,347.25],[291.48,347.85],[290.34,358.12],[283.27,357.43],[283.77,352.37]]]}},{"type":"Feature","properties":{"id":210,"base_y":16.37,"height":7.28,"tipo":"edificio","plantas":2,"medianeras":[1,2,3,5]},"geometry":{"type":"Polygon","coordinates":[[[77.71,285.81],[84.21,287.92],[82.21,293.43],[81.46,293.12],[79.71,297.99],[73.96,295.74],[77.71,285.81]]]}},{"type":"Feature","properties":{"id":211,"base_y":14.8,"height":4.9,"tipo":"edificio","plantas":1,"medianeras":[1,3]},"geometry":{"type":"Polygon","coordinates":[[[400.26,386.79],[410.15,391.18],[407.19,396.12],[395.74,389.29],[398.52,384.24],[400.93,385.68],[400.26,386.79]]]}},{"type":"Feature","properties":{"id":212,"base_y":15.94,"height":8.3,"tipo":"edificio","plantas":2,"medianeras":[2,3,4]},"geometry":{"type":"Polygon","coordinates":[[[354.59,345.13],[356.08,343.4],[354.94,342.42],[361.91,334.39],[366.16,338.06],[357.77,347.99],[354.59,345.13]]]}},{"type":"Feature","properties":{"id":213,"base_y":13.13,"height":6.65,"tipo":"edificio","plantas":1,"medianeras":[0,1,3,5]},"geometry":{"type":"Polygon","coordinates":[[[383.4,451.27],[373.6,448.8],[372.24,453.35],[371.09,452.99],[374.15,442.81],[384.77,445.87],[383.4,451.27]]]}},{"type":"Feature","properties":{"id":214,"base_y":11.37,"height":9.87,"tipo":"edificio","plantas":2,"medianeras":[2]},"geometry":{"type":"Polygon","coordinates":[[[-205.44,257.41],[-205.22,251.93],[-192.54,252.68],[-192.75,258.17],[-205.44,257.41]]]}},{"type":"Feature","properties":{"id":215,"base_y":14.79,"height":4.8,"tipo":"edificio","plantas":2,"medianeras":[0,3]},"geometry":{"type":"Polygon","coordinates":[[[396.1,347.89],[400.44,343.22],[407.96,348.87],[406.84,352.62],[404.68,354.7],[396.1,347.89]]]}},{"type":"Feature","properties":{"id":216,"base_y":16.5,"height":8.86,"tipo":"edificio","plantas":2,"medianeras":[3,4,5,6,7,8,9]},"geometry":{"type":"Polygon","coordinates":[[[228.2,329.0],[223.7,341.06],[212.59,337.68],[214.06,333.75],[218.73,335.29],[218.19,336.68],[223.04,338.21],[224.81,333.45],[223.92,333.12],[226.8,324.69],[228.99,325.44],[228.2,329.0]]]}},{"type":"Feature","properties":{"id":217,"base_y":16.3,"height":11.07,"tipo":"edificio","plantas":3,"medianeras":[0,1,3]},"geometry":{"type":"Polygon","coordinates":[[[323.54,359.42],[324.37,353.11],[335.03,354.17],[334.22,360.55],[323.54,359.42]]]}},{"type":"Feature","properties":{"id":218,"base_y":15.51,"height":8.5,"tipo":"edificio","plantas":2,"medianeras":[4,7]},"geometry":{"type":"Polygon","coordinates":[[[-31.0,254.87],[-31.02,249.26],[-28.23,249.12],[-28.35,246.72],[-20.14,246.31],[-19.9,251.38],[-24.39,251.33],[-24.46,254.54],[-31.0,254.87]]]}},{"type":"Feature","properties":{"id":219,"base_y":16.53,"height":11.19,"tipo":"edificio","plantas":3,"medianeras":[1,3]},"geometry":{"type":"Polygon","coordinates":[[[167.16,312.68],[173.46,314.3],[169.46,324.99],[164.16,323.49],[167.16,312.68]]]}},{"type":"Feature","properties":{"id":220,"base_y":16.74,"height":6.13,"tipo":"edificio","plantas":2,"medianeras":[1,3]},"geometry":{"type":"Polygon","coordinates":[[[298.25,324.76],[291.21,322.99],[293.46,313.24],[299.71,315.43],[298.25,324.76]]]}},{"type":"Feature","properties":{"id":221,"base_y":7.62,"height":3.53,"tipo":"edificio","plantas":1,"medianeras":[1,3]},"geometry":{"type":"Polygon","coordinates":[[[-399.99,121.89],[-406.53,131.29],[-411.3,127.97],[-404.76,118.57],[-399.99,121.89]]]}},{"type":"Feature","properties":{"id":222,"base_y":13.36,"height":9.3,"tipo":"edificio","plantas":2,"medianeras":[0,1]},"geometry":{"type":"Polygon","coordinates":[[[326.96,420.99],[323.62,426.84],[314.48,420.84],[317.71,416.12],[326.96,420.99]]]}},{"type":"Feature","properties":{"id":223,"base_y":16.69,"height":6.47,"tipo":"edificio","plantas":2,"medianeras":[3]},"geometry":{"type":"Polygon","coordinates":[[[291.38,348.71],[298.37,349.39],[297.27,358.81],[290.34,358.12],[291.38,348.71]]]}},{"type":"Feature","properties":{"id":224,"base_y":8.58,"height":3.71,"tipo":"edificio","plantas":1,"medianeras":[0,1,2,3,5]},"geometry":{"type":"Polygon","coordinates":[[[455.15,427.43],[457.54,414.15],[460.71,415.13],[459.96,418.09],[462.69,418.91],[460.58,427.64],[455.15,427.43]]]}},{"type":"Feature","properties":{"id":225,"base_y":13.97,"height":7.14,"tipo":"edificio","plantas":2,"medianeras":[6]},"geometry":{"type":"Polygon","coordinates":[[[-140.8,256.97],[-140.52,259.52],[-143.82,259.64],[-144.05,257.28],[-148.39,257.44],[-148.63,252.41],[-136.47,251.56],[-137.93,256.79],[-140.8,256.97]]]}},{"type":"Feature","properties":{"id":226,"base_y":13.25,"height":5.89,"tipo":"edificio","plantas":1,"medianeras":[1,2,3,4]},"geometry":{"type":"Polygon","coordinates":[[[361.06,306.17],[365.93,300.62],[368.9,302.04],[360.41,311.81],[353.61,307.14],[357.02,303.25],[361.06,306.17]]]}},{"type":"Feature","properties":{"id":227,"base_y":15.0,"height":6.86,"tipo":"edificio","plantas":1,"medianeras":[0,4]},"geometry":{"type":"Polygon","coordinates":[[[287.29,393.7],[289.64,388.72],[298.41,393.08],[298.96,391.77],[300.38,392.36],[297.21,398.99],[287.29,393.7]]]}},{"type":"Feature","properties":{"id":228,"base_y":16.46,"height":10.09,"tipo":"edificio","plantas":3,"medianeras":[1,2]},"geometry":{"type":"Polygon","coordinates":[[[239.72,346.73],[243.18,338.4],[249.78,340.92],[246.52,349.49],[239.72,346.73]]]}},{"type":"Feature","properties":{"id":229,"base_y":16.57,"height":7.77,"tipo":"edificio","plantas":2,"medianeras":[0,3]},"geometry":{"type":"Polygon","coordinates":[[[250.3,309.0],[244.59,307.37],[246.59,297.93],[253.66,299.12],[250.3,309.0]]]}},{"type":"Feature","properties":{"id":230,"base_y":8.76,"height":7.74,"tipo":"edificio","plantas":1,"medianeras":[1,2]},"geometry":{"type":"Polygon","coordinates":[[[445.3,420.7],[456.05,421.09],[455.15,427.43],[445.27,426.99],[445.3,420.7]]]}},{"type":"Feature","properties":{"id":231,"base_y":12.26,"height":12.9,"tipo":"edificio","plantas":3,"medianeras":[3]},"geometry":{"type":"Polygon","coordinates":[[[194.15,373.06],[198.51,374.42],[198.09,375.61],[200.63,376.68],[197.09,383.43],[189.84,381.74],[194.15,373.06]]]}},{"type":"Feature","properties":{"id":232,"base_y":16.7,"height":4.08,"tipo":"edificio","plantas":1,"medianeras":[1,2,4,5]},"geometry":{"type":"Polygon","coordinates":[[[194.21,279.68],[197.18,280.74],[195.14,286.01],[197.68,286.99],[194.84,294.87],[189.53,292.74],[194.21,279.68]]]}},{"type":"Feature","properties":{"id":233,"base_y":15.56,"height":5.53,"tipo":"edificio","plantas":1,"medianeras":[0,6,8]},"geometry":{"type":"Polygon","coordinates":[[[12.73,267.14],[13.22,276.75],[18.57,277.83],[18.75,277.22],[19.25,277.46],[19.48,276.15],[22.74,275.97],[23.14,281.05],[9.72,277.92],[10.14,267.2],[12.73,267.14]]]}},{"type":"Feature","properties":{"id":234,"base_y":10.56,"height":4.56,"tipo":"edificio","plantas":1,"medianeras":[0,1]},"geometry":{"type":"Polygon","coordinates":[[[432.84,363.43],[428.59,359.43],[438.15,349.87],[439.11,357.01],[432.84,363.43]]]}},{"type":"Feature","properties":{"id":235,"base_y":15.03,"height":8.67,"tipo":"edificio","plantas":2,"medianeras":[1,3]},"geometry":{"type":"Polygon","coordinates":[[[33.1,304.88],[25.88,302.64],[28.28,294.62],[35.71,296.74],[33.1,304.88]]]}},{"type":"Feature","properties":{"id":236,"base_y":16.33,"height":6.27,"tipo":"edificio","plantas":2,"medianeras":[]},"geometry":{"type":"Polygon","coordinates":[[[155.78,280.79],[152.64,292.04],[147.21,290.87],[150.33,279.74],[155.78,280.79]]]}},{"type":"Feature","properties":{"id":237,"base_y":15.81,"height":7.9,"tipo":"edificio","plantas":2,"medianeras":[0,2]},"geometry":{"type":"Polygon","coordinates":[[[234.09,279.37],[225.62,276.44],[227.84,269.83],[236.41,272.43],[234.09,279.37]]]}},{"type":"Feature","properties":{"id":238,"base_y":16.41,"height":9.32,"tipo":"edificio","plantas":2,"medianeras":[2,3,4,5,6,8]},"geometry":{"type":"Polygon","coordinates":[[[320.22,359.11],[320.01,360.72],[317.31,360.46],[317.27,360.86],[316.77,360.81],[318.28,348.09],[321.01,348.35],[320.59,351.6],[324.51,352.02],[323.54,359.42],[320.22,359.11]]]}},{"type":"Feature","properties":{"id":239,"base_y":16.52,"height":6.02,"tipo":"edificio","plantas":1,"medianeras":[0,4,5]},"geometry":{"type":"Polygon","coordinates":[[[383.6,411.59],[385.82,407.51],[394.88,413.45],[395.66,409.81],[396.71,410.01],[395.03,419.09],[383.6,411.59]]]}},{"type":"Feature","properties":{"id":240,"base_y":16.11,"height":6.22,"tipo":"edificio","plantas":1,"medianeras":[0,2]},"geometry":{"type":"Polygon","coordinates":[[[67.75,274.46],[66.21,265.43],[72.09,264.93],[75.92,273.75],[67.75,274.46]]]}},{"type":"Feature","properties":{"id":241,"base_y":13.99,"height":7.76,"tipo":"edificio","plantas":2,"medianeras":[0,3]},"geometry":{"type":"Polygon","coordinates":[[[381.57,320.18],[373.93,328.78],[369.83,325.27],[377.37,316.59],[381.57,320.18]]]}},{"type":"Feature","properties":{"id":242,"base_y":13.24,"height":6.84,"tipo":"edificio","plantas":1,"medianeras":[1]},"geometry":{"type":"Polygon","coordinates":[[[336.14,300.87],[326.92,297.39],[329.03,291.62],[338.59,294.99],[336.14,300.87]]]}},{"type":"Feature","properties":{"id":243,"base_y":12.31,"height":8.03,"tipo":"edificio","plantas":1,"medianeras":[0,2]},"geometry":{"type":"Polygon","coordinates":[[[112.55,359.81],[114.21,353.37],[123.34,355.93],[121.48,362.34],[112.55,359.81]]]}},{"type":"Feature","properties":{"id":244,"base_y":16.81,"height":10.04,"tipo":"edificio","plantas":2,"medianeras":[0,1,5,6,7]},"geometry":{"type":"Polygon","coordinates":[[[285.12,348.57],[283.77,352.37],[283.27,357.43],[278.58,356.97],[278.76,355.29],[276.47,354.56],[277.4,352.31],[278.34,346.26],[285.12,348.57]]]}},{"type":"Feature","properties":{"id":245,"base_y":11.18,"height":10.93,"tipo":"edificio","plantas":2,"medianeras":[2]},"geometry":{"type":"Polygon","coordinates":[[[350.08,445.59],[355.77,436.18],[362.84,439.93],[360.16,444.67],[355.77,442.5],[353.26,446.95],[350.08,445.59]]]}},{"type":"Feature","properties":{"id":246,"base_y":16.73,"height":9.01,"tipo":"edificio","plantas":2,"medianeras":[2,4]},"geometry":{"type":"Polygon","coordinates":[[[127.59,334.9],[127.8,334.08],[123.54,333.1],[126.27,323.24],[131.9,324.81],[129.39,335.33],[127.59,334.9]]]}},{"type":"Feature","properties":{"id":247,"base_y":16.46,"height":6.05,"tipo":"edificio","plantas":1,"medianeras":[0]},"geometry":{"type":"Polygon","coordinates":[[[167.8,305.94],[163.6,304.77],[166.46,294.06],[172.03,295.31],[169.53,304.22],[167.8,305.94]]]}},{"type":"Feature","properties":{"id":248,"base_y":16.6,"height":6.67,"tipo":"edificio","plantas":2,"medianeras":[0,3,4]},"geometry":{"type":"Polygon","coordinates":[[[214.21,287.18],[210.26,297.4],[205.54,296.43],[205.99,295.16],[205.2,294.79],[209.09,285.24],[214.21,287.18]]]}},{"type":"Feature","properties":{"id":249,"base_y":16.7,"height":7.89,"tipo":"edificio","plantas":2,"medianeras":[0,2]},"geometry":{"type":"Polygon","coordinates":[[[281.02,290.25],[277.09,300.87],[271.53,299.12],[276.19,288.58],[281.02,290.25]]]}},{"type":"Feature","properties":{"id":250,"base_y":15.42,"height":8.44,"tipo":"edificio","plantas":2,"medianeras":[2,3,4]},"geometry":{"type":"Polygon","coordinates":[[[380.41,363.14],[378.94,364.72],[375.09,361.68],[382.39,353.86],[387.09,357.56],[381.26,363.82],[380.41,363.14]]]}},{"type":"Feature","properties":{"id":251,"base_y":16.54,"height":9.71,"tipo":"edificio","plantas":3,"medianeras":[2,3]},"geometry":{"type":"Polygon","coordinates":[[[164.16,323.49],[158.92,322.24],[161.82,311.39],[167.19,312.57],[164.16,323.49]]]}},{"type":"Feature","properties":{"id":252,"base_y":12.93,"height":5.92,"tipo":"edificio","plantas":2,"medianeras":[2]},"geometry":{"type":"Polygon","coordinates":[[[416.99,367.46],[413.62,364.29],[422.77,354.91],[426.14,358.26],[416.99,367.46]]]}},{"type":"Feature","properties":{"id":253,"base_y":13.21,"height":9.94,"tipo":"edificio","plantas":2,"medianeras":[0,1,9]},"geometry":{"type":"Polygon","coordinates":[[[276.34,397.81],[276.84,397.99],[274.13,404.77],[272.49,404.04],[273.31,402.2],[270.97,401.03],[271.4,399.99],[269.02,398.99],[273.65,391.24],[278.21,393.56],[276.34,397.81]]]}},{"type":"Feature","properties":{"id":254,"base_y":14.87,"height":9.42,"tipo":"edificio","plantas":1,"medianeras":[16]},"geometry":{"type":"Polygon","coordinates":[[[431.3,433.27],[434.85,432.91],[434.85,433.75],[436.35,434.4],[437.74,435.87],[438.32,435.58],[438.62,436.16],[438.04,436.45],[438.41,438.38],[438.09,439.96],[438.68,440.24],[438.4,440.82],[437.82,440.55],[436.64,441.92],[434.9,442.77],[434.91,443.61],[431.35,443.28],[431.3,433.27]]]}},{"type":"Feature","properties":{"id":255,"base_y":14.09,"height":7.29,"tipo":"edificio","plantas":1,"medianeras":[2,3]},"geometry":{"type":"Polygon","coordinates":[[[404.02,451.37],[414.13,454.24],[412.51,459.76],[402.37,456.88],[404.02,451.37]]]}},{"type":"Feature","properties":{"id":256,"base_y":16.2,"height":4.48,"tipo":"edificio","plantas":1,"medianeras":[0,7]},"geometry":{"type":"Polygon","coordinates":[[[95.53,279.49],[90.66,278.06],[92.28,272.56],[97.61,273.31],[96.36,277.67],[102.7,279.37],[101.66,283.56],[94.96,281.18],[95.53,279.49]]]}},{"type":"Feature","properties":{"id":257,"base_y":15.8,"height":4.47,"tipo":"edificio","plantas":1,"medianeras":[3]},"geometry":{"type":"Polygon","coordinates":[[[115.37,338.98],[121.37,340.93],[118.84,350.06],[112.71,347.93],[115.37,338.98]]]}},{"type":"Feature","properties":{"id":258,"base_y":10.39,"height":9.79,"tipo":"edificio","plantas":2,"medianeras":[0,2]},"geometry":{"type":"Polygon","coordinates":[[[222.46,398.18],[220.69,403.38],[210.27,399.77],[211.77,394.68],[222.46,398.18]]]}},{"type":"Feature","properties":{"id":259,"base_y":16.29,"height":11.91,"tipo":"edificio","plantas":3,"medianeras":[0,1,8]},"geometry":{"type":"Polygon","coordinates":[[[213.21,344.11],[209.8,342.97],[207.7,349.31],[200.83,346.51],[201.52,344.45],[204.04,343.18],[202.77,340.65],[203.24,339.22],[213.69,342.68],[213.21,344.11]]]}},{"type":"Feature","properties":{"id":260,"base_y":7.64,"height":6.58,"tipo":"edificio","plantas":2,"medianeras":[0,2,3]},"geometry":{"type":"Polygon","coordinates":[[[-396.13,124.57],[-404.76,118.57],[-401.52,113.9],[-392.89,119.89],[-396.13,124.57]]]}},{"type":"Feature","properties":{"id":261,"base_y":16.63,"height":8.4,"tipo":"edificio","plantas":2,"medianeras":[0,2,3]},"geometry":{"type":"Polygon","coordinates":[[[117.68,331.2],[120.46,321.81],[126.27,323.24],[123.64,332.76],[117.68,331.2]]]}},{"type":"Feature","properties":{"id":262,"base_y":15.65,"height":8.8,"tipo":"edificio","plantas":2,"medianeras":[1,2,3]},"geometry":{"type":"Polygon","coordinates":[[[313.07,390.21],[315.37,386.34],[326.78,393.12],[324.4,396.93],[313.07,390.21]]]}},{"type":"Feature","properties":{"id":263,"base_y":7.94,"height":4.78,"tipo":"edificio","plantas":1,"medianeras":[]},"geometry":{"type":"Polygon","coordinates":[[[-304.3,196.8],[-308.39,193.12],[-305.36,189.97],[-298.78,196.12],[-304.97,202.74],[-308.75,201.37],[-304.3,196.8]]]}},{"type":"Feature","properties":{"id":264,"base_y":13.23,"height":9.25,"tipo":"edificio","plantas":2,"medianeras":[0,1,2]},"geometry":{"type":"Polygon","coordinates":[[[290.59,399.68],[287.49,407.77],[281.45,404.97],[284.52,396.68],[290.59,399.68]]]}},{"type":"Feature","properties":{"id":265,"base_y":13.99,"height":8.0,"tipo":"edificio","plantas":2,"medianeras":[0,2]},"geometry":{"type":"Polygon","coordinates":[[[336.9,426.18],[334.33,430.74],[324.4,425.46],[326.96,420.99],[336.9,426.18]]]}},{"type":"Feature","properties":{"id":266,"base_y":11.36,"height":10.5,"tipo":"edificio","plantas":3,"medianeras":[1,2,3,4,5]},"geometry":{"type":"Polygon","coordinates":[[[445.27,436.56],[445.27,426.99],[450.57,427.12],[450.51,431.83],[452.17,431.72],[452.07,436.72],[445.27,436.56]]]}},{"type":"Feature","properties":{"id":267,"base_y":16.7,"height":6.46,"tipo":"edificio","plantas":1,"medianeras":[0,1]},"geometry":{"type":"Polygon","coordinates":[[[237.82,312.4],[245.14,314.12],[241.66,322.61],[236.16,320.49],[237.82,312.4]]]}},{"type":"Feature","properties":{"id":268,"base_y":14.83,"height":7.86,"tipo":"edificio","plantas":2,"medianeras":[]},"geometry":{"type":"Polygon","coordinates":[[[265.79,269.7],[268.97,262.5],[275.94,264.92],[272.83,271.98],[265.79,269.7]]]}},{"type":"Feature","properties":{"id":269,"base_y":16.57,"height":7.99,"tipo":"edificio","plantas":2,"medianeras":[0,1,3]},"geometry":{"type":"Polygon","coordinates":[[[285.86,297.54],[295.15,300.34],[293.41,305.91],[284.09,303.06],[285.86,297.54]]]}},{"type":"Feature","properties":{"id":270,"base_y":3.39,"height":4.44,"tipo":"edificio","plantas":1,"medianeras":[3]},"geometry":{"type":"Polygon","coordinates":[[[-601.27,170.95],[-605.56,173.52],[-611.78,163.17],[-606.64,162.02],[-601.27,170.95]]]}},{"type":"Feature","properties":{"id":271,"base_y":11.68,"height":9.2,"tipo":"edificio","plantas":2,"medianeras":[1,3]},"geometry":{"type":"Polygon","coordinates":[[[-182.48,258.78],[-192.75,258.17],[-192.54,252.68],[-182.34,253.31],[-182.48,258.78]]]}},{"type":"Feature","properties":{"id":272,"base_y":15.8,"height":5.65,"tipo":"edificio","plantas":1,"medianeras":[0,1,4,5,7]},"geometry":{"type":"Polygon","coordinates":[[[82.06,323.78],[81.89,324.17],[78.12,322.4],[75.9,327.5],[77.8,328.28],[74.89,335.34],[70.31,333.67],[75.64,320.89],[82.06,323.78]]]}},{"type":"Feature","properties":{"id":273,"base_y":10.68,"height":9.42,"tipo":"edificio","plantas":2,"medianeras":[0,1]},"geometry":{"type":"Polygon","coordinates":[[[230.25,406.69],[220.69,403.38],[222.46,398.18],[231.9,401.24],[230.25,406.69]]]}},{"type":"Feature","properties":{"id":274,"base_y":16.62,"height":10.45,"tipo":"edificio","plantas":3,"medianeras":[0,1,2,3,5]},"geometry":{"type":"Polygon","coordinates":[[[258.02,338.67],[262.59,340.31],[260.96,344.62],[259.9,344.31],[256.9,352.43],[253.27,351.24],[258.02,338.67]]]}},{"type":"Feature","properties":{"id":275,"base_y":16.58,"height":6.02,"tipo":"edificio","plantas":2,"medianeras":[0,2,3,4]},"geometry":{"type":"Polygon","coordinates":[[[224.09,309.62],[224.16,310.87],[220.96,322.8],[216.46,321.87],[220.16,310.12],[224.09,309.62]]]}},{"type":"Feature","properties":{"id":276,"base_y":15.9,"height":5.52,"tipo":"edificio","plantas":1,"medianeras":[2,3]},"geometry":{"type":"Polygon","coordinates":[[[379.45,437.95],[378.68,439.47],[365.27,435.74],[368.44,430.03],[379.45,437.95]]]}},{"type":"Feature","properties":{"id":277,"base_y":15.5,"height":7.71,"tipo":"edificio","plantas":1,"medianeras":[0,3,6,7]},"geometry":{"type":"Polygon","coordinates":[[[-25.7,257.54],[-25.4,262.25],[-30.72,262.49],[-30.98,255.34],[-23.42,254.75],[-23.36,255.99],[-15.83,255.58],[-15.76,257.08],[-25.7,257.54]]]}},{"type":"Feature","properties":{"id":278,"base_y":16.14,"height":6.36,"tipo":"edificio","plantas":2,"medianeras":[0,1,7,8]},"geometry":{"type":"Polygon","coordinates":[[[128.96,337.12],[140.77,339.31],[140.48,340.24],[139.86,340.05],[139.51,341.17],[140.12,341.37],[138.67,345.95],[133.48,344.88],[134.05,340.93],[128.34,339.71],[128.96,337.12]]]}},{"type":"Feature","properties":{"id":279,"base_y":12.6,"height":9.34,"tipo":"edificio","plantas":3,"medianeras":[2,3]},"geometry":{"type":"Polygon","coordinates":[[[450.55,447.01],[445.21,447.06],[445.27,436.56],[450.46,436.68],[450.55,447.01]]]}},{"type":"Feature","properties":{"id":280,"base_y":15.3,"height":9.23,"tipo":"edificio","plantas":2,"medianeras":[8,9,10]},"geometry":{"type":"Polygon","coordinates":[[[280.66,388.83],[280.06,389.86],[275.54,387.46],[276.1,386.41],[272.22,384.38],[274.2,379.72],[274.78,380.04],[276.37,377.24],[278.33,378.28],[275.93,383.28],[284.03,387.46],[282.75,389.94],[280.66,388.83]]]}},{"type":"Feature","properties":{"id":281,"base_y":12.11,"height":9.35,"tipo":"edificio","plantas":2,"medianeras":[2]},"geometry":{"type":"Polygon","coordinates":[[[-172.59,253.81],[-172.3,259.04],[-182.48,258.78],[-182.34,253.31],[-172.59,253.81]]]}},{"type":"Feature","properties":{"id":282,"base_y":15.53,"height":8.71,"tipo":"edificio","plantas":1,"medianeras":[0,1,2,3,4,5,7]},"geometry":{"type":"Polygon","coordinates":[[[74.35,253.04],[78.65,252.83],[78.7,254.08],[81.7,253.94],[81.64,252.69],[85.21,252.52],[85.46,257.71],[74.47,258.24],[74.35,253.04]]]}},{"type":"Feature","properties":{"id":283,"base_y":15.28,"height":7.02,"tipo":"edificio","plantas":2,"medianeras":[]},"geometry":{"type":"Polygon","coordinates":[[[7.78,244.99],[8.07,249.68],[4.33,249.69],[4.54,253.14],[-0.03,253.24],[-0.4,245.37],[7.78,244.99]]]}},{"type":"Feature","properties":{"id":284,"base_y":15.01,"height":4.54,"tipo":"cobertizo","plantas":1,"medianeras":[1,2,3,4,5]},"geometry":{"type":"Polygon","coordinates":[[[316.65,409.31],[320.73,402.8],[322.74,404.29],[322.32,404.98],[325.42,406.87],[323.59,409.8],[326.05,411.34],[324.59,413.99],[316.65,409.31]]]}},{"type":"Feature","properties":{"id":285,"base_y":13.29,"height":9.35,"tipo":"cobertizo","plantas":1,"medianeras":[0,1,3]},"geometry":{"type":"Polygon","coordinates":[[[373.6,448.8],[383.4,451.27],[382.09,456.43],[372.24,453.35],[373.6,448.8]]]}},{"type":"Feature","properties":{"id":286,"base_y":15.65,"height":9.15,"tipo":"edificio","plantas":3,"medianeras":[0,1,2]},"geometry":{"type":"Polygon","coordinates":[[[23.14,281.05],[22.41,271.88],[27.34,271.55],[28.45,282.29],[23.14,281.05]]]}},{"type":"Feature","properties":{"id":287,"base_y":10.56,"height":4.98,"tipo":"edificio","plantas":1,"medianeras":[3]},"geometry":{"type":"Polygon","coordinates":[[[432.84,363.43],[427.14,369.46],[422.57,365.28],[428.59,359.43],[432.84,363.43]]]}},{"type":"Feature","properties":{"id":288,"base_y":16.49,"height":5.23,"tipo":"edificio","plantas":1,"medianeras":[0,2]},"geometry":{"type":"Polygon","coordinates":[[[210.6,296.51],[214.21,287.18],[218.71,288.93],[215.39,298.44],[210.6,296.51]]]}},{"type":"Feature","properties":{"id":289,"base_y":13.25,"height":7.87,"tipo":"edificio","plantas":1,"medianeras":[0,1]},"geometry":{"type":"Polygon","coordinates":[[[400.96,461.56],[402.37,456.88],[412.51,459.76],[411.22,464.14],[400.96,461.56]]]}},{"type":"Feature","properties":{"id":290,"base_y":15.0,"height":7.93,"tipo":"edificio","plantas":2,"medianeras":[0,1,2,3]},"geometry":{"type":"Polygon","coordinates":[[[177.25,245.91],[179.16,240.31],[187.85,240.81],[185.94,246.41],[177.25,245.91]]]}},{"type":"Feature","properties":{"id":291,"base_y":15.84,"height":6.47,"tipo":"edificio","plantas":1,"medianeras":[0,1,2,4]},"geometry":{"type":"Polygon","coordinates":[[[360.48,377.55],[360.52,372.47],[361.79,370.8],[361.62,367.37],[368.34,369.18],[363.64,377.51],[360.48,377.55]]]}},{"type":"Feature","properties":{"id":292,"base_y":15.26,"height":10.64,"tipo":"edificio","plantas":3,"medianeras":[0,2,3,4,6,7]},"geometry":{"type":"Polygon","coordinates":[[[215.06,362.05],[212.49,366.55],[210.37,365.57],[212.93,361.09],[209.84,359.79],[212.02,355.81],[219.71,359.06],[217.37,362.92],[215.06,362.05]]]}},{"type":"Feature","properties":{"id":293,"base_y":16.61,"height":3.79,"tipo":"edificio","plantas":1,"medianeras":[2]},"geometry":{"type":"Polygon","coordinates":[[[128.13,301.91],[126.06,304.38],[122.82,303.62],[126.45,292.66],[130.69,294.11],[128.13,301.91]]]}},{"type":"Feature","properties":{"id":294,"base_y":14.49,"height":7.82,"tipo":"edificio","plantas":1,"medianeras":[0,1,2]},"geometry":{"type":"Polygon","coordinates":[[[404.02,451.37],[402.32,457.05],[394.39,454.72],[395.96,449.06],[404.02,451.37]]]}},{"type":"Feature","properties":{"id":295,"base_y":10.29,"height":7.73,"tipo":"cobertizo","plantas":1,"medianeras":[1]},"geometry":{"type":"Polygon","coordinates":[[[277.34,416.06],[280.05,408.73],[286.06,411.51],[283.5,418.17],[277.34,416.06]]]}},{"type":"Feature","properties":{"id":296,"base_y":14.67,"height":12.02,"tipo":"edificio","plantas":4,"medianeras":[0,1,3,5]},"geometry":{"type":"Polygon","coordinates":[[[301.97,273.12],[299.94,277.66],[299.19,277.34],[297.47,281.56],[293.1,279.58],[296.85,270.93],[301.97,273.12]]]}},{"type":"Feature","properties":{"id":297,"base_y":10.06,"height":11.55,"tipo":"edificio","plantas":3,"medianeras":[0,1,2,3,5]},"geometry":{"type":"Polygon","coordinates":[[[154.38,369.29],[164.7,370.98],[163.09,374.83],[158.03,373.87],[157.72,375.75],[153.35,375.06],[154.38,369.29]]]}},{"type":"Feature","properties":{"id":298,"base_y":16.47,"height":8.14,"tipo":"edificio","plantas":2,"medianeras":[0,1,3,5]},"geometry":{"type":"Polygon","coordinates":[[[81.46,293.12],[82.21,293.43],[84.81,286.04],[87.96,287.17],[83.59,299.56],[79.71,297.99],[81.46,293.12]]]}},{"type":"Feature","properties":{"id":299,"base_y":15.03,"height":8.85,"tipo":"edificio","plantas":2,"medianeras":[1,5]},"geometry":{"type":"Polygon","coordinates":[[[228.61,374.65],[224.19,382.28],[220.75,380.47],[223.51,375.64],[220.09,373.69],[221.67,370.95],[228.61,374.65]]]}},{"type":"Feature","properties":{"id":300,"base_y":15.52,"height":6.87,"tipo":"edificio","plantas":2,"medianeras":[0,1,2]},"geometry":{"type":"Polygon","coordinates":[[[-25.4,262.25],[-25.7,257.54],[-15.76,257.08],[-15.54,261.81],[-25.4,262.25]]]}},{"type":"Feature","properties":{"id":301,"base_y":16.72,"height":7.31,"tipo":"edificio","plantas":1,"medianeras":[0,1,5]},"geometry":{"type":"Polygon","coordinates":[[[266.78,310.94],[266.03,310.66],[264.85,314.17],[260.42,312.91],[263.78,304.06],[268.61,305.52],[266.78,310.94]]]}},{"type":"Feature","properties":{"id":302,"base_y":15.38,"height":8.23,"tipo":"edificio","plantas":2,"medianeras":[0,1]},"geometry":{"type":"Polygon","coordinates":[[[336.59,420.45],[339.03,416.0],[346.94,420.13],[344.52,424.68],[336.59,420.45]]]}},{"type":"Feature","properties":{"id":303,"base_y":16.84,"height":11.58,"tipo":"edificio","plantas":4,"medianeras":[0,1,3]},"geometry":{"type":"Polygon","coordinates":[[[112.67,307.9],[114.77,302.68],[122.15,305.65],[120.37,311.01],[112.67,307.9]]]}},{"type":"Feature","properties":{"id":304,"base_y":15.51,"height":4.2,"tipo":"cobertizo","plantas":1,"medianeras":[1,3]},"geometry":{"type":"Polygon","coordinates":[[[9.72,277.92],[4.79,276.77],[6.12,267.31],[10.14,267.2],[9.72,277.92]]]}},{"type":"Feature","properties":{"id":305,"base_y":16.58,"height":7.28,"tipo":"edificio","plantas":2,"medianeras":[0,2]},"geometry":{"type":"Polygon","coordinates":[[[104.03,318.12],[100.46,327.99],[95.93,327.01],[100.01,317.3],[104.03,318.12]]]}},{"type":"Feature","properties":{"id":306,"base_y":16.75,"height":10.47,"tipo":"edificio","plantas":3,"medianeras":[0,2,3]},"geometry":{"type":"Polygon","coordinates":[[[183.21,319.84],[185.14,315.56],[194.09,319.12],[192.09,323.38],[183.21,319.84]]]}},{"type":"Feature","properties":{"id":307,"base_y":13.39,"height":8.42,"tipo":"edificio","plantas":1,"medianeras":[0,2]},"geometry":{"type":"Polygon","coordinates":[[[330.22,292.04],[320.27,288.37],[321.82,284.74],[331.72,287.75],[330.22,292.04]]]}},{"type":"Feature","properties":{"id":308,"base_y":14.24,"height":3.61,"tipo":"edificio","plantas":1,"medianeras":[]},"geometry":{"type":"Polygon","coordinates":[[[22.65,312.81],[29.67,315.55],[27.77,321.43],[20.96,318.12],[22.65,312.81]]]}},{"type":"Feature","properties":{"id":309,"base_y":16.73,"height":7.6,"tipo":"edificio","plantas":2,"medianeras":[0,2,3]},"geometry":{"type":"Polygon","coordinates":[[[177.63,281.89],[179.46,275.31],[185.96,276.87],[183.87,283.17],[177.63,281.89]]]}},{"type":"Feature","properties":{"id":310,"base_y":16.57,"height":8.04,"tipo":"edificio","plantas":2,"medianeras":[0,2]},"geometry":{"type":"Polygon","coordinates":[[[222.78,290.49],[219.8,299.6],[215.39,298.44],[218.71,288.93],[222.78,290.49]]]}},{"type":"Feature","properties":{"id":311,"base_y":9.26,"height":11.09,"tipo":"edificio","plantas":2,"medianeras":[0,1,2,3,4,5,6,8,9]},"geometry":{"type":"Polygon","coordinates":[[[452.17,431.72],[450.51,431.83],[450.57,427.12],[453.45,427.4],[453.24,429.46],[455.13,429.53],[455.12,430.97],[457.27,431.1],[457.23,436.83],[452.07,436.72],[452.17,431.72]]]}},{"type":"Feature","properties":{"id":312,"base_y":16.22,"height":5.35,"tipo":"edificio","plantas":1,"medianeras":[0,1,2]},"geometry":{"type":"Polygon","coordinates":[[[76.56,275.23],[86.17,273.96],[85.53,279.56],[78.66,280.06],[76.56,275.23]]]}},{"type":"Feature","properties":{"id":313,"base_y":16.22,"height":6.11,"tipo":"edificio","plantas":1,"medianeras":[3]},"geometry":{"type":"Polygon","coordinates":[[[335.25,352.47],[336.71,340.93],[340.7,344.48],[339.68,352.47],[335.25,352.47]]]}},{"type":"Feature","properties":{"id":314,"base_y":14.81,"height":10.25,"tipo":"edificio","plantas":3,"medianeras":[2,3,5]},"geometry":{"type":"Polygon","coordinates":[[[235.55,384.89],[238.35,386.8],[234.65,394.07],[229.9,391.18],[234.7,383.47],[235.94,384.27],[235.55,384.89]]]}},{"type":"Feature","properties":{"id":315,"base_y":12.39,"height":8.8,"tipo":"edificio","plantas":1,"medianeras":[0,2,3]},"geometry":{"type":"Polygon","coordinates":[[[357.88,297.7],[362.03,288.0],[366.28,289.81],[360.82,298.92],[357.88,297.7]]]}},{"type":"Feature","properties":{"id":316,"base_y":14.44,"height":6.23,"tipo":"edificio","plantas":2,"medianeras":[2]},"geometry":{"type":"Polygon","coordinates":[[[410.65,359.37],[407.17,362.95],[402.45,356.84],[406.84,352.62],[410.65,359.37]]]}},{"type":"Feature","properties":{"id":317,"base_y":15.5,"height":3.54,"tipo":"edificio","plantas":1,"medianeras":[0]},"geometry":{"type":"Polygon","coordinates":[[[70.31,333.67],[76.37,335.89],[73.83,342.0],[67.9,339.43],[70.31,333.67]]]}},{"type":"Feature","properties":{"id":318,"base_y":7.64,"height":3.67,"tipo":"edificio","plantas":1,"medianeras":[0,3,4,5]},"geometry":{"type":"Polygon","coordinates":[[[-392.23,115.8],[-387.74,118.93],[-393.12,126.66],[-396.13,124.57],[-392.89,119.89],[-394.36,118.87],[-392.23,115.8]]]}},{"type":"Feature","properties":{"id":319,"base_y":1.78,"height":2.93,"tipo":"edificio","plantas":1,"medianeras":[2,3]},"geometry":{"type":"Polygon","coordinates":[[[-33.03,443.81],[-30.63,446.22],[-32.66,448.25],[-33.86,447.06],[-37.76,450.96],[-40.65,448.08],[-35.27,442.7],[-33.45,441.76],[-32.22,443.0],[-33.03,443.81]]]}},{"type":"Feature","properties":{"id":320,"base_y":15.01,"height":7.91,"tipo":"edificio","plantas":1,"medianeras":[0,1,2,3]},"geometry":{"type":"Polygon","coordinates":[[[179.37,240.63],[187.44,241.09],[185.73,246.1],[177.66,245.64],[179.37,240.63]]]}},{"type":"Feature","properties":{"id":321,"base_y":16.79,"height":7.84,"tipo":"edificio","plantas":2,"medianeras":[1,3]},"geometry":{"type":"Polygon","coordinates":[[[287.09,322.87],[283.43,321.74],[287.41,311.24],[290.78,312.24],[287.09,322.87]]]}},{"type":"Feature","properties":{"id":322,"base_y":12.96,"height":7.92,"tipo":"edificio","plantas":2,"medianeras":[0,1,5]},"geometry":{"type":"Polygon","coordinates":[[[394.39,454.72],[402.32,457.05],[400.96,461.56],[396.27,460.24],[396.15,460.87],[392.96,459.87],[394.39,454.72]]]}},{"type":"Feature","properties":{"id":323,"base_y":7.87,"height":4.51,"tipo":"edificio","plantas":1,"medianeras":[1,3]},"geometry":{"type":"Polygon","coordinates":[[[-335.22,168.28],[-341.68,162.15],[-338.58,158.84],[-332.09,164.93],[-335.22,168.28]]]}},{"type":"Feature","properties":{"id":324,"base_y":16.66,"height":6.21,"tipo":"edificio","plantas":1,"medianeras":[0,2,3]},"geometry":{"type":"Polygon","coordinates":[[[183.87,283.17],[181.8,289.36],[175.85,288.24],[177.63,281.89],[183.87,283.17]]]}},{"type":"Feature","properties":{"id":325,"base_y":8.42,"height":8.18,"tipo":"edificio","plantas":1,"medianeras":[2,3]},"geometry":{"type":"Polygon","coordinates":[[[230.25,406.69],[229.15,410.31],[219.34,407.31],[220.69,403.38],[230.25,406.69]]]}},{"type":"Feature","properties":{"id":326,"base_y":16.72,"height":4.15,"tipo":"edificio","plantas":1,"medianeras":[2,3]},"geometry":{"type":"Polygon","coordinates":[[[240.91,306.31],[241.16,310.12],[243.84,310.43],[243.22,313.67],[236.09,311.99],[235.53,306.37],[240.91,306.31]]]}},{"type":"Feature","properties":{"id":327,"base_y":16.71,"height":11.59,"tipo":"edificio","plantas":3,"medianeras":[1,2,3]},"geometry":{"type":"Polygon","coordinates":[[[187.9,330.24],[179.59,327.87],[181.71,323.18],[189.59,326.37],[187.9,330.24]]]}},{"type":"Feature","properties":{"id":328,"base_y":15.69,"height":4.85,"tipo":"edificio","plantas":1,"medianeras":[0,3]},"geometry":{"type":"Polygon","coordinates":[[[214.39,272.78],[216.53,266.37],[222.03,268.06],[219.91,274.68],[214.39,272.78]]]}},{"type":"Feature","properties":{"id":329,"base_y":15.6,"height":8.25,"tipo":"edificio","plantas":2,"medianeras":[3,4,5,6]},"geometry":{"type":"Polygon","coordinates":[[[-23.39,279.23],[-22.15,279.67],[-20.71,279.01],[-20.08,279.53],[-20.01,280.47],[-21.72,285.51],[-27.6,283.39],[-25.34,276.74],[-22.91,277.61],[-23.39,279.23]]]}},{"type":"Feature","properties":{"id":330,"base_y":16.57,"height":6.85,"tipo":"edificio","plantas":1,"medianeras":[0,1,2,4,6]},"geometry":{"type":"Polygon","coordinates":[[[305.6,328.16],[306.66,329.27],[308.03,328.45],[312.78,329.0],[312.41,332.41],[300.47,331.01],[300.82,327.6],[305.6,328.16]]]}},{"type":"Feature","properties":{"id":331,"base_y":16.36,"height":6.24,"tipo":"edificio","plantas":1,"medianeras":[0]},"geometry":{"type":"Polygon","coordinates":[[[348.81,325.22],[343.14,318.96],[346.21,315.57],[351.83,321.73],[348.81,325.22]]]}},{"type":"Feature","properties":{"id":332,"base_y":14.7,"height":4.57,"tipo":"cobertizo","plantas":1,"medianeras":[0,1]},"geometry":{"type":"Polygon","coordinates":[[[-130.43,264.12],[-129.44,260.14],[-120.37,262.14],[-121.35,266.12],[-130.43,264.12]]]}},{"type":"Feature","properties":{"id":333,"base_y":17.07,"height":8.68,"tipo":"edificio","plantas":1,"medianeras":[0,2]},"geometry":{"type":"Polygon","coordinates":[[[281.27,363.06],[277.63,371.64],[273.76,370.53],[277.39,361.98],[281.27,363.06]]]}},{"type":"Feature","properties":{"id":334,"base_y":15.63,"height":6.71,"tipo":"edificio","plantas":2,"medianeras":[0]},"geometry":{"type":"Polygon","coordinates":[[[249.55,372.99],[253.04,366.67],[256.08,368.5],[254.9,370.81],[256.9,371.76],[254.59,376.12],[249.55,372.99]]]}},{"type":"Feature","properties":{"id":335,"base_y":14.65,"height":7.38,"tipo":"edificio","plantas":2,"medianeras":[0,2]},"geometry":{"type":"Polygon","coordinates":[[[357.33,315.37],[350.78,310.36],[353.61,307.14],[360.41,311.81],[357.33,315.37]]]}},{"type":"Feature","properties":{"id":336,"base_y":13.77,"height":8.53,"tipo":"edificio","plantas":1,"medianeras":[0]},"geometry":{"type":"Polygon","coordinates":[[[220.75,380.47],[224.19,382.28],[219.52,390.31],[215.89,389.0],[220.75,380.47]]]}},{"type":"Feature","properties":{"id":337,"base_y":15.07,"height":5.73,"tipo":"cobertizo","plantas":1,"medianeras":[0,2,3]},"geometry":{"type":"Polygon","coordinates":[[[321.48,401.6],[319.99,403.97],[308.84,397.35],[310.27,394.94],[321.48,401.6]]]}},{"type":"Feature","properties":{"id":338,"base_y":16.61,"height":9.69,"tipo":"edificio","plantas":1,"medianeras":[0,1,2,3]},"geometry":{"type":"Polygon","coordinates":[[[223.27,323.27],[221.22,329.0],[216.28,327.81],[216.46,321.87],[223.27,323.27]]]}},{"type":"Feature","properties":{"id":339,"base_y":16.86,"height":8.45,"tipo":"edificio","plantas":3,"medianeras":[1,2,3]},"geometry":{"type":"Polygon","coordinates":[[[275.59,356.68],[268.15,355.24],[269.71,350.74],[277.4,352.31],[275.59,356.68]]]}},{"type":"Feature","properties":{"id":340,"base_y":16.49,"height":3.44,"tipo":"cobertizo","plantas":1,"medianeras":[2]},"geometry":{"type":"Polygon","coordinates":[[[83.36,330.54],[81.08,336.08],[75.52,333.82],[77.8,328.28],[83.36,330.54]]]}},{"type":"Feature","properties":{"id":341,"base_y":14.05,"height":6.96,"tipo":"edificio","plantas":1,"medianeras":[2,3]},"geometry":{"type":"Polygon","coordinates":[[[-130.52,264.46],[-139.44,262.23],[-138.4,258.47],[-129.57,260.68],[-130.52,264.46]]]}},{"type":"Feature","properties":{"id":342,"base_y":16.76,"height":5.68,"tipo":"edificio","plantas":1,"medianeras":[1,3]},"geometry":{"type":"Polygon","coordinates":[[[291.14,323.32],[287.35,322.13],[290.78,312.24],[293.46,313.24],[291.14,323.32]]]}},{"type":"Feature","properties":{"id":343,"base_y":12.01,"height":8.45,"tipo":"edificio","plantas":2,"medianeras":[0,1,3]},"geometry":{"type":"Polygon","coordinates":[[[392.04,308.36],[387.03,305.46],[390.91,301.0],[396.34,303.5],[392.04,308.36]]]}},{"type":"Feature","properties":{"id":344,"base_y":16.74,"height":11.36,"tipo":"edificio","plantas":4,"medianeras":[0,1,2,3]},"geometry":{"type":"Polygon","coordinates":[[[190.52,326.68],[181.71,323.18],[183.21,319.84],[192.09,323.38],[190.52,326.68]]]}},{"type":"Feature","properties":{"id":345,"base_y":15.14,"height":5.31,"tipo":"cobertizo","plantas":1,"medianeras":[0,1,2]},"geometry":{"type":"Polygon","coordinates":[[[131.11,251.22],[131.75,248.21],[142.85,248.0],[142.91,251.0],[131.11,251.22]]]}},{"type":"Feature","properties":{"id":346,"base_y":15.08,"height":5.63,"tipo":"edificio","plantas":1,"medianeras":[1,2,4]},"geometry":{"type":"Polygon","coordinates":[[[194.82,253.49],[193.86,253.14],[194.57,251.29],[200.61,252.33],[198.53,258.56],[193.74,257.03],[194.82,253.49]]]}},{"type":"Feature","properties":{"id":347,"base_y":14.8,"height":6.6,"tipo":"edificio","plantas":1,"medianeras":[0,1,3]},"geometry":{"type":"Polygon","coordinates":[[[386.96,388.51],[383.83,386.8],[388.71,378.37],[391.57,380.08],[386.96,388.51]]]}},{"type":"Feature","properties":{"id":348,"base_y":7.18,"height":3.42,"tipo":"edificio","plantas":1,"medianeras":[3]},"geometry":{"type":"Polygon","coordinates":[[[-365.7,166.87],[-362.95,169.51],[-368.39,175.43],[-372.03,173.68],[-365.7,166.87]]]}},{"type":"Feature","properties":{"id":349,"base_y":12.56,"height":9.5,"tipo":"edificio","plantas":2,"medianeras":[3]},"geometry":{"type":"Polygon","coordinates":[[[323.62,426.84],[322.13,429.45],[312.78,423.32],[314.48,420.84],[323.62,426.84]]]}},{"type":"Feature","properties":{"id":350,"base_y":16.38,"height":8.51,"tipo":"edificio","plantas":2,"medianeras":[0,2]},"geometry":{"type":"Polygon","coordinates":[[[289.53,372.95],[291.74,368.07],[297.76,369.77],[295.54,374.66],[289.53,372.95]]]}},{"type":"Feature","properties":{"id":351,"base_y":15.32,"height":4.98,"tipo":"edificio","plantas":1,"medianeras":[0,2,3]},"geometry":{"type":"Polygon","coordinates":[[[228.02,255.59],[226.74,259.8],[219.48,257.63],[220.91,253.43],[228.02,255.59]]]}},{"type":"Feature","properties":{"id":352,"base_y":12.22,"height":7.33,"tipo":"edificio","plantas":1,"medianeras":[0,1,2,3,4,5]},"geometry":{"type":"Polygon","coordinates":[[[393.18,314.66],[398.23,319.15],[395.69,322.15],[392.33,319.59],[391.11,320.94],[389.18,319.26],[393.18,314.66]]]}},{"type":"Feature","properties":{"id":353,"base_y":16.64,"height":6.74,"tipo":"edificio","plantas":1,"medianeras":[0,5,6,7]},"geometry":{"type":"Polygon","coordinates":[[[315.37,386.34],[318.02,381.87],[322.61,385.31],[320.78,388.39],[323.53,390.03],[323.23,390.54],[326.99,392.78],[326.78,393.12],[315.37,386.34]]]}},{"type":"Feature","properties":{"id":354,"base_y":16.06,"height":7.07,"tipo":"edificio","plantas":1,"medianeras":[0,1,3]},"geometry":{"type":"Polygon","coordinates":[[[251.4,278.48],[250.11,282.27],[242.39,279.65],[243.66,275.85],[251.4,278.48]]]}},{"type":"Feature","properties":{"id":355,"base_y":15.17,"height":6.69,"tipo":"edificio","plantas":1,"medianeras":[2,3]},"geometry":{"type":"Polygon","coordinates":[[[135.01,251.15],[133.15,259.93],[129.41,259.24],[131.11,251.22],[135.01,251.15]]]}},{"type":"Feature","properties":{"id":356,"base_y":15.84,"height":5.04,"tipo":"cobertizo","plantas":1,"medianeras":[1,2,3]},"geometry":{"type":"Polygon","coordinates":[[[-34.89,293.35],[-32.06,285.01],[-28.52,286.08],[-31.35,294.42],[-34.89,293.35]]]}},{"type":"Feature","properties":{"id":357,"base_y":12.62,"height":10.04,"tipo":"cobertizo","plantas":1,"medianeras":[3]},"geometry":{"type":"Polygon","coordinates":[[[252.45,396.75],[249.55,401.78],[244.59,400.24],[248.0,394.19],[252.45,396.75]]]}},{"type":"Feature","properties":{"id":358,"base_y":16.41,"height":4.27,"tipo":"edificio","plantas":1,"medianeras":[]},"geometry":{"type":"Polygon","coordinates":[[[156.03,292.77],[157.52,287.46],[163.3,288.7],[161.81,294.01],[156.03,292.77]]]}},{"type":"Feature","properties":{"id":359,"base_y":13.59,"height":8.16,"tipo":"edificio","plantas":2,"medianeras":[1,3]},"geometry":{"type":"Polygon","coordinates":[[[353.27,440.33],[347.43,437.18],[349.9,433.06],[355.77,436.18],[353.27,440.33]]]}},{"type":"Feature","properties":{"id":360,"base_y":16.57,"height":5.66,"tipo":"edificio","plantas":1,"medianeras":[5]},"geometry":{"type":"Polygon","coordinates":[[[312.41,332.41],[312.28,333.64],[309.33,333.29],[309.11,335.16],[300.14,334.11],[300.47,331.01],[312.41,332.41]]]}},{"type":"Feature","properties":{"id":361,"base_y":11.26,"height":8.84,"tipo":"cobertizo","plantas":1,"medianeras":[3]},"geometry":{"type":"Polygon","coordinates":[[[316.36,425.66],[312.5,431.48],[308.48,429.6],[312.78,423.32],[316.36,425.66]]]}},{"type":"Feature","properties":{"id":362,"base_y":7.66,"height":4.45,"tipo":"cobertizo","plantas":1,"medianeras":[0,1,2]},"geometry":{"type":"Polygon","coordinates":[[[-387.74,118.93],[-392.23,115.8],[-394.36,118.87],[-399.88,115.03],[-399.26,114.13],[-395.37,116.83],[-392.43,112.59],[-386.3,116.85],[-387.74,118.93]]]}},{"type":"Feature","properties":{"id":363,"base_y":16.2,"height":7.72,"tipo":"edificio","plantas":2,"medianeras":[0,1]},"geometry":{"type":"Polygon","coordinates":[[[61.92,280.03],[59.81,285.87],[55.11,284.17],[57.26,278.2],[61.92,280.03]]]}},{"type":"Feature","properties":{"id":364,"base_y":14.86,"height":7.74,"tipo":"cobertizo","plantas":1,"medianeras":[3]},"geometry":{"type":"Polygon","coordinates":[[[41.79,310.29],[40.61,313.24],[31.19,310.82],[32.15,307.81],[41.79,310.29]]]}},{"type":"Feature","properties":{"id":365,"base_y":16.72,"height":10.73,"tipo":"edificio","plantas":3,"medianeras":[0,1]},"geometry":{"type":"Polygon","coordinates":[[[111.34,311.18],[112.67,307.9],[120.37,311.01],[119.28,314.31],[111.34,311.18]]]}},{"type":"Feature","properties":{"id":366,"base_y":16.27,"height":5.33,"tipo":"edificio","plantas":1,"medianeras":[0,11]},"geometry":{"type":"Polygon","coordinates":[[[76.66,285.49],[65.88,281.42],[66.59,278.77],[69.96,280.01],[69.46,281.36],[70.09,281.57],[71.0,279.09],[72.66,279.71],[71.87,281.85],[74.32,282.76],[74.63,282.2],[77.5,283.19],[76.66,285.49]]]}},{"type":"Feature","properties":{"id":367,"base_y":7.41,"height":8.0,"tipo":"edificio","plantas":1,"medianeras":[0,1,3]},"geometry":{"type":"Polygon","coordinates":[[[-352.33,155.78],[-345.23,162.46],[-347.27,164.66],[-354.38,157.98],[-352.33,155.78]]]}},{"type":"Feature","properties":{"id":368,"base_y":16.13,"height":4.03,"tipo":"edificio","plantas":1,"medianeras":[3]},"geometry":{"type":"Polygon","coordinates":[[[67.24,270.57],[60.02,270.57],[61.71,265.87],[66.21,265.43],[67.24,270.57]]]}},{"type":"Feature","properties":{"id":369,"base_y":16.54,"height":7.83,"tipo":"edificio","plantas":2,"medianeras":[1,3]},"geometry":{"type":"Polygon","coordinates":[[[167.75,306.12],[166.0,312.31],[161.82,311.39],[163.6,304.77],[167.75,306.12]]]}},{"type":"Feature","properties":{"id":370,"base_y":16.52,"height":4.41,"tipo":"edificio","plantas":1,"medianeras":[]},"geometry":{"type":"Polygon","coordinates":[[[151.07,297.69],[152.69,292.05],[157.41,293.06],[155.85,298.71],[151.07,297.69]]]}},{"type":"Feature","properties":{"id":371,"base_y":16.54,"height":5.12,"tipo":"edificio","plantas":1,"medianeras":[0,2,3]},"geometry":{"type":"Polygon","coordinates":[[[217.68,317.99],[214.19,316.77],[216.46,309.87],[220.16,310.12],[217.68,317.99]]]}},{"type":"Feature","properties":{"id":372,"base_y":16.22,"height":5.72,"tipo":"edificio","plantas":1,"medianeras":[0,1,2,5]},"geometry":{"type":"Polygon","coordinates":[[[106.37,329.29],[105.54,331.46],[103.74,330.75],[102.13,334.53],[98.01,332.25],[100.46,327.99],[106.37,329.29]]]}},{"type":"Feature","properties":{"id":373,"base_y":16.64,"height":6.88,"tipo":"edificio","plantas":2,"medianeras":[0,1]},"geometry":{"type":"Polygon","coordinates":[[[241.66,322.61],[245.14,314.12],[248.09,314.81],[244.46,323.68],[241.66,322.61]]]}},{"type":"Feature","properties":{"id":374,"base_y":15.25,"height":6.8,"tipo":"cobertizo","plantas":1,"medianeras":[0,2]},"geometry":{"type":"Polygon","coordinates":[[[68.17,246.79],[67.97,242.2],[74.1,241.93],[74.2,246.53],[68.17,246.79]]]}},{"type":"Feature","properties":{"id":375,"base_y":12.39,"height":8.67,"tipo":"edificio","plantas":1,"medianeras":[0,1,3]},"geometry":{"type":"Polygon","coordinates":[[[287.49,407.77],[286.06,411.51],[280.05,408.73],[281.45,404.97],[287.49,407.77]]]}},{"type":"Feature","properties":{"id":376,"base_y":16.72,"height":7.07,"tipo":"edificio","plantas":1,"medianeras":[2,3]},"geometry":{"type":"Polygon","coordinates":[[[93.02,289.11],[99.58,291.75],[98.69,295.26],[91.8,292.5],[93.02,289.11]]]}},{"type":"Feature","properties":{"id":377,"base_y":11.33,"height":5.0,"tipo":"edificio","plantas":1,"medianeras":[]},"geometry":{"type":"Polygon","coordinates":[[[85.72,350.54],[79.78,348.99],[80.9,345.06],[87.01,346.48],[85.72,350.54]]]}},{"type":"Feature","properties":{"id":378,"base_y":3.44,"height":3.6,"tipo":"cobertizo","plantas":1,"medianeras":[0]},"geometry":{"type":"Polygon","coordinates":[[[-601.27,170.95],[-606.64,162.02],[-603.98,161.43],[-599.05,169.61],[-601.27,170.95]]]}},{"type":"Feature","properties":{"id":379,"base_y":16.17,"height":8.12,"tipo":"edificio","plantas":1,"medianeras":[1,2,4,5]},"geometry":{"type":"Polygon","coordinates":[[[286.03,375.67],[287.26,372.31],[289.53,372.95],[289.21,373.64],[295.23,375.34],[294.02,377.99],[286.03,375.67]]]}},{"type":"Feature","properties":{"id":380,"base_y":15.78,"height":6.71,"tipo":"edificio","plantas":1,"medianeras":[3,5,6]},"geometry":{"type":"Polygon","coordinates":[[[298.57,380.26],[297.5,382.2],[293.73,380.02],[293.11,381.34],[288.29,379.21],[289.59,376.68],[294.02,377.99],[298.57,380.26]]]}},{"type":"Feature","properties":{"id":381,"base_y":4.29,"height":3.88,"tipo":"cobertizo","plantas":1,"medianeras":[2]},"geometry":{"type":"Polygon","coordinates":[[[-541.8,139.13],[-553.78,134.08],[-553.02,132.28],[-541.05,137.34],[-541.8,139.13]]]}},{"type":"Feature","properties":{"id":382,"base_y":9.99,"height":9.11,"tipo":"edificio","plantas":1,"medianeras":[1]},"geometry":{"type":"Polygon","coordinates":[[[106.62,363.69],[108.09,358.54],[112.55,359.81],[111.21,364.99],[106.62,363.69]]]}},{"type":"Feature","properties":{"id":383,"base_y":12.92,"height":10.36,"tipo":"cobertizo","plantas":1,"medianeras":[1,3]},"geometry":{"type":"Polygon","coordinates":[[[254.89,392.51],[252.45,396.75],[248.0,394.19],[250.4,389.93],[254.89,392.51]]]}},{"type":"Feature","properties":{"id":384,"base_y":16.45,"height":4.02,"tipo":"edificio","plantas":1,"medianeras":[0,3]},"geometry":{"type":"Polygon","coordinates":[[[90.66,278.06],[95.53,279.49],[94.06,284.22],[89.25,282.81],[90.66,278.06]]]}},{"type":"Feature","properties":{"id":385,"base_y":16.68,"height":7.26,"tipo":"edificio","plantas":2,"medianeras":[0,2]},"geometry":{"type":"Polygon","coordinates":[[[302.21,316.37],[301.04,325.45],[298.25,324.76],[299.71,315.43],[302.21,316.37]]]}},{"type":"Feature","properties":{"id":386,"base_y":15.65,"height":6.82,"tipo":"edificio","plantas":1,"medianeras":[0,1,2,3,4,5,6]},"geometry":{"type":"Polygon","coordinates":[[[92.35,257.24],[92.78,253.23],[95.18,253.56],[95.1,254.2],[98.16,254.65],[98.27,254.08],[100.91,254.56],[100.53,256.93],[92.35,257.24]]]}},{"type":"Feature","properties":{"id":387,"base_y":16.88,"height":3.24,"tipo":"edificio","plantas":1,"medianeras":[]},"geometry":{"type":"Polygon","coordinates":[[[286.15,341.24],[287.28,337.69],[293.18,339.13],[292.65,343.06],[286.15,341.24]]]}},{"type":"Feature","properties":{"id":388,"base_y":15.58,"height":4.38,"tipo":"edificio","plantas":1,"medianeras":[3]},"geometry":{"type":"Polygon","coordinates":[[[356.18,314.5],[353.69,317.25],[348.44,313.04],[350.78,310.36],[356.18,314.5]]]}},{"type":"Feature","properties":{"id":389,"base_y":16.75,"height":8.22,"tipo":"edificio","plantas":1,"medianeras":[1]},"geometry":{"type":"Polygon","coordinates":[[[292.45,343.88],[291.48,347.85],[285.6,347.25],[287.23,342.84],[292.45,343.88]]]}},{"type":"Feature","properties":{"id":390,"base_y":11.6,"height":7.3,"tipo":"edificio","plantas":2,"medianeras":[3]},"geometry":{"type":"Polygon","coordinates":[[[363.77,444.12],[361.98,450.17],[357.77,448.87],[360.97,443.24],[363.77,444.12]]]}},{"type":"Feature","properties":{"id":391,"base_y":15.1,"height":9.92,"tipo":"cobertizo","plantas":1,"medianeras":[1,3]},"geometry":{"type":"Polygon","coordinates":[[[83.61,241.48],[88.66,241.25],[88.46,246.02],[83.83,246.19],[83.61,241.48]]]}},{"type":"Feature","properties":{"id":392,"base_y":15.85,"height":5.55,"tipo":"edificio","plantas":1,"medianeras":[0,1]},"geometry":{"type":"Polygon","coordinates":[[[368.77,334.59],[365.91,337.81],[361.91,334.39],[364.74,331.13],[368.77,334.59]]]}},{"type":"Feature","properties":{"id":393,"base_y":16.67,"height":10.22,"tipo":"edificio","plantas":1,"medianeras":[1,2,3]},"geometry":{"type":"Polygon","coordinates":[[[115.49,300.62],[116.19,297.88],[123.71,300.91],[122.82,303.62],[115.49,300.62]]]}},{"type":"Feature","properties":{"id":394,"base_y":16.52,"height":2.72,"tipo":"edificio","plantas":1,"medianeras":[]},"geometry":{"type":"Polygon","coordinates":[[[258.95,325.1],[256.21,323.99],[258.98,316.7],[261.62,317.71],[258.95,325.1]]]}},{"type":"Feature","properties":{"id":395,"base_y":15.25,"height":4.76,"tipo":"edificio","plantas":1,"medianeras":[3]},"geometry":{"type":"Polygon","coordinates":[[[198.53,258.56],[197.65,261.18],[190.01,258.85],[190.91,256.12],[198.53,258.56]]]}},{"type":"Feature","properties":{"id":396,"base_y":16.42,"height":9.01,"tipo":"edificio","plantas":1,"medianeras":[0,2,3]},"geometry":{"type":"Polygon","coordinates":[[[324.56,351.62],[324.83,349.54],[335.48,350.6],[335.22,352.68],[324.56,351.62]]]}},{"type":"Feature","properties":{"id":397,"base_y":12.6,"height":6.85,"tipo":"cobertizo","plantas":1,"medianeras":[1,2]},"geometry":{"type":"Polygon","coordinates":[[[328.03,433.3],[330.57,428.74],[334.33,430.74],[331.71,435.37],[328.03,433.3]]]}},{"type":"Feature","properties":{"id":398,"base_y":7.51,"height":7.08,"tipo":"cobertizo","plantas":1,"medianeras":[0,3]},"geometry":{"type":"Polygon","coordinates":[[[-334.05,175.57],[-336.67,178.35],[-340.87,174.35],[-338.27,171.55],[-334.05,175.57]]]}},{"type":"Feature","properties":{"id":399,"base_y":16.65,"height":7.01,"tipo":"edificio","plantas":1,"medianeras":[3]},"geometry":{"type":"Polygon","coordinates":[[[258.02,338.67],[260.18,332.96],[263.56,334.2],[261.52,339.87],[258.02,338.67]]]}},{"type":"Feature","properties":{"id":400,"base_y":16.6,"height":6.48,"tipo":"edificio","plantas":1,"medianeras":[1,2,3]},"geometry":{"type":"Polygon","coordinates":[[[330.06,345.39],[329.55,350.01],[324.83,349.54],[325.46,344.79],[330.06,345.39]]]}},{"type":"Feature","properties":{"id":401,"base_y":14.37,"height":5.74,"tipo":"edificio","plantas":1,"medianeras":[1,2,3]},"geometry":{"type":"Polygon","coordinates":[[[322.71,293.79],[324.16,289.82],[329.03,291.62],[327.56,295.62],[322.71,293.79]]]}},{"type":"Feature","properties":{"id":402,"base_y":7.93,"height":5.05,"tipo":"edificio","plantas":1,"medianeras":[0]},"geometry":{"type":"Polygon","coordinates":[[[342.15,446.17],[348.06,448.94],[346.4,451.68],[340.34,449.24],[342.15,446.17]]]}},{"type":"Feature","properties":{"id":403,"base_y":16.56,"height":4.72,"tipo":"edificio","plantas":1,"medianeras":[0]},"geometry":{"type":"Polygon","coordinates":[[[177.56,302.04],[176.21,306.06],[171.21,304.74],[172.33,300.78],[177.56,302.04]]]}},{"type":"Feature","properties":{"id":404,"base_y":14.03,"height":9.31,"tipo":"edificio","plantas":2,"medianeras":[0,1,2,3]},"geometry":{"type":"Polygon","coordinates":[[[233.46,393.34],[232.51,395.31],[225.93,393.65],[227.61,389.78],[233.46,393.34]]]}},{"type":"Feature","properties":{"id":405,"base_y":16.34,"height":4.9,"tipo":"edificio","plantas":1,"medianeras":[0,3]},"geometry":{"type":"Polygon","coordinates":[[[210.46,325.56],[208.36,324.72],[210.74,315.57],[212.87,316.31],[210.46,325.56]]]}},{"type":"Feature","properties":{"id":406,"base_y":15.38,"height":7.36,"tipo":"edificio","plantas":1,"medianeras":[0,1,2,3]},"geometry":{"type":"Polygon","coordinates":[[[37.26,253.74],[43.72,253.35],[43.88,256.72],[37.43,256.95],[37.26,253.74]]]}},{"type":"Feature","properties":{"id":407,"base_y":11.62,"height":10.21,"tipo":"edificio","plantas":1,"medianeras":[2,3]},"geometry":{"type":"Polygon","coordinates":[[[403.84,326.62],[405.82,324.39],[410.96,329.28],[408.93,331.48],[403.84,326.62]]]}},{"type":"Feature","properties":{"id":408,"base_y":16.55,"height":9.64,"tipo":"edificio","plantas":2,"medianeras":[0,1,2,3,4,5]},"geometry":{"type":"Polygon","coordinates":[[[224.81,333.45],[223.04,338.21],[218.19,336.68],[219.24,333.99],[221.28,334.76],[222.17,332.46],[224.81,333.45]]]}},{"type":"Feature","properties":{"id":409,"base_y":15.03,"height":4.1,"tipo":"edificio","plantas":1,"medianeras":[0,1,2]},"geometry":{"type":"Polygon","coordinates":[[[151.78,247.37],[150.29,252.36],[146.29,251.45],[148.12,246.4],[151.78,247.37]]]}},{"type":"Feature","properties":{"id":410,"base_y":15.93,"height":5.15,"tipo":"edificio","plantas":1,"medianeras":[0,1,2]},"geometry":{"type":"Polygon","coordinates":[[[98.91,342.1],[103.82,344.04],[103.52,344.87],[102.77,344.62],[102.09,347.18],[96.55,345.68],[98.91,342.1]]]}},{"type":"Feature","properties":{"id":411,"base_y":16.38,"height":5.69,"tipo":"cobertizo","plantas":1,"medianeras":[2,3]},"geometry":{"type":"Polygon","coordinates":[[[116.19,297.88],[116.82,295.47],[124.49,298.56],[123.71,300.91],[116.19,297.88]]]}},{"type":"Feature","properties":{"id":412,"base_y":15.5,"height":8.64,"tipo":"edificio","plantas":1,"medianeras":[1]},"geometry":{"type":"Polygon","coordinates":[[[-16.03,251.43],[-19.9,251.38],[-20.14,246.31],[-16.28,246.12],[-16.03,251.43]]]}},{"type":"Feature","properties":{"id":413,"base_y":16.57,"height":5.98,"tipo":"cobertizo","plantas":1,"medianeras":[0,3]},"geometry":{"type":"Polygon","coordinates":[[[324.94,348.72],[319.97,348.25],[320.44,344.31],[325.46,344.79],[324.94,348.72]]]}},{"type":"Feature","properties":{"id":414,"base_y":16.5,"height":10.08,"tipo":"edificio","plantas":1,"medianeras":[1,2]},"geometry":{"type":"Polygon","coordinates":[[[85.0,329.21],[87.5,324.03],[90.66,325.45],[88.08,330.65],[85.0,329.21]]]}},{"type":"Feature","properties":{"id":415,"base_y":12.11,"height":6.06,"tipo":"edificio","plantas":1,"medianeras":[]},"geometry":{"type":"Polygon","coordinates":[[[273.04,409.92],[271.59,413.37],[266.71,411.31],[268.15,407.86],[273.04,409.92]]]}},{"type":"Feature","properties":{"id":416,"base_y":16.43,"height":6.68,"tipo":"cobertizo","plantas":1,"medianeras":[1]},"geometry":{"type":"Polygon","coordinates":[[[334.34,367.33],[331.69,372.42],[327.94,370.35],[329.52,367.31],[334.34,367.33]]]}},{"type":"Feature","properties":{"id":417,"base_y":15.79,"height":6.26,"tipo":"edificio","plantas":1,"medianeras":[1,2,3]},"geometry":{"type":"Polygon","coordinates":[[[-65.36,274.0],[-69.59,273.41],[-68.43,269.01],[-64.04,270.07],[-65.36,274.0]]]}},{"type":"Feature","properties":{"id":418,"base_y":16.68,"height":7.25,"tipo":"edificio","plantas":2,"medianeras":[0,1,2]},"geometry":{"type":"Polygon","coordinates":[[[93.02,289.11],[91.8,292.5],[86.8,290.48],[87.99,287.08],[93.02,289.11]]]}},{"type":"Feature","properties":{"id":419,"base_y":16.21,"height":7.65,"tipo":"edificio","plantas":1,"medianeras":[1,3]},"geometry":{"type":"Polygon","coordinates":[[[148.34,343.72],[146.81,348.26],[143.22,347.0],[144.58,342.13],[148.34,343.72]]]}},{"type":"Feature","properties":{"id":420,"base_y":15.82,"height":4.57,"tipo":"cobertizo","plantas":1,"medianeras":[0,1,2]},"geometry":{"type":"Polygon","coordinates":[[[-47.89,282.0],[-47.03,279.42],[-40.34,281.67],[-41.2,284.25],[-47.89,282.0]]]}},{"type":"Feature","properties":{"id":421,"base_y":9.93,"height":3.83,"tipo":"edificio","plantas":1,"medianeras":[1,3]},"geometry":{"type":"Polygon","coordinates":[[[342.15,446.17],[343.59,443.72],[349.52,446.53],[348.06,448.94],[342.15,446.17]]]}},{"type":"Feature","properties":{"id":422,"base_y":15.42,"height":6.35,"tipo":"cobertizo","plantas":1,"medianeras":[2,3]},"geometry":{"type":"Polygon","coordinates":[[[388.39,392.14],[389.14,390.84],[384.25,388.17],[384.75,387.3],[394.06,392.39],[392.86,394.58],[388.39,392.14]]]}},{"type":"Feature","properties":{"id":423,"base_y":15.57,"height":6.57,"tipo":"cobertizo","plantas":1,"medianeras":[0,2,3]},"geometry":{"type":"Polygon","coordinates":[[[125.46,248.95],[126.21,246.04],[131.9,247.5],[131.28,250.44],[125.46,248.95]]]}},{"type":"Feature","properties":{"id":424,"base_y":8.33,"height":7.52,"tipo":"edificio","plantas":1,"medianeras":[1,2]},"geometry":{"type":"Polygon","coordinates":[[[215.29,406.09],[216.76,402.02],[220.69,403.38],[219.34,407.31],[215.29,406.09]]]}},{"type":"Feature","properties":{"id":425,"base_y":16.54,"height":6.86,"tipo":"edificio","plantas":1,"medianeras":[0,1]},"geometry":{"type":"Polygon","coordinates":[[[116.86,333.97],[117.68,331.2],[123.64,332.76],[122.88,335.49],[116.86,333.97]]]}},{"type":"Feature","properties":{"id":426,"base_y":15.28,"height":9.33,"tipo":"edificio","plantas":2,"medianeras":[0,1,2]},"geometry":{"type":"Polygon","coordinates":[[[93.85,243.29],[94.06,241.33],[102.8,242.78],[102.48,244.79],[93.85,243.29]]]}},{"type":"Feature","properties":{"id":427,"base_y":15.86,"height":8.74,"tipo":"edificio","plantas":2,"medianeras":[1,2,3]},"geometry":{"type":"Polygon","coordinates":[[[283.18,383.12],[281.38,382.25],[279.17,384.95],[275.93,383.28],[276.97,381.1],[279.88,382.54],[281.31,379.83],[284.17,381.22],[283.18,383.12]]]}},{"type":"Feature","properties":{"id":428,"base_y":9.84,"height":6.76,"tipo":"edificio","plantas":1,"medianeras":[]},"geometry":{"type":"Polygon","coordinates":[[[-176.15,269.25],[-171.72,269.05],[-171.47,273.37],[-176.74,272.09],[-176.15,269.25]]]}},{"type":"Feature","properties":{"id":429,"base_y":16.3,"height":6.22,"tipo":"edificio","plantas":1,"medianeras":[2]},"geometry":{"type":"Polygon","coordinates":[[[193.99,316.4],[200.53,318.92],[199.59,321.24],[193.16,318.74],[193.99,316.4]]]}},{"type":"Feature","properties":{"id":430,"base_y":14.8,"height":7.45,"tipo":"edificio","plantas":1,"medianeras":[1]},"geometry":{"type":"Polygon","coordinates":[[[200.57,365.41],[201.94,362.61],[207.26,364.51],[205.75,367.26],[200.57,365.41]]]}},{"type":"Feature","properties":{"id":431,"base_y":16.99,"height":10.48,"tipo":"edificio","plantas":3,"medianeras":[1,2,3]},"geometry":{"type":"Polygon","coordinates":[[[122.82,303.62],[122.15,305.65],[114.77,302.68],[115.49,300.62],[122.82,303.62]]]}},{"type":"Feature","properties":{"id":432,"base_y":15.58,"height":7.89,"tipo":"edificio","plantas":2,"medianeras":[0,1,2,3,4,6,7]},"geometry":{"type":"Polygon","coordinates":[[[98.27,254.08],[98.16,254.65],[95.1,254.2],[95.18,253.56],[92.78,253.23],[92.97,251.42],[101.21,252.69],[100.91,254.56],[98.27,254.08]]]}},{"type":"Feature","properties":{"id":433,"base_y":13.2,"height":8.3,"tipo":"cobertizo","plantas":1,"medianeras":[1,3]},"geometry":{"type":"Polygon","coordinates":[[[266.99,397.9],[262.99,395.76],[264.34,392.31],[268.52,394.62],[266.99,397.9]]]}},{"type":"Feature","properties":{"id":434,"base_y":15.25,"height":10.27,"tipo":"edificio","plantas":2,"medianeras":[0,2,3]},"geometry":{"type":"Polygon","coordinates":[[[212.93,361.09],[210.37,365.57],[207.43,364.21],[209.84,359.79],[212.93,361.09]]]}},{"type":"Feature","properties":{"id":435,"base_y":16.59,"height":10.36,"tipo":"edificio","plantas":3,"medianeras":[0,1,2]},"geometry":{"type":"Polygon","coordinates":[[[334.44,373.95],[331.89,378.53],[329.07,376.8],[331.69,372.42],[334.44,373.95]]]}},{"type":"Feature","properties":{"id":436,"base_y":15.81,"height":6.41,"tipo":"edificio","plantas":1,"medianeras":[1,3]},"geometry":{"type":"Polygon","coordinates":[[[388.74,354.93],[386.63,357.2],[382.39,353.86],[384.5,351.59],[388.74,354.93]]]}},{"type":"Feature","properties":{"id":437,"base_y":16.28,"height":5.12,"tipo":"edificio","plantas":2,"medianeras":[0,2]},"geometry":{"type":"Polygon","coordinates":[[[85.53,279.56],[85.8,277.2],[91.05,276.7],[89.78,281.02],[85.53,279.56]]]}},{"type":"Feature","properties":{"id":438,"base_y":16.34,"height":5.12,"tipo":"cobertizo","plantas":1,"medianeras":[1,3]},"geometry":{"type":"Polygon","coordinates":[[[338.4,371.18],[333.54,368.86],[334.34,367.33],[340.57,367.35],[338.4,371.18]]]}},{"type":"Feature","properties":{"id":439,"base_y":16.24,"height":9.12,"tipo":"edificio","plantas":2,"medianeras":[1,2]},"geometry":{"type":"Polygon","coordinates":[[[327.4,360.66],[323.43,360.24],[323.54,359.42],[334.22,360.55],[333.96,362.56],[328.05,361.94],[327.4,360.66]]]}},{"type":"Feature","properties":{"id":440,"base_y":15.03,"height":5.55,"tipo":"edificio","plantas":1,"medianeras":[1]},"geometry":{"type":"Polygon","coordinates":[[[263.26,259.56],[259.41,258.2],[260.69,254.46],[264.6,255.68],[263.26,259.56]]]}},{"type":"Feature","properties":{"id":441,"base_y":16.97,"height":7.64,"tipo":"edificio","plantas":1,"medianeras":[2,3]},"geometry":{"type":"Polygon","coordinates":[[[246.35,339.61],[247.95,335.5],[251.37,336.74],[249.78,340.92],[246.35,339.61]]]}},{"type":"Feature","properties":{"id":442,"base_y":16.69,"height":9.65,"tipo":"edificio","plantas":3,"medianeras":[3,4,5]},"geometry":{"type":"Polygon","coordinates":[[[292.33,366.78],[290.15,366.16],[289.66,367.48],[291.74,368.07],[289.53,372.95],[287.26,372.31],[289.77,365.43],[292.58,366.23],[292.33,366.78]]]}},{"type":"Feature","properties":{"id":443,"base_y":16.57,"height":8.27,"tipo":"edificio","plantas":2,"medianeras":[2,3]},"geometry":{"type":"Polygon","coordinates":[[[171.03,313.68],[173.08,307.56],[175.51,308.18],[173.46,314.3],[171.03,313.68]]]}},{"type":"Feature","properties":{"id":444,"base_y":16.41,"height":9.75,"tipo":"edificio","plantas":2,"medianeras":[0,1,3]},"geometry":{"type":"Polygon","coordinates":[[[324.37,353.11],[324.56,351.62],[335.22,352.68],[335.03,354.17],[324.37,353.11]]]}},{"type":"Feature","properties":{"id":445,"base_y":15.17,"height":8.99,"tipo":"edificio","plantas":1,"medianeras":[0,1]},"geometry":{"type":"Polygon","coordinates":[[[247.57,384.62],[251.94,387.14],[250.4,389.93],[246.02,387.33],[247.57,384.62]]]}},{"type":"Feature","properties":{"id":446,"base_y":12.88,"height":11.35,"tipo":"cobertizo","plantas":1,"medianeras":[1,2]},"geometry":{"type":"Polygon","coordinates":[[[261.86,398.54],[254.01,394.04],[254.89,392.51],[262.54,396.9],[261.86,398.54]]]}},{"type":"Feature","properties":{"id":447,"base_y":10.78,"height":8.94,"tipo":"edificio","plantas":2,"medianeras":[2,3]},"geometry":{"type":"Polygon","coordinates":[[[343.59,443.72],[344.91,441.47],[350.65,444.66],[349.52,446.53],[343.59,443.72]]]}},{"type":"Feature","properties":{"id":448,"base_y":15.44,"height":6.29,"tipo":"edificio","plantas":1,"medianeras":[0,2,3]},"geometry":{"type":"Polygon","coordinates":[[[227.0,266.61],[224.83,266.0],[226.87,259.32],[229.02,260.05],[227.0,266.61]]]}},{"type":"Feature","properties":{"id":449,"base_y":16.76,"height":8.88,"tipo":"cobertizo","plantas":1,"medianeras":[0,3]},"geometry":{"type":"Polygon","coordinates":[[[285.12,348.57],[278.34,346.26],[279.04,344.24],[285.86,346.56],[285.12,348.57]]]}},{"type":"Feature","properties":{"id":450,"base_y":14.89,"height":6.4,"tipo":"edificio","plantas":1,"medianeras":[1]},"geometry":{"type":"Polygon","coordinates":[[[35.72,319.68],[38.51,320.79],[36.59,325.62],[33.88,324.33],[35.72,319.68]]]}},{"type":"Feature","properties":{"id":451,"base_y":15.26,"height":7.04,"tipo":"edificio","plantas":1,"medianeras":[0,1,3]},"geometry":{"type":"Polygon","coordinates":[[[-1.14,304.82],[1.83,296.5],[3.4,297.1],[0.54,305.41],[-1.14,304.82]]]}},{"type":"Feature","properties":{"id":452,"base_y":15.49,"height":4.52,"tipo":"edificio","plantas":1,"medianeras":[1,2]},"geometry":{"type":"Polygon","coordinates":[[[221.01,267.75],[222.01,265.21],[227.0,266.61],[226.16,269.32],[221.01,267.75]]]}},{"type":"Feature","properties":{"id":453,"base_y":16.45,"height":3.18,"tipo":"edificio","plantas":1,"medianeras":[3]},"geometry":{"type":"Polygon","coordinates":[[[332.89,308.04],[335.49,302.45],[337.62,303.37],[334.96,309.17],[332.89,308.04]]]}},{"type":"Feature","properties":{"id":454,"base_y":15.27,"height":5.1,"tipo":"edificio","plantas":1,"medianeras":[0,1,2,3,5]},"geometry":{"type":"Polygon","coordinates":[[[323.59,409.8],[325.42,406.87],[322.32,404.98],[322.74,404.29],[328.08,407.64],[326.05,411.34],[323.59,409.8]]]}},{"type":"Feature","properties":{"id":455,"base_y":14.7,"height":6.84,"tipo":"edificio","plantas":1,"medianeras":[3]},"geometry":{"type":"Polygon","coordinates":[[[273.45,264.06],[275.57,259.07],[278.16,259.87],[275.94,264.92],[273.45,264.06]]]}},{"type":"Feature","properties":{"id":456,"base_y":16.64,"height":6.45,"tipo":"edificio","plantas":1,"medianeras":[3]},"geometry":{"type":"Polygon","coordinates":[[[266.65,326.58],[264.6,325.8],[267.35,319.88],[269.4,320.66],[266.65,326.58]]]}},{"type":"Feature","properties":{"id":457,"base_y":16.8,"height":4.89,"tipo":"edificio","plantas":1,"medianeras":[2]},"geometry":{"type":"Polygon","coordinates":[[[261.73,360.14],[262.43,357.79],[268.02,359.37],[267.1,361.72],[261.73,360.14]]]}},{"type":"Feature","properties":{"id":458,"base_y":16.39,"height":10.57,"tipo":"edificio","plantas":1,"medianeras":[1,3]},"geometry":{"type":"Polygon","coordinates":[[[82.84,321.93],[82.06,323.78],[75.64,320.89],[76.41,319.04],[82.84,321.93]]]}},{"type":"Feature","properties":{"id":459,"base_y":15.06,"height":7.81,"tipo":"edificio","plantas":2,"medianeras":[3]},"geometry":{"type":"Polygon","coordinates":[[[297.47,281.56],[296.42,284.13],[291.96,282.2],[293.1,279.58],[297.47,281.56]]]}},{"type":"Feature","properties":{"id":460,"base_y":7.95,"height":4.87,"tipo":"edificio","plantas":1,"medianeras":[]},"geometry":{"type":"Polygon","coordinates":[[[-315.02,184.55],[-318.75,181.05],[-316.97,179.12],[-313.22,182.63],[-315.02,184.55]]]}},{"type":"Feature","properties":{"id":461,"base_y":15.04,"height":7.68,"tipo":"cobertizo","plantas":1,"medianeras":[0,3]},"geometry":{"type":"Polygon","coordinates":[[[145.94,242.13],[145.88,238.84],[150.47,238.68],[149.44,242.07],[145.94,242.13]]]}},{"type":"Feature","properties":{"id":462,"base_y":9.17,"height":8.9,"tipo":"edificio","plantas":1,"medianeras":[2,3,4,5,6]},"geometry":{"type":"Polygon","coordinates":[[[458.1,429.59],[457.28,429.52],[457.27,431.1],[455.12,430.97],[455.13,429.53],[453.24,429.46],[453.45,427.4],[458.24,427.56],[458.1,429.59]]]}},{"type":"Feature","properties":{"id":463,"base_y":16.1,"height":3.92,"tipo":"edificio","plantas":1,"medianeras":[0,3]},"geometry":{"type":"Polygon","coordinates":[[[131.47,340.35],[130.6,344.31],[127.4,343.65],[128.34,339.71],[131.47,340.35]]]}},{"type":"Feature","properties":{"id":464,"base_y":15.82,"height":4.35,"tipo":"edificio","plantas":1,"medianeras":[2,3]},"geometry":{"type":"Polygon","coordinates":[[[-32.47,297.74],[-36.04,296.72],[-34.89,293.35],[-31.35,294.42],[-32.47,297.74]]]}},{"type":"Feature","properties":{"id":465,"base_y":15.93,"height":6.45,"tipo":"edificio","plantas":1,"medianeras":[0,1]},"geometry":{"type":"Polygon","coordinates":[[[58.89,255.96],[63.16,255.74],[63.28,258.74],[58.98,258.95],[58.89,255.96]]]}},{"type":"Feature","properties":{"id":466,"base_y":16.64,"height":6.25,"tipo":"edificio","plantas":1,"medianeras":[1,2,3]},"geometry":{"type":"Polygon","coordinates":[[[221.72,319.97],[225.56,320.36],[225.28,323.68],[220.96,322.8],[221.72,319.97]]]}},{"type":"Feature","properties":{"id":467,"base_y":17.03,"height":5.95,"tipo":"edificio","plantas":1,"medianeras":[1,2,3,4]},"geometry":{"type":"Polygon","coordinates":[[[266.72,339.57],[265.79,342.14],[262.33,341.01],[262.59,340.31],[261.52,339.87],[262.27,337.81],[266.72,339.57]]]}},{"type":"Feature","properties":{"id":468,"base_y":15.76,"height":6.59,"tipo":"edificio","plantas":1,"medianeras":[0,1,3]},"geometry":{"type":"Polygon","coordinates":[[[188.76,262.65],[190.01,258.85],[193.07,259.78],[191.82,263.59],[188.76,262.65]]]}},{"type":"Feature","properties":{"id":469,"base_y":13.99,"height":6.79,"tipo":"edificio","plantas":1,"medianeras":[1]},"geometry":{"type":"Polygon","coordinates":[[[206.59,371.39],[204.58,375.21],[201.88,374.33],[204.26,370.0],[206.59,371.39]]]}},{"type":"Feature","properties":{"id":470,"base_y":16.78,"height":6.38,"tipo":"edificio","plantas":2,"medianeras":[0,1,3]},"geometry":{"type":"Polygon","coordinates":[[[248.09,314.81],[243.22,313.67],[243.7,311.17],[248.91,312.66],[248.09,314.81]]]}},{"type":"Feature","properties":{"id":471,"base_y":15.09,"height":4.96,"tipo":"edificio","plantas":1,"medianeras":[0,1,2]},"geometry":{"type":"Polygon","coordinates":[[[142.91,251.0],[142.85,248.0],[147.66,247.93],[146.49,250.93],[142.91,251.0]]]}},{"type":"Feature","properties":{"id":472,"base_y":16.47,"height":7.93,"tipo":"edificio","plantas":1,"medianeras":[0,1,2]},"geometry":{"type":"Polygon","coordinates":[[[330.06,345.39],[330.51,341.41],[336.07,346.03],[336.05,346.17],[330.06,345.39]]]}},{"type":"Feature","properties":{"id":473,"base_y":15.2,"height":10.83,"tipo":"edificio","plantas":2,"medianeras":[1,2,3]},"geometry":{"type":"Polygon","coordinates":[[[214.58,367.51],[212.49,366.55],[215.06,362.05],[217.37,362.92],[214.58,367.51]]]}},{"type":"Feature","properties":{"id":474,"base_y":15.87,"height":8.04,"tipo":"edificio","plantas":2,"medianeras":[0,1,2]},"geometry":{"type":"Polygon","coordinates":[[[346.94,420.13],[344.28,418.75],[346.31,414.93],[348.78,416.68],[346.94,420.13]]]}},{"type":"Feature","properties":{"id":475,"base_y":16.12,"height":8.7,"tipo":"cobertizo","plantas":1,"medianeras":[1,3]},"geometry":{"type":"Polygon","coordinates":[[[55.62,315.59],[56.28,313.11],[60.79,314.45],[60.12,316.85],[55.62,315.59]]]}},{"type":"Feature","properties":{"id":476,"base_y":16.68,"height":6.69,"tipo":"edificio","plantas":1,"medianeras":[0,1,2]},"geometry":{"type":"Polygon","coordinates":[[[185.93,287.3],[184.65,290.79],[181.71,289.62],[182.87,286.14],[185.93,287.3]]]}},{"type":"Feature","properties":{"id":477,"base_y":16.61,"height":7.46,"tipo":"edificio","plantas":1,"medianeras":[0,1,5]},"geometry":{"type":"Polygon","coordinates":[[[381.51,407.98],[377.27,405.24],[379.23,402.12],[380.31,402.85],[379.38,404.44],[382.53,406.48],[381.51,407.98]]]}},{"type":"Feature","properties":{"id":478,"base_y":14.25,"height":9.81,"tipo":"edificio","plantas":2,"medianeras":[0,1,3]},"geometry":{"type":"Polygon","coordinates":[[[306.39,269.25],[305.86,270.57],[298.05,268.15],[298.63,266.81],[306.39,269.25]]]}},{"type":"Feature","properties":{"id":479,"base_y":15.25,"height":8.34,"tipo":"edificio","plantas":1,"medianeras":[0,2,3]},"geometry":{"type":"Polygon","coordinates":[[[94.06,241.33],[94.1,240.99],[103.16,240.56],[102.8,242.78],[94.06,241.33]]]}},{"type":"Feature","properties":{"id":480,"base_y":14.78,"height":7.44,"tipo":"edificio","plantas":1,"medianeras":[2,3]},"geometry":{"type":"Polygon","coordinates":[[[31.98,308.37],[29.05,307.47],[30.11,303.95],[33.1,304.88],[31.98,308.37]]]}},{"type":"Feature","properties":{"id":481,"base_y":16.57,"height":7.9,"tipo":"edificio","plantas":1,"medianeras":[0,3]},"geometry":{"type":"Polygon","coordinates":[[[175.96,287.84],[175.56,289.29],[168.22,287.5],[168.61,286.05],[175.96,287.84]]]}},{"type":"Feature","properties":{"id":482,"base_y":16.7,"height":5.64,"tipo":"edificio","plantas":1,"medianeras":[1,2,3]},"geometry":{"type":"Polygon","coordinates":[[[225.98,315.32],[223.05,315.0],[224.16,310.87],[226.37,310.66],[225.98,315.32]]]}},{"type":"Feature","properties":{"id":483,"base_y":16.45,"height":3.55,"tipo":"edificio","plantas":1,"medianeras":[1]},"geometry":{"type":"Polygon","coordinates":[[[78.21,281.28],[78.66,280.06],[85.53,279.56],[85.3,281.56],[78.21,281.28]]]}},{"type":"Feature","properties":{"id":484,"base_y":15.8,"height":7.46,"tipo":"edificio","plantas":2,"medianeras":[0,1,3]},"geometry":{"type":"Polygon","coordinates":[[[339.23,409.89],[337.78,411.92],[334.31,409.7],[335.56,407.28],[339.23,409.89]]]}},{"type":"Feature","properties":{"id":485,"base_y":16.18,"height":6.24,"tipo":"cobertizo","plantas":1,"medianeras":[0,1,3]},"geometry":{"type":"Polygon","coordinates":[[[131.47,340.35],[134.05,340.93],[133.48,344.88],[130.6,344.31],[131.47,340.35]]]}},{"type":"Feature","properties":{"id":486,"base_y":15.92,"height":6.23,"tipo":"edificio","plantas":1,"medianeras":[2,3]},"geometry":{"type":"Polygon","coordinates":[[[358.15,334.07],[360.28,331.41],[362.7,333.48],[360.25,336.31],[358.15,334.07]]]}},{"type":"Feature","properties":{"id":487,"base_y":15.8,"height":8.74,"tipo":"edificio","plantas":3,"medianeras":[0,4,5]},"geometry":{"type":"Polygon","coordinates":[[[279.69,385.22],[280.58,383.67],[283.72,385.17],[284.48,383.76],[285.65,384.33],[284.03,387.46],[279.69,385.22]]]}},{"type":"Feature","properties":{"id":488,"base_y":13.9,"height":9.47,"tipo":"edificio","plantas":2,"medianeras":[0,1,2,3]},"geometry":{"type":"Polygon","coordinates":[[[310.65,270.56],[309.91,272.89],[305.47,271.5],[306.39,269.25],[310.65,270.56]]]}},{"type":"Feature","properties":{"id":489,"base_y":15.42,"height":6.21,"tipo":"edificio","plantas":1,"medianeras":[0,2,3]},"geometry":{"type":"Polygon","coordinates":[[[68.44,252.85],[68.35,251.0],[74.3,250.74],[74.34,252.59],[68.44,252.85]]]}},{"type":"Feature","properties":{"id":490,"base_y":16.99,"height":5.79,"tipo":"edificio","plantas":1,"medianeras":[0,4,5]},"geometry":{"type":"Polygon","coordinates":[[[248.91,312.66],[247.85,312.35],[248.74,310.01],[244.26,308.73],[244.59,307.37],[250.3,309.0],[248.91,312.66]]]}},{"type":"Feature","properties":{"id":491,"base_y":15.7,"height":5.15,"tipo":"edificio","plantas":1,"medianeras":[2,3]},"geometry":{"type":"Polygon","coordinates":[[[184.29,260.53],[185.1,258.44],[189.66,259.92],[188.96,262.07],[184.29,260.53]]]}},{"type":"Feature","properties":{"id":492,"base_y":15.57,"height":9.12,"tipo":"edificio","plantas":2,"medianeras":[0,1,2,3]},"geometry":{"type":"Polygon","coordinates":[[[74.29,250.54],[78.53,250.34],[78.65,252.83],[74.35,253.04],[74.29,250.54]]]}},{"type":"Feature","properties":{"id":493,"base_y":11.78,"height":10.44,"tipo":"edificio","plantas":2,"medianeras":[0,3]},"geometry":{"type":"Polygon","coordinates":[[[408.93,331.48],[410.96,329.28],[413.5,331.69],[411.46,333.9],[408.93,331.48]]]}},{"type":"Feature","properties":{"id":494,"base_y":15.25,"height":6.81,"tipo":"edificio","plantas":1,"medianeras":[2]},"geometry":{"type":"Polygon","coordinates":[[[103.16,240.56],[112.35,240.12],[111.82,242.33],[103.16,240.56]]]}},{"type":"Feature","properties":{"id":495,"base_y":9.38,"height":5.21,"tipo":"edificio","plantas":1,"medianeras":[]},"geometry":{"type":"Polygon","coordinates":[[[457.27,385.35],[458.81,388.19],[456.09,389.67],[454.55,386.83],[457.27,385.35]]]}},{"type":"Feature","properties":{"id":496,"base_y":9.75,"height":2.5,"tipo":"edificio","plantas":1,"medianeras":[]},"geometry":{"type":"Polygon","coordinates":[[[95.06,355.82],[97.64,356.62],[96.87,360.18],[94.16,359.2],[95.06,355.82]]]}},{"type":"Feature","properties":{"id":497,"base_y":15.58,"height":3.91,"tipo":"cobertizo","plantas":1,"medianeras":[1,2]},"geometry":{"type":"Polygon","coordinates":[[[322.06,295.56],[322.71,293.79],[327.56,295.62],[326.92,297.39],[322.06,295.56]]]}},{"type":"Feature","properties":{"id":498,"base_y":17.06,"height":4.36,"tipo":"edificio","plantas":1,"medianeras":[0]},"geometry":{"type":"Polygon","coordinates":[[[248.66,313.31],[249.57,310.93],[253.24,312.2],[252.41,314.49],[248.66,313.31]]]}},{"type":"Feature","properties":{"id":499,"base_y":7.61,"height":3.48,"tipo":"cobertizo","plantas":1,"medianeras":[2]},"geometry":{"type":"Polygon","coordinates":[[[-407.48,132.66],[-412.25,129.34],[-411.3,127.97],[-406.53,131.29],[-407.48,132.66]]]}},{"type":"Feature","properties":{"id":500,"base_y":16.74,"height":6.32,"tipo":"cobertizo","plantas":1,"medianeras":[1,2]},"geometry":{"type":"Polygon","coordinates":[[[316.88,345.54],[316.6,347.93],[312.62,347.54],[312.91,345.16],[316.88,345.54]]]}},{"type":"Feature","properties":{"id":501,"base_y":12.84,"height":7.1,"tipo":"cobertizo","plantas":1,"medianeras":[2,3]},"geometry":{"type":"Polygon","coordinates":[[[338.12,432.75],[337.05,434.67],[333.25,432.66],[334.33,430.74],[338.12,432.75]]]}},{"type":"Feature","properties":{"id":502,"base_y":1.71,"height":2.65,"tipo":"cobertizo","plantas":1,"medianeras":[0,1]},"geometry":{"type":"Polygon","coordinates":[[[-37.76,450.96],[-33.86,447.06],[-32.66,448.25],[-36.57,452.16],[-37.76,450.96]]]}},{"type":"Feature","properties":{"id":503,"base_y":13.81,"height":9.47,"tipo":"edificio","plantas":1,"medianeras":[0,1,3]},"geometry":{"type":"Polygon","coordinates":[[[309.91,272.89],[310.65,270.56],[314.32,271.7],[313.42,273.99],[309.91,272.89]]]}},{"type":"Feature","properties":{"id":504,"base_y":16.54,"height":8.37,"tipo":"edificio","plantas":1,"medianeras":[3,4,5,6,7]},"geometry":{"type":"Polygon","coordinates":[[[323.23,351.88],[323.46,349.26],[321.98,349.09],[321.79,351.73],[320.59,351.6],[321.01,348.35],[324.94,348.72],[324.51,352.02],[323.23,351.88]]]}},{"type":"Feature","properties":{"id":505,"base_y":13.42,"height":8.89,"tipo":"edificio","plantas":2,"medianeras":[0,1,2,3]},"geometry":{"type":"Polygon","coordinates":[[[321.82,284.74],[322.17,283.92],[332.01,286.91],[331.72,287.75],[321.82,284.74]]]}},{"type":"Feature","properties":{"id":506,"base_y":10.15,"height":10.28,"tipo":"edificio","plantas":2,"medianeras":[0,1,3]},"geometry":{"type":"Polygon","coordinates":[[[158.03,373.87],[163.09,374.83],[162.4,376.49],[157.72,375.75],[158.03,373.87]]]}},{"type":"Feature","properties":{"id":507,"base_y":14.82,"height":5.0,"tipo":"cobertizo","plantas":1,"medianeras":[1]},"geometry":{"type":"Polygon","coordinates":[[[403.25,359.12],[400.37,361.89],[398.86,360.29],[401.9,357.37],[403.25,359.12]]]}},{"type":"Feature","properties":{"id":508,"base_y":13.36,"height":8.7,"tipo":"cobertizo","plantas":1,"medianeras":[0,2]},"geometry":{"type":"Polygon","coordinates":[[[266.99,397.9],[268.52,394.62],[270.86,395.91],[269.02,398.99],[266.99,397.9]]]}},{"type":"Feature","properties":{"id":509,"base_y":15.39,"height":5.51,"tipo":"edificio","plantas":1,"medianeras":[0,1,2,3]},"geometry":{"type":"Polygon","coordinates":[[[229.02,260.05],[226.87,259.32],[228.02,255.59],[230.19,256.25],[229.02,260.05]]]}},{"type":"Feature","properties":{"id":510,"base_y":13.83,"height":9.7,"tipo":"cobertizo","plantas":1,"medianeras":[1,2,3]},"geometry":{"type":"Polygon","coordinates":[[[298.85,266.31],[314.53,271.18],[314.32,271.7],[298.63,266.81],[298.85,266.31]]]}},{"type":"Feature","properties":{"id":511,"base_y":15.21,"height":8.38,"tipo":"edificio","plantas":1,"medianeras":[0,1,3]},"geometry":{"type":"Polygon","coordinates":[[[62.75,244.83],[59.08,245.01],[58.99,242.61],[62.66,242.43],[62.75,244.83]]]}},{"type":"Feature","properties":{"id":512,"base_y":14.8,"height":5.77,"tipo":"edificio","plantas":1,"medianeras":[2,3]},"geometry":{"type":"Polygon","coordinates":[[[282.64,277.26],[279.78,283.49],[278.64,283.04],[281.42,276.77],[282.64,277.26]]]}},{"type":"Feature","properties":{"id":513,"base_y":15.39,"height":8.23,"tipo":"cobertizo","plantas":1,"medianeras":[2]},"geometry":{"type":"Polygon","coordinates":[[[238.76,386.08],[235.94,384.27],[237.3,382.07],[240.09,383.81],[238.76,386.08]]]}},{"type":"Feature","properties":{"id":514,"base_y":15.78,"height":8.75,"tipo":"edificio","plantas":1,"medianeras":[1,3]},"geometry":{"type":"Polygon","coordinates":[[[361.82,428.08],[363.28,429.0],[360.9,433.37],[359.4,432.57],[361.82,428.08]]]}},{"type":"Feature","properties":{"id":515,"base_y":16.47,"height":5.03,"tipo":"edificio","plantas":1,"medianeras":[1,2]},"geometry":{"type":"Polygon","coordinates":[[[80.82,284.34],[80.14,286.6],[76.66,285.49],[77.5,283.19],[80.82,284.34]]]}},{"type":"Feature","properties":{"id":516,"base_y":15.5,"height":9.69,"tipo":"edificio","plantas":1,"medianeras":[1,2,3]},"geometry":{"type":"Polygon","coordinates":[[[247.57,384.62],[248.42,383.14],[252.78,385.67],[251.94,387.14],[247.57,384.62]]]}},{"type":"Feature","properties":{"id":517,"base_y":15.5,"height":6.62,"tipo":"edificio","plantas":1,"medianeras":[0,1,3]},"geometry":{"type":"Polygon","coordinates":[[[125.46,248.95],[122.71,248.24],[123.46,245.34],[126.21,246.04],[125.46,248.95]]]}},{"type":"Feature","properties":{"id":518,"base_y":15.34,"height":8.66,"tipo":"edificio","plantas":1,"medianeras":[0,1,2,3,4,5]},"geometry":{"type":"Polygon","coordinates":[[[228.31,253.04],[231.7,254.02],[231.01,255.88],[230.4,255.57],[230.19,256.25],[227.47,255.42],[228.31,253.04]]]}},{"type":"Feature","properties":{"id":519,"base_y":16.21,"height":5.45,"tipo":"edificio","plantas":1,"medianeras":[1]},"geometry":{"type":"Polygon","coordinates":[[[101.33,275.77],[101.75,272.4],[104.37,272.67],[103.52,276.08],[101.33,275.77]]]}},{"type":"Feature","properties":{"id":520,"base_y":12.53,"height":8.51,"tipo":"edificio","plantas":2,"medianeras":[0,1,2,3]},"geometry":{"type":"Polygon","coordinates":[[[392.33,319.59],[395.69,322.15],[394.34,323.74],[391.11,320.94],[392.33,319.59]]]}},{"type":"Feature","properties":{"id":521,"base_y":13.6,"height":9.19,"tipo":"edificio","plantas":2,"medianeras":[0,1,3]},"geometry":{"type":"Polygon","coordinates":[[[326.38,282.8],[325.71,285.0],[322.17,283.92],[323.08,281.8],[326.38,282.8]]]}},{"type":"Feature","properties":{"id":522,"base_y":15.08,"height":6.73,"tipo":"edificio","plantas":1,"medianeras":[2,3]},"geometry":{"type":"Polygon","coordinates":[[[308.8,393.43],[310.58,390.06],[312.54,391.11],[310.59,394.4],[308.8,393.43]]]}},{"type":"Feature","properties":{"id":523,"base_y":15.28,"height":5.8,"tipo":"edificio","plantas":1,"medianeras":[0,1,2]},"geometry":{"type":"Polygon","coordinates":[[[22.03,251.68],[19.72,251.85],[19.55,248.33],[21.91,248.28],[22.03,251.68]]]}},{"type":"Feature","properties":{"id":524,"base_y":14.81,"height":10.39,"tipo":"edificio","plantas":1,"medianeras":[0,4,7]},"geometry":{"type":"Polygon","coordinates":[[[-255.12,-0.19],[-254.93,8.9],[-269.15,9.59],[-270.47,-26.69],[-370.59,-23.13],[-372.84,-78.76],[-252.59,-83.13],[-249.55,-0.46],[-255.12,-0.19]]]}},{"type":"Feature","properties":{"id":525,"base_y":14.64,"height":13.18,"tipo":"edificio","plantas":1,"medianeras":[]},"geometry":{"type":"Polygon","coordinates":[[[-252.63,-85.11],[-386.09,-80.02],[-386.94,-101.49],[-253.11,-107.62],[-252.63,-85.11]]]}},{"type":"Feature","properties":{"id":526,"base_y":16.27,"height":8.35,"tipo":"edificio","plantas":1,"medianeras":[]},"geometry":{"type":"Polygon","coordinates":[[[750.0,137.95],[750.0,158.63],[735.55,150.91],[730.01,161.29],[716.3,153.96],[730.44,127.5],[750.0,137.95]]]}},{"type":"Feature","properties":{"id":527,"base_y":13.01,"height":11.68,"tipo":"edificio","plantas":1,"medianeras":[2,3,4]},"geometry":{"type":"Polygon","coordinates":[[[406.58,152.2],[405.31,112.9],[455.97,111.25],[456.94,141.23],[442.85,141.69],[443.15,151.02],[406.58,152.2]]]}},{"type":"Feature","properties":{"id":528,"base_y":14.23,"height":10.02,"tipo":"edificio","plantas":1,"medianeras":[0,5]},"geometry":{"type":"Polygon","coordinates":[[[-372.91,-80.53],[-370.59,-23.13],[-403.61,-21.96],[-405.56,-71.2],[-387.87,-71.91],[-388.2,-79.91],[-372.91,-80.53]]]}},{"type":"Feature","properties":{"id":529,"base_y":14.08,"height":9.35,"tipo":"edificio","plantas":1,"medianeras":[]},"geometry":{"type":"Polygon","coordinates":[[[-750.0,-543.75],[-750.0,-569.61],[-726.15,-600.98],[-699.36,-580.62],[-705.47,-572.58],[-712.84,-578.18],[-743.04,-538.45],[-750.0,-543.75]]]}},{"type":"Feature","properties":{"id":530,"base_y":13.7,"height":11.56,"tipo":"edificio","plantas":1,"medianeras":[]},"geometry":{"type":"Polygon","coordinates":[[[-732.29,-529.44],[-697.31,-575.45],[-676.04,-559.29],[-711.02,-513.28],[-732.29,-529.44]]]}},{"type":"Feature","properties":{"id":531,"base_y":16.0,"height":5.77,"tipo":"edificio","plantas":1,"medianeras":[2]},"geometry":{"type":"Polygon","coordinates":[[[652.24,99.24],[646.93,109.18],[681.9,127.87],[678.6,134.04],[633.04,109.7],[647.18,83.24],[720.83,122.59],[715.3,132.93],[652.24,99.24]]]}},{"type":"Feature","properties":{"id":532,"base_y":15.82,"height":16.14,"tipo":"edificio","plantas":1,"medianeras":[2,3,4]},"geometry":{"type":"Polygon","coordinates":[[[-117.85,-122.84],[-115.5,-67.84],[-140.83,-66.82],[-142.67,-112.44],[-143.02,-112.44],[-143.54,-122.22],[-117.85,-122.84]]]}},{"type":"Feature","properties":{"id":533,"base_y":18.76,"height":4.62,"tipo":"edificio","plantas":1,"medianeras":[0,5]},"geometry":{"type":"Polygon","coordinates":[[[746.88,-81.38],[750.0,-79.71],[750.0,-66.11],[731.96,-75.75],[750.0,-109.51],[750.0,-87.23],[746.88,-81.38]]]}},{"type":"Feature","properties":{"id":534,"base_y":18.84,"height":4.02,"tipo":"edificio","plantas":1,"medianeras":[]},"geometry":{"type":"Polygon","coordinates":[[[750.0,-51.94],[750.0,-35.54],[719.26,-51.96],[726.07,-64.73],[750.0,-51.94]]]}},{"type":"Feature","properties":{"id":535,"base_y":16.7,"height":5.65,"tipo":"edificio","plantas":1,"medianeras":[3]},"geometry":{"type":"Polygon","coordinates":[[[734.96,96.13],[729.31,106.72],[666.21,73.01],[657.73,88.88],[647.18,83.24],[661.31,56.78],[734.96,96.13]]]}},{"type":"Feature","properties":{"id":536,"base_y":15.44,"height":6.0,"tipo":"edificio","plantas":1,"medianeras":[]},"geometry":{"type":"Polygon","coordinates":[[[702.01,157.76],[696.35,168.35],[633.22,134.62],[624.74,150.5],[614.22,144.88],[628.36,118.42],[702.01,157.76]]]}},{"type":"Feature","properties":{"id":537,"base_y":17.73,"height":7.44,"tipo":"edificio","plantas":2,"medianeras":[5]},"geometry":{"type":"Polygon","coordinates":[[[750.0,25.02],[750.0,42.02],[707.83,19.49],[712.55,10.67],[708.14,8.32],[703.43,17.14],[687.02,8.38],[694.09,-4.85],[750.0,25.02]]]}},{"type":"Feature","properties":{"id":538,"base_y":16.0,"height":14.43,"tipo":"edificio","plantas":1,"medianeras":[0,3]},"geometry":{"type":"Polygon","coordinates":[[[-142.67,-112.44],[-140.83,-66.82],[-165.55,-65.84],[-167.34,-111.12],[-142.67,-112.44]]]}},{"type":"Feature","properties":{"id":539,"base_y":16.29,"height":7.65,"tipo":"edificio","plantas":1,"medianeras":[]},"geometry":{"type":"Polygon","coordinates":[[[705.07,176.77],[712.28,163.28],[750.0,183.43],[750.0,200.77],[705.07,176.77]]]}},{"type":"Feature","properties":{"id":540,"base_y":11.83,"height":9.2,"tipo":"edificio","plantas":1,"medianeras":[4]},"geometry":{"type":"Polygon","coordinates":[[[448.78,183.48],[473.37,182.69],[473.86,197.82],[462.2,233.07],[450.39,233.45],[448.78,183.48]]]}},{"type":"Feature","properties":{"id":541,"base_y":15.18,"height":11.17,"tipo":"edificio","plantas":2,"medianeras":[2,3,4,5,6,7,10,12,13]},"geometry":{"type":"Polygon","coordinates":[[[131.14,48.41],[132.31,75.67],[136.45,75.49],[136.63,79.49],[140.32,79.33],[140.27,78.08],[142.27,78.0],[142.32,79.25],[169.85,78.07],[169.78,76.57],[176.03,76.3],[176.58,89.29],[126.23,91.45],[125.76,80.46],[122.46,80.6],[121.1,48.82],[131.14,48.41]]]}},{"type":"Feature","properties":{"id":542,"base_y":15.19,"height":8.99,"tipo":"edificio","plantas":1,"medianeras":[]},"geometry":{"type":"Polygon","coordinates":[[[647.29,176.15],[637.78,193.93],[599.07,173.25],[608.57,155.46],[647.29,176.15]]]}},{"type":"Feature","properties":{"id":543,"base_y":12.64,"height":10.51,"tipo":"edificio","plantas":1,"medianeras":[]},"geometry":{"type":"Polygon","coordinates":[[[408.98,152.79],[442.27,151.71],[442.91,171.7],[409.63,172.77],[408.98,152.79]]]}},{"type":"Feature","properties":{"id":544,"base_y":12.45,"height":9.15,"tipo":"edificio","plantas":1,"medianeras":[0,2]},"geometry":{"type":"Polygon","coordinates":[[[448.78,183.48],[450.39,233.45],[437.4,233.87],[435.79,183.9],[448.78,183.48]]]}},{"type":"Feature","properties":{"id":545,"base_y":12.52,"height":9.08,"tipo":"edificio","plantas":1,"medianeras":[2]},"geometry":{"type":"Polygon","coordinates":[[[424.41,234.29],[422.8,184.32],[435.79,183.9],[437.4,233.87],[424.41,234.29]]]}},{"type":"Feature","properties":{"id":546,"base_y":18.29,"height":6.05,"tipo":"edificio","plantas":1,"medianeras":[1,2]},"geometry":{"type":"Polygon","coordinates":[[[713.58,-41.35],[750.0,-21.9],[750.0,-20.91],[744.75,-11.1],[713.22,-27.94],[704.74,-12.07],[699.45,-14.89],[713.58,-41.35]]]}},{"type":"Feature","properties":{"id":547,"base_y":17.9,"height":10.3,"tipo":"cobertizo","plantas":1,"medianeras":[]},"geometry":{"type":"Polygon","coordinates":[[[-665.79,-616.43],[-695.03,-638.66],[-702.48,-628.87],[-708.03,-633.08],[-693.82,-651.77],[-659.03,-625.32],[-665.79,-616.43]]]}},{"type":"Feature","properties":{"id":548,"base_y":16.66,"height":4.28,"tipo":"edificio","plantas":1,"medianeras":[3]},"geometry":{"type":"Polygon","coordinates":[[[-160.53,2.12],[-161.4,-0.88],[-163.28,-3.63],[-165.55,-65.84],[-157.05,-66.18],[-154.65,-20.19],[-161.28,-19.88],[-161.22,-18.82],[-157.47,-19.01],[-156.65,-1.19],[-157.15,1.24],[-153.86,5.54],[-162.78,5.88],[-160.53,2.12]]]}},{"type":"Feature","properties":{"id":549,"base_y":18.74,"height":5.65,"tipo":"edificio","plantas":1,"medianeras":[0]},"geometry":{"type":"Polygon","coordinates":[[[744.75,-11.1],[750.0,-20.91],[750.0,-8.29],[744.75,-11.1]]]}},{"type":"Feature","properties":{"id":550,"base_y":9.96,"height":10.86,"tipo":"edificio","plantas":1,"medianeras":[0,5]},"geometry":{"type":"Polygon","coordinates":[[[-378.65,81.18],[-385.97,89.56],[-394.72,81.62],[-385.47,67.68],[-360.09,66.74],[-360.59,82.18],[-378.65,81.18]]]}},{"type":"Feature","properties":{"id":551,"base_y":13.16,"height":8.99,"tipo":"edificio","plantas":1,"medianeras":[0]},"geometry":{"type":"Polygon","coordinates":[[[248.47,148.94],[232.1,149.56],[231.1,119.75],[247.22,119.13],[248.47,148.94]]]}},{"type":"Feature","properties":{"id":552,"base_y":17.32,"height":6.46,"tipo":"edificio","plantas":1,"medianeras":[3]},"geometry":{"type":"Polygon","coordinates":[[[693.93,29.08],[679.8,55.54],[665.81,48.07],[679.95,21.61],[693.93,29.08]]]}},{"type":"Feature","properties":{"id":553,"base_y":14.34,"height":8.34,"tipo":"edificio","plantas":1,"medianeras":[0,1,2]},"geometry":{"type":"Polygon","coordinates":[[[498.66,34.48],[499.79,64.51],[484.8,65.02],[483.67,35.04],[498.66,34.48]]]}},{"type":"Feature","properties":{"id":554,"base_y":13.73,"height":7.41,"tipo":"edificio","plantas":1,"medianeras":[0,2,3]},"geometry":{"type":"Polygon","coordinates":[[[487.79,64.91],[488.92,94.89],[473.93,95.45],[472.8,65.47],[487.79,64.91]]]}},{"type":"Feature","properties":{"id":555,"base_y":14.05,"height":7.79,"tipo":"edificio","plantas":1,"medianeras":[0,1,2]},"geometry":{"type":"Polygon","coordinates":[[[432.71,36.95],[433.83,66.93],[418.84,67.49],[417.72,37.51],[432.71,36.95]]]}},{"type":"Feature","properties":{"id":556,"base_y":14.38,"height":8.0,"tipo":"edificio","plantas":1,"medianeras":[2]},"geometry":{"type":"Polygon","coordinates":[[[402.03,25.89],[400.91,-4.09],[415.9,-4.65],[417.02,25.33],[402.03,25.89]]]}},{"type":"Feature","properties":{"id":557,"base_y":14.55,"height":7.83,"tipo":"edificio","plantas":1,"medianeras":[0,2]},"geometry":{"type":"Polygon","coordinates":[[[442.88,-5.66],[444.01,24.32],[429.02,24.88],[427.89,-5.1],[442.88,-5.66]]]}},{"type":"Feature","properties":{"id":558,"base_y":13.65,"height":7.51,"tipo":"edificio","plantas":1,"medianeras":[0,2,3]},"geometry":{"type":"Polygon","coordinates":[[[433.83,66.93],[434.96,96.91],[419.97,97.47],[418.84,67.49],[433.83,66.93]]]}},{"type":"Feature","properties":{"id":559,"base_y":13.14,"height":7.8,"tipo":"edificio","plantas":1,"medianeras":[0,1,3]},"geometry":{"type":"Polygon","coordinates":[[[471.93,140.75],[456.94,141.23],[455.97,111.25],[470.96,110.77],[471.93,140.75]]]}},{"type":"Feature","properties":{"id":560,"base_y":12.55,"height":7.45,"tipo":"edificio","plantas":1,"medianeras":[2,3]},"geometry":{"type":"Polygon","coordinates":[[[487.82,140.24],[488.79,170.22],[473.8,170.71],[472.83,140.72],[487.82,140.24]]]}},{"type":"Feature","properties":{"id":561,"base_y":12.58,"height":7.41,"tipo":"edificio","plantas":1,"medianeras":[1,2,3]},"geometry":{"type":"Polygon","coordinates":[[[473.8,170.71],[458.81,171.19],[457.84,141.21],[472.83,140.72],[473.8,170.71]]]}},{"type":"Feature","properties":{"id":562,"base_y":14.07,"height":7.85,"tipo":"edificio","plantas":1,"medianeras":[0,2,3]},"geometry":{"type":"Polygon","coordinates":[[[433.83,66.93],[432.71,36.95],[447.7,36.39],[448.82,66.37],[433.83,66.93]]]}},{"type":"Feature","properties":{"id":563,"base_y":13.63,"height":7.15,"tipo":"edificio","plantas":1,"medianeras":[0,3]},"geometry":{"type":"Polygon","coordinates":[[[418.84,67.49],[419.97,97.47],[404.98,98.03],[403.85,68.05],[418.84,67.49]]]}},{"type":"Feature","properties":{"id":564,"base_y":13.92,"height":7.03,"tipo":"edificio","plantas":1,"medianeras":[3]},"geometry":{"type":"Polygon","coordinates":[[[502.78,64.37],[517.78,63.88],[518.9,93.86],[503.91,94.35],[502.78,64.37]]]}},{"type":"Feature","properties":{"id":565,"base_y":13.67,"height":7.42,"tipo":"edificio","plantas":1,"medianeras":[0,1,2]},"geometry":{"type":"Polygon","coordinates":[[[434.96,96.91],[433.83,66.93],[448.82,66.37],[449.94,96.35],[434.96,96.91]]]}},{"type":"Feature","properties":{"id":566,"base_y":12.57,"height":7.43,"tipo":"edificio","plantas":1,"medianeras":[1,2]},"geometry":{"type":"Polygon","coordinates":[[[443.81,171.67],[442.85,141.69],[457.84,141.21],[458.81,171.19],[443.81,171.67]]]}},{"type":"Feature","properties":{"id":567,"base_y":13.79,"height":7.9,"tipo":"edificio","plantas":1,"medianeras":[0,1,3]},"geometry":{"type":"Polygon","coordinates":[[[487.79,64.91],[502.78,64.37],[503.91,94.35],[488.92,94.89],[487.79,64.91]]]}},{"type":"Feature","properties":{"id":568,"base_y":19.22,"height":4.12,"tipo":"edificio","plantas":1,"medianeras":[0,2]},"geometry":{"type":"Polygon","coordinates":[[[746.88,-81.38],[750.0,-87.23],[750.0,-79.71],[746.88,-81.38]]]}},{"type":"Feature","properties":{"id":569,"base_y":12.33,"height":6.64,"tipo":"edificio","plantas":1,"medianeras":[3,7,9,10,12,13]},"geometry":{"type":"Polygon","coordinates":[[[423.47,205.28],[420.32,205.38],[420.5,210.78],[423.65,210.67],[423.82,216.15],[420.67,216.25],[420.85,221.65],[423.99,221.55],[424.41,234.29],[419.46,234.45],[419.37,231.65],[409.32,231.98],[408.36,201.99],[423.35,201.51],[423.47,205.28]]]}},{"type":"Feature","properties":{"id":570,"base_y":14.02,"height":6.58,"tipo":"edificio","plantas":1,"medianeras":[0,1,2,5]},"geometry":{"type":"Polygon","coordinates":[[[418.84,67.49],[411.25,67.78],[411.1,63.78],[403.7,64.06],[402.73,38.08],[417.72,37.51],[418.84,67.49]]]}},{"type":"Feature","properties":{"id":571,"base_y":14.2,"height":11.77,"tipo":"cobertizo","plantas":1,"medianeras":[]},"geometry":{"type":"Polygon","coordinates":[[[-709.89,-602.59],[-698.53,-593.95],[-702.18,-589.15],[-697.39,-585.51],[-693.74,-590.31],[-677.43,-577.91],[-681.08,-573.11],[-675.84,-569.13],[-672.19,-573.93],[-661.91,-566.11],[-666.87,-559.58],[-714.86,-596.06],[-709.89,-602.59]]]}},{"type":"Feature","properties":{"id":572,"base_y":14.31,"height":7.72,"tipo":"edificio","plantas":1,"medianeras":[0,1,2,3,4,5,6,7,8,10]},"geometry":{"type":"Polygon","coordinates":[[[104.72,207.25],[105.53,207.34],[94.36,213.24],[90.77,214.38],[84.5,215.43],[81.85,215.25],[75.39,206.04],[76.11,206.0],[83.02,201.41],[80.47,197.37],[104.36,196.44],[104.72,207.25]]]}},{"type":"Feature","properties":{"id":573,"base_y":15.39,"height":11.14,"tipo":"edificio","plantas":2,"medianeras":[0,1,2,3,4,5,6,7]},"geometry":{"type":"Polygon","coordinates":[[[171.17,79.7],[171.7,88.84],[128.25,90.44],[128.2,86.26],[132.07,86.14],[132.07,83.45],[134.32,83.41],[134.12,81.16],[171.17,79.7]]]}},{"type":"Feature","properties":{"id":574,"base_y":16.32,"height":6.89,"tipo":"edificio","plantas":1,"medianeras":[2,3,6]},"geometry":{"type":"Polygon","coordinates":[[[-182.95,111.24],[-182.94,110.14],[-190.7,110.41],[-191.47,90.81],[-178.9,90.31],[-177.9,120.24],[-190.28,121.06],[-190.66,111.52],[-182.95,111.24]]]}},{"type":"Feature","properties":{"id":575,"base_y":14.47,"height":7.39,"tipo":"edificio","plantas":1,"medianeras":[0,1,2,3,4,5,6,7,10]},"geometry":{"type":"Polygon","coordinates":[[[69.85,206.05],[75.39,206.04],[81.85,215.25],[84.5,215.43],[90.77,214.38],[97.95,211.59],[105.53,207.34],[104.72,207.25],[104.36,196.44],[112.53,196.12],[113.22,216.18],[70.4,217.74],[69.85,206.05]]]}},{"type":"Feature","properties":{"id":576,"base_y":14.77,"height":8.24,"tipo":"edificio","plantas":1,"medianeras":[1,3]},"geometry":{"type":"Polygon","coordinates":[[[491.97,22.52],[479.98,22.97],[478.86,-7.01],[490.85,-7.46],[491.97,22.52]]]}},{"type":"Feature","properties":{"id":577,"base_y":13.69,"height":7.0,"tipo":"edificio","plantas":1,"medianeras":[0,2,3]},"geometry":{"type":"Polygon","coordinates":[[[472.8,65.47],[473.93,95.45],[461.94,95.9],[460.81,65.92],[472.8,65.47]]]}},{"type":"Feature","properties":{"id":578,"base_y":14.12,"height":7.37,"tipo":"edificio","plantas":1,"medianeras":[1,2,3]},"geometry":{"type":"Polygon","coordinates":[[[447.7,36.39],[459.69,35.94],[460.81,65.92],[448.82,66.37],[447.7,36.39]]]}},{"type":"Feature","properties":{"id":579,"base_y":13.67,"height":7.09,"tipo":"edificio","plantas":1,"medianeras":[0,1,3]},"geometry":{"type":"Polygon","coordinates":[[[448.82,66.37],[460.81,65.92],[461.94,95.9],[449.94,96.35],[448.82,66.37]]]}},{"type":"Feature","properties":{"id":580,"base_y":14.09,"height":7.38,"tipo":"edificio","plantas":1,"medianeras":[0,2,3]},"geometry":{"type":"Polygon","coordinates":[[[460.81,65.92],[459.69,35.94],[471.68,35.49],[472.8,65.47],[460.81,65.92]]]}},{"type":"Feature","properties":{"id":581,"base_y":14.6,"height":4.71,"tipo":"edificio","plantas":1,"medianeras":[0,2]},"geometry":{"type":"Polygon","coordinates":[[[454.87,-6.11],[456.0,23.87],[444.01,24.32],[442.88,-5.66],[454.87,-6.11]]]}},{"type":"Feature","properties":{"id":582,"base_y":14.41,"height":7.65,"tipo":"edificio","plantas":1,"medianeras":[1,3]},"geometry":{"type":"Polygon","coordinates":[[[415.9,-4.65],[427.89,-5.1],[429.02,24.88],[417.02,25.33],[415.9,-4.65]]]}},{"type":"Feature","properties":{"id":583,"base_y":14.83,"height":8.2,"tipo":"edificio","plantas":1,"medianeras":[2]},"geometry":{"type":"Polygon","coordinates":[[[502.84,-7.91],[503.96,22.07],[491.97,22.52],[490.85,-7.46],[502.84,-7.91]]]}},{"type":"Feature","properties":{"id":584,"base_y":14.2,"height":7.26,"tipo":"edificio","plantas":1,"medianeras":[0,1,3]},"geometry":{"type":"Polygon","coordinates":[[[484.8,65.02],[472.8,65.47],[471.68,35.49],[483.67,35.04],[484.8,65.02]]]}},{"type":"Feature","properties":{"id":585,"base_y":14.62,"height":6.76,"tipo":"edificio","plantas":1,"medianeras":[6,7]},"geometry":{"type":"Polygon","coordinates":[[[184.35,151.31],[183.35,121.62],[194.19,121.19],[194.48,126.65],[189.39,126.82],[189.69,135.95],[199.52,135.52],[199.97,150.88],[184.35,151.31]]]}},{"type":"Feature","properties":{"id":586,"base_y":11.62,"height":6.63,"tipo":"edificio","plantas":1,"medianeras":[2]},"geometry":{"type":"Polygon","coordinates":[[[442.66,274.5],[430.21,301.81],[419.59,296.94],[432.03,269.69],[442.66,274.5]]]}},{"type":"Feature","properties":{"id":587,"base_y":15.0,"height":8.07,"tipo":"edificio","plantas":1,"medianeras":[1,4]},"geometry":{"type":"Polygon","coordinates":[[[-2.15,128.81],[13.72,128.18],[14.48,144.68],[4.58,145.0],[5.22,158.33],[-1.03,158.56],[-2.15,128.81]]]}},{"type":"Feature","properties":{"id":588,"base_y":13.1,"height":7.99,"tipo":"edificio","plantas":2,"medianeras":[0,2,3,5,6,7,8]},"geometry":{"type":"Polygon","coordinates":[[[315.47,254.99],[323.97,226.38],[339.1,230.88],[337.3,236.82],[327.44,234.19],[323.92,245.08],[322.63,244.8],[322.48,245.61],[333.62,249.09],[330.47,259.62],[315.47,254.99]]]}},{"type":"Feature","properties":{"id":589,"base_y":15.4,"height":5.35,"tipo":"edificio","plantas":1,"medianeras":[0,1]},"geometry":{"type":"Polygon","coordinates":[[[184.84,55.31],[186.15,88.88],[176.58,89.29],[174.74,55.74],[184.84,55.31]],[[179.13,73.68],[179.25,76.47],[183.53,76.29],[183.41,73.49],[179.13,73.68]]]}},{"type":"Feature","properties":{"id":590,"base_y":11.74,"height":6.9,"tipo":"edificio","plantas":1,"medianeras":[1,3]},"geometry":{"type":"Polygon","coordinates":[[[421.91,265.06],[432.03,269.69],[419.59,296.94],[409.53,292.38],[421.91,265.06]]]}},{"type":"Feature","properties":{"id":591,"base_y":13.79,"height":9.62,"tipo":"edificio","plantas":1,"medianeras":[0,1,2,3]},"geometry":{"type":"Polygon","coordinates":[[[-689.53,-547.03],[-711.55,-516.75],[-718.55,-521.84],[-696.52,-552.12],[-689.53,-547.03]]]}},{"type":"Feature","properties":{"id":592,"base_y":14.11,"height":8.68,"tipo":"edificio","plantas":1,"medianeras":[0,1,2,3,4]},"geometry":{"type":"Polygon","coordinates":[[[-721.43,-571.29],[-743.45,-541.02],[-750.0,-545.78],[-750.0,-546.72],[-728.43,-576.38],[-721.43,-571.29]]]}},{"type":"Feature","properties":{"id":593,"base_y":13.41,"height":7.12,"tipo":"edificio","plantas":1,"medianeras":[1,2,3]},"geometry":{"type":"Polygon","coordinates":[[[286.16,215.0],[302.34,219.87],[296.75,238.03],[280.59,232.91],[286.16,215.0]]]}},{"type":"Feature","properties":{"id":594,"base_y":17.33,"height":3.73,"tipo":"edificio","plantas":1,"medianeras":[]},"geometry":{"type":"Polygon","coordinates":[[[741.28,107.22],[744.57,101.04],[750.0,103.94],[750.0,111.88],[741.28,107.22]]]}},{"type":"Feature","properties":{"id":595,"base_y":14.03,"height":8.9,"tipo":"edificio","plantas":2,"medianeras":[0,8]},"geometry":{"type":"Polygon","coordinates":[[[232.1,149.56],[232.34,155.12],[221.41,155.53],[221.42,155.04],[220.24,155.11],[220.57,166.48],[222.82,166.42],[222.92,169.44],[232.95,169.14],[233.41,179.44],[217.47,180.06],[216.22,150.25],[232.1,149.56]]]}},{"type":"Feature","properties":{"id":596,"base_y":14.67,"height":7.41,"tipo":"edificio","plantas":1,"medianeras":[1]},"geometry":{"type":"Polygon","coordinates":[[[517.29,50.89],[499.3,51.52],[498.66,34.48],[516.65,33.8],[517.29,50.89]]]}},{"type":"Feature","properties":{"id":597,"base_y":12.56,"height":6.81,"tipo":"edificio","plantas":1,"medianeras":[1,2]},"geometry":{"type":"Polygon","coordinates":[[[364.1,225.38],[363.47,202.69],[375.38,202.36],[375.66,212.38],[377.6,229.44],[364.1,225.38]]]}},{"type":"Feature","properties":{"id":598,"base_y":15.72,"height":6.85,"tipo":"edificio","plantas":1,"medianeras":[4,5,10]},"geometry":{"type":"Polygon","coordinates":[[[-67.1,60.91],[-67.29,56.12],[-63.15,55.93],[-63.15,55.37],[-58.97,55.24],[-58.22,86.12],[-70.59,86.62],[-71.0,72.53],[-63.13,72.3],[-63.36,65.57],[-71.19,65.96],[-71.33,61.05],[-67.1,60.91]]]}},{"type":"Feature","properties":{"id":599,"base_y":10.67,"height":5.38,"tipo":"edificio","plantas":1,"medianeras":[0,12]},"geometry":{"type":"Polygon","coordinates":[[[-297.03,141.12],[-313.78,158.49],[-319.69,152.79],[-319.1,152.17],[-319.6,151.69],[-318.53,150.57],[-319.87,149.28],[-320.95,150.39],[-321.45,149.91],[-322.05,150.52],[-327.59,145.18],[-323.78,141.06],[-298.09,140.06],[-297.03,141.12]]]}},{"type":"Feature","properties":{"id":600,"base_y":15.56,"height":4.93,"tipo":"edificio","plantas":1,"medianeras":[0,6,7,8,15]},"geometry":{"type":"Polygon","coordinates":[[[-58.22,86.12],[-58.97,55.24],[-55.09,55.12],[-55.09,55.68],[-47.47,55.43],[-46.96,68.52],[-49.84,68.62],[-49.96,64.93],[-54.86,65.22],[-54.68,68.85],[-56.15,68.88],[-56.13,70.48],[-54.61,70.45],[-54.46,74.97],[-46.71,74.67],[-46.28,85.68],[-58.22,86.12]]]}},{"type":"Feature","properties":{"id":601,"base_y":15.7,"height":5.09,"tipo":"edificio","plantas":1,"medianeras":[2,3,7,8]},"geometry":{"type":"Polygon","coordinates":[[[-60.9,13.87],[-49.09,13.49],[-48.75,23.29],[-53.8,23.53],[-53.73,24.91],[-55.96,25.05],[-55.82,28.52],[-53.57,28.39],[-53.28,34.81],[-48.36,34.59],[-48.03,43.93],[-55.65,44.12],[-55.53,44.68],[-59.4,44.87],[-60.9,13.87]]]}},{"type":"Feature","properties":{"id":602,"base_y":13.95,"height":9.32,"tipo":"edificio","plantas":2,"medianeras":[1,2,5]},"geometry":{"type":"Polygon","coordinates":[[[-240.94,147.69],[-251.5,148.06],[-250.78,168.29],[-256.78,168.56],[-258.03,138.56],[-241.28,137.93],[-240.94,147.69]]]}},{"type":"Feature","properties":{"id":603,"base_y":16.7,"height":4.78,"tipo":"edificio","plantas":1,"medianeras":[2,3,8]},"geometry":{"type":"Polygon","coordinates":[[[-210.88,73.83],[-210.68,84.51],[-203.92,84.27],[-203.72,91.24],[-216.03,91.68],[-217.15,61.56],[-209.37,61.75],[-209.21,65.8],[-204.59,65.55],[-204.33,73.61],[-210.88,73.83]]]}},{"type":"Feature","properties":{"id":604,"base_y":14.74,"height":8.07,"tipo":"edificio","plantas":1,"medianeras":[5]},"geometry":{"type":"Polygon","coordinates":[[[308.25,167.05],[308.13,162.75],[296.6,163.05],[295.97,147.25],[311.72,146.63],[312.66,166.92],[308.25,167.05]]]}},{"type":"Feature","properties":{"id":605,"base_y":14.23,"height":8.34,"tipo":"edificio","plantas":1,"medianeras":[0,1,2,6,7]},"geometry":{"type":"Polygon","coordinates":[[[63.16,156.24],[62.11,132.3],[71.17,131.95],[71.32,135.46],[66.41,135.65],[66.72,142.94],[78.26,142.49],[78.78,155.74],[63.16,156.24]]]}},{"type":"Feature","properties":{"id":606,"base_y":18.18,"height":3.97,"tipo":"edificio","plantas":1,"medianeras":[0,2,3]},"geometry":{"type":"Polygon","coordinates":[[[740.27,53.83],[735.54,62.7],[712.04,50.15],[716.77,41.28],[740.27,53.83]]]}},{"type":"Feature","properties":{"id":607,"base_y":16.24,"height":4.74,"tipo":"edificio","plantas":1,"medianeras":[3,9,10]},"geometry":{"type":"Polygon","coordinates":[[[-131.09,119.56],[-134.78,119.31],[-134.78,118.49],[-143.47,118.81],[-143.9,106.66],[-139.55,106.74],[-139.54,109.31],[-136.17,109.23],[-136.6,92.77],[-144.37,93.01],[-144.53,88.49],[-131.97,88.43],[-131.09,119.56]]]}},{"type":"Feature","properties":{"id":608,"base_y":14.47,"height":5.79,"tipo":"edificio","plantas":1,"medianeras":[2,3,4,5,6,7]},"geometry":{"type":"Polygon","coordinates":[[[-192.47,165.99],[-191.47,195.62],[-207.22,196.31],[-207.66,185.46],[-195.4,184.92],[-195.54,181.26],[-197.04,181.32],[-197.64,166.2],[-192.47,165.99]]]}},{"type":"Feature","properties":{"id":609,"base_y":15.26,"height":8.68,"tipo":"edificio","plantas":2,"medianeras":[0,2]},"geometry":{"type":"Polygon","coordinates":[[[-240.22,167.87],[-241.28,137.93],[-225.53,137.31],[-225.2,147.12],[-235.72,147.53],[-234.85,167.65],[-240.22,167.87]]]}},{"type":"Feature","properties":{"id":610,"base_y":14.21,"height":9.62,"tipo":"edificio","plantas":2,"medianeras":[0,1,6]},"geometry":{"type":"Polygon","coordinates":[[[132.6,209.68],[129.78,209.74],[130.28,224.99],[124.16,225.24],[122.85,224.24],[121.91,195.56],[132.16,195.12],[132.6,209.68]]]}},{"type":"Feature","properties":{"id":611,"base_y":15.37,"height":8.85,"tipo":"edificio","plantas":2,"medianeras":[2,5]},"geometry":{"type":"Polygon","coordinates":[[[-224.53,167.25],[-225.53,137.31],[-209.72,136.68],[-209.29,146.5],[-220.17,146.92],[-219.33,167.05],[-224.53,167.25]]]}},{"type":"Feature","properties":{"id":612,"base_y":15.79,"height":4.5,"tipo":"edificio","plantas":1,"medianeras":[2,3,4,9,10]},"geometry":{"type":"Polygon","coordinates":[[[-94.81,105.11],[-87.88,104.98],[-88.27,92.34],[-95.15,92.55],[-95.28,87.56],[-83.03,87.06],[-82.09,117.56],[-86.22,117.68],[-86.22,117.12],[-90.05,117.29],[-90.27,111.6],[-94.63,111.79],[-94.81,105.11]]]}},{"type":"Feature","properties":{"id":613,"base_y":14.29,"height":8.35,"tipo":"edificio","plantas":2,"medianeras":[2,5]},"geometry":{"type":"Polygon","coordinates":[[[269.18,148.33],[269.89,167.17],[280.99,166.84],[281.41,177.69],[265.78,178.56],[264.6,148.5],[269.18,148.33]]]}},{"type":"Feature","properties":{"id":614,"base_y":12.5,"height":6.54,"tipo":"edificio","plantas":1,"medianeras":[1,2]},"geometry":{"type":"Polygon","coordinates":[[[407.8,184.8],[422.8,184.32],[423.35,201.51],[408.36,201.99],[407.8,184.8]]]}},{"type":"Feature","properties":{"id":615,"base_y":14.08,"height":8.08,"tipo":"edificio","plantas":2,"medianeras":[3,7]},"geometry":{"type":"Polygon","coordinates":[[[175.48,199.09],[166.95,199.44],[167.51,212.47],[171.35,212.29],[171.51,223.3],[162.53,223.68],[161.41,193.68],[175.25,193.03],[175.48,199.09]]]}},{"type":"Feature","properties":{"id":616,"base_y":18.33,"height":4.7,"tipo":"edificio","plantas":1,"medianeras":[0]},"geometry":{"type":"Polygon","coordinates":[[[750.0,59.03],[726.98,46.73],[730.92,39.36],[750.0,49.56],[750.0,59.03]]]}},{"type":"Feature","properties":{"id":617,"base_y":12.72,"height":3.46,"tipo":"edificio","plantas":1,"medianeras":[]},"geometry":{"type":"Polygon","coordinates":[[[-750.0,-257.65],[-715.2,-230.91],[-718.14,-227.05],[-726.45,-233.65],[-726.23,-234.08],[-750.0,-252.55],[-750.0,-257.65]]]}},{"type":"Feature","properties":{"id":618,"base_y":15.72,"height":5.34,"tipo":"edificio","plantas":1,"medianeras":[4,6,7,8,9,12,13]},"geometry":{"type":"Polygon","coordinates":[[[-216.03,91.68],[-214.9,122.12],[-223.36,122.0],[-223.59,117.44],[-227.45,117.64],[-227.7,110.86],[-223.71,110.73],[-223.63,112.7],[-219.06,112.54],[-219.14,110.31],[-220.96,110.38],[-221.5,96.27],[-228.24,96.54],[-228.4,92.18],[-216.03,91.68]]]}},{"type":"Feature","properties":{"id":619,"base_y":15.57,"height":6.52,"tipo":"edificio","plantas":1,"medianeras":[0,1,2,6]},"geometry":{"type":"Polygon","coordinates":[[[180.72,4.32],[181.6,27.67],[173.63,28.0],[173.45,25.21],[176.08,25.1],[175.95,21.03],[169.09,21.32],[168.47,4.82],[180.72,4.32]]]}},{"type":"Feature","properties":{"id":620,"base_y":14.35,"height":5.97,"tipo":"edificio","plantas":1,"medianeras":[2,6,7,8]},"geometry":{"type":"Polygon","coordinates":[[[-290.45,64.94],[-290.35,64.18],[-280.84,63.81],[-280.57,72.18],[-289.15,72.47],[-288.34,88.9],[-280.03,88.58],[-279.84,94.12],[-292.59,94.62],[-293.57,65.06],[-290.45,64.94]]]}},{"type":"Feature","properties":{"id":621,"base_y":14.61,"height":7.22,"tipo":"edificio","plantas":1,"medianeras":[1,2,3]},"geometry":{"type":"Polygon","coordinates":[[[479.98,22.97],[467.99,23.42],[467.24,3.43],[479.23,2.98],[479.98,22.97]]]}},{"type":"Feature","properties":{"id":622,"base_y":14.71,"height":5.45,"tipo":"edificio","plantas":1,"medianeras":[0,2,3]},"geometry":{"type":"Polygon","coordinates":[[[467.24,3.43],[467.99,23.42],[456.0,23.87],[455.25,3.88],[467.24,3.43]]]}},{"type":"Feature","properties":{"id":623,"base_y":16.36,"height":4.7,"tipo":"edificio","plantas":1,"medianeras":[2,3,4,6,7]},"geometry":{"type":"Polygon","coordinates":[[[-151.09,88.8],[-150.47,106.65],[-143.91,106.32],[-143.63,114.42],[-147.6,114.62],[-147.46,118.96],[-155.72,119.81],[-156.78,89.06],[-151.09,88.8]]]}},{"type":"Feature","properties":{"id":624,"base_y":13.28,"height":7.03,"tipo":"edificio","plantas":1,"medianeras":[0,1,2]},"geometry":{"type":"Polygon","coordinates":[[[314.6,223.56],[309.08,241.49],[296.88,237.63],[302.34,219.87],[314.6,223.56]]]}},{"type":"Feature","properties":{"id":625,"base_y":15.54,"height":9.19,"tipo":"edificio","plantas":1,"medianeras":[0,1]},"geometry":{"type":"Polygon","coordinates":[[[-176.4,165.37],[-184.47,165.68],[-185.47,135.81],[-177.59,135.49],[-176.4,165.37]]]}},{"type":"Feature","properties":{"id":626,"base_y":13.54,"height":6.55,"tipo":"edificio","plantas":1,"medianeras":[0,1]},"geometry":{"type":"Polygon","coordinates":[[[-247.15,197.93],[-248.34,168.18],[-240.22,167.87],[-239.28,197.62],[-247.15,197.93]]]}},{"type":"Feature","properties":{"id":627,"base_y":15.91,"height":7.13,"tipo":"edificio","plantas":1,"medianeras":[0,3]},"geometry":{"type":"Polygon","coordinates":[[[-143.02,-112.44],[-167.34,-111.12],[-167.72,-120.92],[-143.54,-122.22],[-143.02,-112.44]]]}},{"type":"Feature","properties":{"id":628,"base_y":14.54,"height":7.86,"tipo":"edificio","plantas":2,"medianeras":[0,2,5,6]},"geometry":{"type":"Polygon","coordinates":[[[-100.53,234.49],[-101.53,204.56],[-91.47,204.12],[-91.08,214.0],[-97.51,214.37],[-97.22,224.9],[-90.66,224.61],[-90.28,234.12],[-100.53,234.49]]]}},{"type":"Feature","properties":{"id":629,"base_y":16.59,"height":4.71,"tipo":"edificio","plantas":1,"medianeras":[2,3,4,8]},"geometry":{"type":"Polygon","coordinates":[[[-153.5,67.85],[-153.05,81.12],[-144.79,80.77],[-144.53,88.49],[-156.78,89.06],[-157.78,59.18],[-149.67,59.26],[-149.52,63.46],[-145.39,63.28],[-145.25,67.4],[-153.5,67.85]]]}},{"type":"Feature","properties":{"id":630,"base_y":15.26,"height":5.66,"tipo":"edificio","plantas":1,"medianeras":[1]},"geometry":{"type":"Polygon","coordinates":[[[45.72,126.87],[61.85,126.18],[62.79,147.81],[55.93,148.11],[55.4,135.72],[46.12,136.11],[45.72,126.87]]]}},{"type":"Feature","properties":{"id":631,"base_y":15.51,"height":4.42,"tipo":"edificio","plantas":1,"medianeras":[2,6,7,13,14]},"geometry":{"type":"Polygon","coordinates":[[[194.03,33.88],[192.91,3.82],[205.22,3.32],[205.54,11.3],[198.99,11.46],[199.44,23.14],[205.99,22.79],[206.14,26.6],[201.19,26.8],[201.05,24.33],[199.43,24.43],[199.44,25.75],[198.23,25.79],[198.34,26.92],[197.88,26.94],[198.19,33.71],[194.03,33.88]]]}},{"type":"Feature","properties":{"id":632,"base_y":14.92,"height":6.36,"tipo":"edificio","plantas":1,"medianeras":[0,4,5,7]},"geometry":{"type":"Polygon","coordinates":[[[70.4,217.74],[94.96,216.85],[95.09,220.85],[97.09,220.77],[97.18,223.33],[92.68,223.5],[92.78,226.5],[70.85,227.37],[70.4,217.74]]]}},{"type":"Feature","properties":{"id":633,"base_y":16.39,"height":4.76,"tipo":"edificio","plantas":1,"medianeras":[0,1,2,8]},"geometry":{"type":"Polygon","coordinates":[[[-132.9,57.93],[-131.9,88.43],[-144.53,88.49],[-144.7,83.63],[-136.33,83.33],[-136.86,67.21],[-140.95,67.31],[-140.89,69.21],[-145.18,69.31],[-145.39,63.28],[-141.22,63.11],[-141.35,58.95],[-137.2,58.84],[-137.28,58.06],[-132.9,57.93]]]}},{"type":"Feature","properties":{"id":634,"base_y":14.77,"height":4.78,"tipo":"edificio","plantas":1,"medianeras":[2,9,10]},"geometry":{"type":"Polygon","coordinates":[[[306.91,29.57],[305.97,-0.5],[317.94,-0.97],[318.22,7.78],[315.72,7.89],[316.04,12.54],[313.14,12.65],[313.14,12.25],[312.08,12.19],[312.27,19.24],[310.62,19.3],[310.94,29.33],[306.91,29.57]]]}},{"type":"Feature","properties":{"id":635,"base_y":16.18,"height":4.92,"tipo":"edificio","plantas":1,"medianeras":[4,5,6,9,10]},"geometry":{"type":"Polygon","coordinates":[[[-104.65,57.18],[-104.59,57.68],[-100.59,57.56],[-100.38,62.19],[-96.02,62.0],[-95.42,82.65],[-103.38,82.93],[-103.8,68.32],[-102.78,68.29],[-102.83,67.14],[-108.45,67.37],[-108.84,57.31],[-104.65,57.18]]]}},{"type":"Feature","properties":{"id":636,"base_y":13.11,"height":7.85,"tipo":"edificio","plantas":1,"medianeras":[0,1,3]},"geometry":{"type":"Polygon","coordinates":[[[479.43,140.51],[471.93,140.75],[470.96,110.77],[478.46,110.53],[479.43,140.51]]]}},{"type":"Feature","properties":{"id":637,"base_y":12.97,"height":7.83,"tipo":"edificio","plantas":1,"medianeras":[1,2]},"geometry":{"type":"Polygon","coordinates":[[[485.96,110.28],[486.92,140.27],[479.43,140.51],[478.46,110.53],[485.96,110.28]]]}},{"type":"Feature","properties":{"id":638,"base_y":16.04,"height":4.71,"tipo":"edificio","plantas":1,"medianeras":[5,13,14,15]},"geometry":{"type":"Polygon","coordinates":[[[-96.02,62.0],[-91.9,61.82],[-92.1,57.31],[-87.65,57.18],[-87.59,56.62],[-84.03,56.43],[-83.44,74.55],[-86.95,74.7],[-87.3,66.51],[-91.69,66.7],[-91.24,79.64],[-92.98,79.72],[-92.89,85.06],[-83.11,84.78],[-83.03,87.06],[-95.28,87.56],[-96.02,62.0]]]}},{"type":"Feature","properties":{"id":639,"base_y":14.71,"height":5.39,"tipo":"edificio","plantas":1,"medianeras":[0,1,6]},"geometry":{"type":"Polygon","coordinates":[[[326.94,28.5],[326.63,18.78],[325.09,18.83],[324.76,11.79],[320.9,12.02],[320.81,7.67],[318.22,7.78],[317.94,-0.97],[329.91,-1.43],[330.91,28.32],[326.94,28.5]]]}},{"type":"Feature","properties":{"id":640,"base_y":14.44,"height":7.86,"tipo":"edificio","plantas":2,"medianeras":[6,10]},"geometry":{"type":"Polygon","coordinates":[[[-126.31,210.97],[-126.0,222.94],[-126.47,222.94],[-126.56,224.47],[-127.76,224.51],[-127.76,226.2],[-120.47,225.89],[-120.15,235.18],[-130.28,235.56],[-131.65,205.87],[-121.15,205.43],[-120.97,210.83],[-126.31,210.97]]]}},{"type":"Feature","properties":{"id":641,"base_y":12.49,"height":6.21,"tipo":"edificio","plantas":1,"medianeras":[]},"geometry":{"type":"Polygon","coordinates":[[[507.59,209.01],[504.93,218.87],[484.2,213.29],[486.86,203.42],[507.59,209.01]]]}},{"type":"Feature","properties":{"id":642,"base_y":14.53,"height":7.56,"tipo":"edificio","plantas":2,"medianeras":[0,2,5,6]},"geometry":{"type":"Polygon","coordinates":[[[10.6,229.81],[9.16,200.37],[19.35,199.93],[19.58,205.78],[13.93,205.95],[14.45,219.75],[20.13,219.54],[20.53,229.43],[10.6,229.81]]]}},{"type":"Feature","properties":{"id":643,"base_y":13.39,"height":8.55,"tipo":"edificio","plantas":1,"medianeras":[0,1]},"geometry":{"type":"Polygon","coordinates":[[[379.66,202.25],[363.47,202.69],[362.97,186.63],[372.72,186.32],[379.66,202.25]]]}},{"type":"Feature","properties":{"id":644,"base_y":13.8,"height":6.29,"tipo":"edificio","plantas":1,"medianeras":[]},"geometry":{"type":"Polygon","coordinates":[[[253.36,220.27],[240.41,216.34],[244.97,201.56],[257.72,205.44],[253.36,220.27]]]}},{"type":"Feature","properties":{"id":645,"base_y":15.36,"height":8.83,"tipo":"edificio","plantas":2,"medianeras":[1,2,3,6]},"geometry":{"type":"Polygon","coordinates":[[[197.28,75.25],[196.3,52.02],[199.48,51.98],[199.55,52.6],[200.48,52.54],[202.38,58.12],[202.51,62.43],[208.77,62.19],[209.28,74.82],[197.28,75.25]]]}},{"type":"Feature","properties":{"id":646,"base_y":14.42,"height":5.63,"tipo":"edificio","plantas":1,"medianeras":[0,1,2]},"geometry":{"type":"Polygon","coordinates":[[[151.74,139.83],[152.28,152.81],[136.47,153.43],[135.95,140.44],[151.74,139.83]]]}},{"type":"Feature","properties":{"id":647,"base_y":14.18,"height":7.98,"tipo":"edificio","plantas":2,"medianeras":[0,2,3,5,6,8]},"geometry":{"type":"Polygon","coordinates":[[[143.53,224.43],[142.28,194.62],[151.72,194.16],[151.99,199.51],[147.21,199.7],[147.64,209.36],[144.29,209.49],[144.46,213.56],[152.66,213.24],[153.19,224.05],[143.53,224.43]]]}},{"type":"Feature","properties":{"id":648,"base_y":14.02,"height":8.75,"tipo":"edificio","plantas":2,"medianeras":[3,5]},"geometry":{"type":"Polygon","coordinates":[[[200.5,165.84],[207.31,165.59],[207.49,169.99],[217.03,169.54],[217.47,180.06],[201.03,180.68],[200.5,165.84]]]}},{"type":"Feature","properties":{"id":649,"base_y":15.78,"height":7.21,"tipo":"edificio","plantas":1,"medianeras":[2]},"geometry":{"type":"Polygon","coordinates":[[[-1.43,101.36],[-12.66,101.66],[-13.4,83.87],[-2.09,83.37],[-1.43,101.36]]]}},{"type":"Feature","properties":{"id":650,"base_y":13.71,"height":5.15,"tipo":"edificio","plantas":1,"medianeras":[]},"geometry":{"type":"Polygon","coordinates":[[[-728.67,-489.58],[-738.13,-496.43],[-728.08,-510.3],[-718.62,-503.44],[-728.67,-489.58]]]}},{"type":"Feature","properties":{"id":651,"base_y":16.75,"height":4.45,"tipo":"edificio","plantas":1,"medianeras":[5]},"geometry":{"type":"Polygon","coordinates":[[[-191.47,90.81],[-191.97,76.52],[-188.13,76.37],[-188.22,74.12],[-179.5,73.77],[-178.9,90.31],[-191.47,90.81]]]}},{"type":"Feature","properties":{"id":652,"base_y":15.21,"height":5.71,"tipo":"edificio","plantas":1,"medianeras":[3]},"geometry":{"type":"Polygon","coordinates":[[[283.05,72.18],[283.39,81.05],[261.24,81.89],[260.9,72.8],[283.05,72.18]]]}},{"type":"Feature","properties":{"id":653,"base_y":15.56,"height":5.04,"tipo":"edificio","plantas":1,"medianeras":[1,11]},"geometry":{"type":"Polygon","coordinates":[[[32.78,82.56],[33.16,92.24],[29.02,92.4],[28.97,90.69],[16.44,91.04],[16.49,92.88],[10.03,93.12],[9.88,88.53],[11.73,88.45],[11.59,85.21],[9.75,85.28],[9.66,83.18],[32.78,82.56]]]}},{"type":"Feature","properties":{"id":654,"base_y":11.73,"height":6.69,"tipo":"edificio","plantas":1,"medianeras":[0,1,5]},"geometry":{"type":"Polygon","coordinates":[[[421.91,265.06],[413.33,283.99],[412.53,283.63],[414.23,279.86],[410.68,278.18],[408.81,281.94],[403.86,279.7],[412.53,260.81],[421.91,265.06]]]}},{"type":"Feature","properties":{"id":655,"base_y":15.13,"height":8.67,"tipo":"edificio","plantas":2,"medianeras":[0,1]},"geometry":{"type":"Polygon","coordinates":[[[-26.0,129.79],[-24.75,154.04],[-32.95,154.36],[-33.97,130.12],[-26.0,129.79]]]}},{"type":"Feature","properties":{"id":656,"base_y":17.84,"height":5.48,"tipo":"edificio","plantas":1,"medianeras":[1,3]},"geometry":{"type":"Polygon","coordinates":[[[698.49,14.5],[691.42,27.73],[679.95,21.61],[687.02,8.38],[698.49,14.5]]]}},{"type":"Feature","properties":{"id":657,"base_y":14.32,"height":6.99,"tipo":"edificio","plantas":1,"medianeras":[1,8,9]},"geometry":{"type":"Polygon","coordinates":[[[-17.09,159.18],[-1.03,158.56],[-0.22,174.1],[-1.98,174.2],[-2.58,164.81],[-6.18,165.0],[-6.13,166.02],[-11.29,166.25],[-10.62,178.12],[-16.25,178.37],[-17.09,159.18]]]}},{"type":"Feature","properties":{"id":658,"base_y":14.19,"height":7.74,"tipo":"edificio","plantas":2,"medianeras":[5]},"geometry":{"type":"Polygon","coordinates":[[[95.95,174.08],[105.44,173.73],[105.28,169.71],[111.96,169.56],[112.53,183.62],[96.35,184.37],[95.95,174.08]]]}},{"type":"Feature","properties":{"id":659,"base_y":14.82,"height":5.31,"tipo":"edificio","plantas":1,"medianeras":[1,2]},"geometry":{"type":"Polygon","coordinates":[[[311.2,134.68],[327.1,133.95],[327.66,145.94],[311.72,146.63],[311.2,134.68]]]}},{"type":"Feature","properties":{"id":660,"base_y":14.65,"height":7.94,"tipo":"edificio","plantas":1,"medianeras":[0,4,7,8,9]},"geometry":{"type":"Polygon","coordinates":[[[-250.78,168.29],[-250.99,162.72],[-247.28,162.62],[-247.34,161.13],[-251.04,161.37],[-251.41,151.29],[-245.08,151.05],[-245.25,147.85],[-240.94,147.69],[-240.22,167.87],[-250.78,168.29]]]}},{"type":"Feature","properties":{"id":661,"base_y":14.74,"height":12.38,"tipo":"edificio","plantas":3,"medianeras":[4,5]},"geometry":{"type":"Polygon","coordinates":[[[301.56,116.81],[301.6,117.81],[303.5,117.73],[303.46,116.73],[310.41,116.5],[310.91,128.04],[294.74,128.66],[294.22,117.13],[301.56,116.81]]]}},{"type":"Feature","properties":{"id":662,"base_y":11.82,"height":4.72,"tipo":"edificio","plantas":1,"medianeras":[2,9]},"geometry":{"type":"Polygon","coordinates":[[[-314.1,124.75],[-317.68,124.82],[-318.47,95.62],[-315.41,95.5],[-315.43,101.58],[-316.14,101.67],[-316.18,104.87],[-313.97,104.76],[-313.54,117.17],[-304.81,116.86],[-304.53,125.24],[-314.09,125.6],[-314.1,124.75]]]}},{"type":"Feature","properties":{"id":663,"base_y":9.82,"height":6.29,"tipo":"edificio","plantas":1,"medianeras":[1,2,4,5,7]},"geometry":{"type":"Polygon","coordinates":[[[-380.72,94.31],[-385.97,89.56],[-378.65,81.18],[-360.59,82.18],[-360.78,87.99],[-361.53,88.06],[-361.65,89.12],[-375.15,88.31],[-380.72,94.31]]]}},{"type":"Feature","properties":{"id":664,"base_y":13.83,"height":8.53,"tipo":"edificio","plantas":2,"medianeras":[0,1,3]},"geometry":{"type":"Polygon","coordinates":[[[280.59,232.91],[296.75,238.03],[293.62,248.21],[277.41,243.18],[280.59,232.91]]]}},{"type":"Feature","properties":{"id":665,"base_y":12.37,"height":7.72,"tipo":"edificio","plantas":2,"medianeras":[2,5]},"geometry":{"type":"Polygon","coordinates":[[[363.1,271.25],[353.91,267.69],[362.97,244.5],[367.51,246.29],[362.1,259.35],[367.74,261.57],[363.1,271.25]]]}},{"type":"Feature","properties":{"id":666,"base_y":15.09,"height":7.49,"tipo":"edificio","plantas":1,"medianeras":[0,1,2]},"geometry":{"type":"Polygon","coordinates":[[[126.95,108.43],[126.23,91.45],[136.62,91.0],[137.36,108.02],[126.95,108.43]]]}},{"type":"Feature","properties":{"id":667,"base_y":15.3,"height":4.86,"tipo":"edificio","plantas":1,"medianeras":[1,6]},"geometry":{"type":"Polygon","coordinates":[[[-75.03,161.74],[-75.77,140.75],[-70.52,140.56],[-69.87,156.53],[-62.15,156.11],[-62.23,153.01],[-59.09,152.91],[-58.72,161.06],[-75.03,161.74]]]}},{"type":"Feature","properties":{"id":668,"base_y":14.53,"height":8.08,"tipo":"edificio","plantas":2,"medianeras":[0,2]},"geometry":{"type":"Polygon","coordinates":[[[330.97,187.63],[331.3,198.31],[314.86,198.67],[314.6,188.13],[330.97,187.63]]]}},{"type":"Feature","properties":{"id":669,"base_y":14.52,"height":8.54,"tipo":"edificio","plantas":2,"medianeras":[0,2]},"geometry":{"type":"Polygon","coordinates":[[[346.97,187.13],[347.35,197.96],[331.3,198.31],[330.97,187.63],[346.97,187.13]]]}},{"type":"Feature","properties":{"id":670,"base_y":16.45,"height":4.18,"tipo":"edificio","plantas":1,"medianeras":[4]},"geometry":{"type":"Polygon","coordinates":[[[-133.45,30.69],[-138.87,30.93],[-139.19,21.71],[-141.93,21.8],[-141.28,35.59],[-145.81,35.77],[-146.47,17.06],[-134.03,16.56],[-133.45,30.69]]]}},{"type":"Feature","properties":{"id":671,"base_y":15.14,"height":8.87,"tipo":"edificio","plantas":2,"medianeras":[3]},"geometry":{"type":"Polygon","coordinates":[[[94.37,135.44],[78.01,136.08],[77.6,125.56],[93.91,124.87],[94.37,135.44]]]}},{"type":"Feature","properties":{"id":672,"base_y":14.33,"height":8.8,"tipo":"edificio","plantas":2,"medianeras":[1,3]},"geometry":{"type":"Polygon","coordinates":[[[-16.25,178.37],[-0.03,177.66],[0.53,188.31],[-15.78,188.87],[-16.25,178.37]]]}},{"type":"Feature","properties":{"id":673,"base_y":14.79,"height":8.86,"tipo":"edificio","plantas":2,"medianeras":[1]},"geometry":{"type":"Polygon","coordinates":[[[110.57,134.81],[94.37,135.44],[93.91,124.87],[110.16,124.18],[110.57,134.81]]]}},{"type":"Feature","properties":{"id":674,"base_y":14.72,"height":3.74,"tipo":"edificio","plantas":1,"medianeras":[]},"geometry":{"type":"Polygon","coordinates":[[[266.14,91.87],[266.56,103.09],[262.05,103.26],[261.28,82.8],[274.39,82.3],[274.74,91.54],[266.14,91.87]]]}},{"type":"Feature","properties":{"id":675,"base_y":14.32,"height":8.35,"tipo":"edificio","plantas":2,"medianeras":[1,3]},"geometry":{"type":"Polygon","coordinates":[[[47.88,175.95],[63.92,175.16],[64.35,185.81],[48.35,186.56],[47.88,175.95]]]}},{"type":"Feature","properties":{"id":676,"base_y":14.21,"height":7.85,"tipo":"edificio","plantas":2,"medianeras":[0,2]},"geometry":{"type":"Polygon","coordinates":[[[79.91,185.12],[79.51,174.69],[95.95,174.08],[96.35,184.37],[79.91,185.12]]]}},{"type":"Feature","properties":{"id":677,"base_y":9.82,"height":4.96,"tipo":"edificio","plantas":1,"medianeras":[1,2,3,9]},"geometry":{"type":"Polygon","coordinates":[[[-370.56,102.21],[-372.71,100.3],[-362.34,89.06],[-361.65,89.12],[-361.53,88.06],[-356.37,87.85],[-364.95,97.47],[-361.3,100.79],[-357.24,96.31],[-354.16,99.15],[-363.72,109.74],[-371.18,102.95],[-370.56,102.21]]]}},{"type":"Feature","properties":{"id":678,"base_y":14.38,"height":8.41,"tipo":"edificio","plantas":2,"medianeras":[1,3]},"geometry":{"type":"Polygon","coordinates":[[[15.94,177.04],[31.79,176.5],[32.28,187.12],[16.41,187.68],[15.94,177.04]]]}},{"type":"Feature","properties":{"id":679,"base_y":13.81,"height":6.05,"tipo":"edificio","plantas":1,"medianeras":[1,2,7]},"geometry":{"type":"Polygon","coordinates":[[[219.32,196.09],[231.97,197.62],[226.45,216.19],[221.7,215.8],[222.19,212.33],[224.15,212.57],[224.8,207.72],[217.15,206.88],[219.32,196.09]]]}},{"type":"Feature","properties":{"id":680,"base_y":14.37,"height":8.86,"tipo":"edificio","plantas":1,"medianeras":[0]},"geometry":{"type":"Polygon","coordinates":[[[95.22,155.12],[94.77,144.77],[110.94,144.12],[111.35,154.56],[95.22,155.12]]]}},{"type":"Feature","properties":{"id":681,"base_y":15.4,"height":3.81,"tipo":"edificio","plantas":1,"medianeras":[1]},"geometry":{"type":"Polygon","coordinates":[[[131.91,6.25],[132.73,29.52],[127.27,29.72],[126.59,12.47],[119.97,12.74],[119.72,6.75],[131.91,6.25]]]}},{"type":"Feature","properties":{"id":682,"base_y":15.64,"height":8.9,"tipo":"edificio","plantas":2,"medianeras":[0,5]},"geometry":{"type":"Polygon","coordinates":[[[-75.77,140.75],[-76.09,131.68],[-60.09,130.99],[-59.53,143.43],[-65.71,143.57],[-65.79,140.39],[-75.77,140.75]]]}},{"type":"Feature","properties":{"id":683,"base_y":16.42,"height":4.8,"tipo":"edificio","plantas":1,"medianeras":[2]},"geometry":{"type":"Polygon","coordinates":[[[-163.87,99.38],[-163.58,110.16],[-156.07,109.78],[-155.72,119.81],[-159.97,119.99],[-159.97,119.49],[-167.78,119.87],[-168.49,99.65],[-163.87,99.38]]]}},{"type":"Feature","properties":{"id":684,"base_y":12.45,"height":4.22,"tipo":"edificio","plantas":1,"medianeras":[6]},"geometry":{"type":"Polygon","coordinates":[[[-745.93,-230.14],[-747.61,-231.48],[-744.83,-235.23],[-737.97,-229.91],[-738.52,-229.2],[-731.59,-223.84],[-737.65,-216.05],[-749.63,-225.34],[-745.93,-230.14]]]}},{"type":"Feature","properties":{"id":685,"base_y":11.87,"height":7.43,"tipo":"edificio","plantas":1,"medianeras":[0,5,6]},"geometry":{"type":"Polygon","coordinates":[[[394.22,252.44],[387.91,266.29],[380.84,263.38],[379.48,266.18],[379.01,265.95],[378.38,267.28],[376.72,266.5],[385.03,248.25],[394.22,252.44]]]}},{"type":"Feature","properties":{"id":686,"base_y":12.11,"height":10.06,"tipo":"edificio","plantas":2,"medianeras":[5]},"geometry":{"type":"Polygon","coordinates":[[[378.87,261.78],[374.13,259.51],[372.53,262.81],[368.09,260.84],[376.1,244.19],[385.03,248.25],[378.87,261.78]]]}},{"type":"Feature","properties":{"id":687,"base_y":14.16,"height":8.32,"tipo":"edificio","plantas":2,"medianeras":[0,1,3]},"geometry":{"type":"Polygon","coordinates":[[[137.28,172.78],[153.24,172.12],[153.66,182.49],[137.72,183.06],[137.28,172.78]]]}},{"type":"Feature","properties":{"id":688,"base_y":14.51,"height":7.65,"tipo":"edificio","plantas":2,"medianeras":[1,4]},"geometry":{"type":"Polygon","coordinates":[[[-159.52,226.45],[-150.94,225.97],[-150.42,236.3],[-164.28,236.81],[-164.75,222.09],[-159.74,221.91],[-159.52,226.45]]]}},{"type":"Feature","properties":{"id":689,"base_y":13.56,"height":7.95,"tipo":"edificio","plantas":2,"medianeras":[1,2]},"geometry":{"type":"Polygon","coordinates":[[[276.16,212.0],[286.16,215.0],[282.01,228.37],[277.01,226.88],[275.92,230.22],[271.05,228.8],[276.16,212.0]]]}},{"type":"Feature","properties":{"id":690,"base_y":14.24,"height":7.73,"tipo":"edificio","plantas":2,"medianeras":[0,1,3]},"geometry":{"type":"Polygon","coordinates":[[[63.92,175.27],[79.51,174.69],[79.91,185.12],[64.35,185.81],[63.92,175.27]]]}},{"type":"Feature","properties":{"id":691,"base_y":15.86,"height":9.28,"tipo":"edificio","plantas":2,"medianeras":[0,1,2,3,6,8]},"geometry":{"type":"Polygon","coordinates":[[[-127.96,149.3],[-128.02,150.61],[-129.08,151.46],[-129.99,151.5],[-129.91,152.47],[-135.5,152.69],[-136.02,138.41],[-123.33,137.92],[-122.87,149.09],[-127.96,149.3]]]}},{"type":"Feature","properties":{"id":692,"base_y":14.41,"height":8.68,"tipo":"edificio","plantas":2,"medianeras":[1,5]},"geometry":{"type":"Polygon","coordinates":[[[-0.03,177.66],[15.94,177.13],[16.3,185.19],[13.69,185.31],[13.79,187.79],[0.53,188.31],[-0.03,177.66]]]}},{"type":"Feature","properties":{"id":693,"base_y":14.21,"height":6.14,"tipo":"edificio","plantas":1,"medianeras":[0,1,6]},"geometry":{"type":"Polygon","coordinates":[[[78.78,155.74],[78.01,136.08],[83.48,135.86],[83.86,144.79],[81.62,144.87],[81.79,149.74],[94.96,149.26],[95.22,155.12],[78.78,155.74]]]}},{"type":"Feature","properties":{"id":694,"base_y":14.62,"height":6.67,"tipo":"edificio","plantas":1,"medianeras":[0,2,3]},"geometry":{"type":"Polygon","coordinates":[[[0.34,217.37],[-0.53,200.81],[9.16,200.37],[9.97,217.12],[0.34,217.37]]]}},{"type":"Feature","properties":{"id":695,"base_y":13.56,"height":8.96,"tipo":"edificio","plantas":2,"medianeras":[1,5]},"geometry":{"type":"Polygon","coordinates":[[[291.07,194.34],[283.77,194.34],[281.73,200.86],[269.85,197.31],[272.22,189.5],[290.51,188.93],[291.07,194.34]]]}},{"type":"Feature","properties":{"id":696,"base_y":15.36,"height":5.36,"tipo":"edificio","plantas":1,"medianeras":[1,2,3]},"geometry":{"type":"Polygon","coordinates":[[[217.72,2.88],[229.85,2.38],[230.51,15.52],[218.35,16.09],[217.72,2.88]]]}},{"type":"Feature","properties":{"id":697,"base_y":15.16,"height":5.6,"tipo":"edificio","plantas":1,"medianeras":[0,1]},"geometry":{"type":"Polygon","coordinates":[[[207.59,133.68],[207.47,130.53],[199.39,130.84],[199.1,121.0],[207.16,120.68],[207.28,123.68],[215.26,123.37],[215.62,133.37],[207.59,133.68]]]}},{"type":"Feature","properties":{"id":698,"base_y":15.96,"height":8.91,"tipo":"edificio","plantas":2,"medianeras":[1,3]},"geometry":{"type":"Polygon","coordinates":[[[-193.23,145.88],[-209.29,146.5],[-209.72,136.68],[-193.59,136.12],[-193.23,145.88]]]}},{"type":"Feature","properties":{"id":699,"base_y":15.25,"height":5.22,"tipo":"edificio","plantas":1,"medianeras":[1,6]},"geometry":{"type":"Polygon","coordinates":[[[-239.78,123.12],[-240.69,101.06],[-236.29,100.88],[-235.78,113.38],[-232.33,113.23],[-232.34,111.78],[-227.68,111.63],[-227.45,117.64],[-232.06,117.87],[-231.9,122.38],[-239.78,123.12]]]}},{"type":"Feature","properties":{"id":700,"base_y":14.58,"height":4.64,"tipo":"edificio","plantas":1,"medianeras":[3]},"geometry":{"type":"Polygon","coordinates":[[[327.66,145.94],[326.28,116.0],[331.4,115.81],[332.94,145.73],[327.66,145.94]]]}},{"type":"Feature","properties":{"id":701,"base_y":13.98,"height":9.72,"tipo":"edificio","plantas":2,"medianeras":[9]},"geometry":{"type":"Polygon","coordinates":[[[232.95,169.14],[243.85,168.66],[243.89,169.66],[249.28,169.45],[249.66,178.81],[243.06,179.07],[242.99,177.07],[239.93,177.18],[240.0,179.18],[233.41,179.44],[232.95,169.14]]]}},{"type":"Feature","properties":{"id":702,"base_y":14.6,"height":4.61,"tipo":"edificio","plantas":1,"medianeras":[0,3,5]},"geometry":{"type":"Polygon","coordinates":[[[136.16,145.68],[136.4,151.76],[132.56,151.92],[132.76,156.83],[120.67,157.31],[120.28,146.31],[136.16,145.68]]]}},{"type":"Feature","properties":{"id":703,"base_y":14.69,"height":4.9,"tipo":"edificio","plantas":1,"medianeras":[2,3,4,9,10,11]},"geometry":{"type":"Polygon","coordinates":[[[284.23,153.63],[284.1,150.27],[280.37,150.44],[280.28,147.94],[295.97,147.25],[296.13,151.34],[287.14,151.68],[287.25,154.68],[289.55,154.59],[289.79,161.09],[286.2,161.22],[286.37,165.82],[280.96,166.02],[280.5,153.79],[284.23,153.63]]]}},{"type":"Feature","properties":{"id":704,"base_y":14.46,"height":7.95,"tipo":"edificio","plantas":2,"medianeras":[0]},"geometry":{"type":"Polygon","coordinates":[[[236.03,230.56],[239.35,219.78],[252.4,223.54],[249.22,234.37],[236.03,230.56]]]}},{"type":"Feature","properties":{"id":705,"base_y":12.08,"height":5.82,"tipo":"edificio","plantas":1,"medianeras":[]},"geometry":{"type":"Polygon","coordinates":[[[488.55,267.5],[493.46,281.94],[484.41,285.97],[479.32,270.72],[488.55,267.5]]]}},{"type":"Feature","properties":{"id":706,"base_y":14.69,"height":8.28,"tipo":"edificio","plantas":2,"medianeras":[2]},"geometry":{"type":"Polygon","coordinates":[[[297.16,177.13],[296.77,167.41],[312.66,166.92],[313.1,176.44],[297.16,177.13]]]}},{"type":"Feature","properties":{"id":707,"base_y":14.0,"height":8.38,"tipo":"edificio","plantas":2,"medianeras":[2]},"geometry":{"type":"Polygon","coordinates":[[[268.86,218.91],[265.47,229.38],[270.39,230.99],[267.6,240.18],[257.97,237.18],[263.9,217.46],[268.86,218.91]]]}},{"type":"Feature","properties":{"id":708,"base_y":13.83,"height":8.8,"tipo":"edificio","plantas":2,"medianeras":[0,2]},"geometry":{"type":"Polygon","coordinates":[[[-273.37,148.79],[-273.84,139.18],[-258.03,138.56],[-257.63,148.3],[-273.37,148.79]]]}},{"type":"Feature","properties":{"id":709,"base_y":12.96,"height":7.86,"tipo":"edificio","plantas":2,"medianeras":[0,1,3]},"geometry":{"type":"Polygon","coordinates":[[[333.44,249.71],[347.51,254.11],[344.47,264.0],[330.47,259.62],[333.44,249.71]]]}},{"type":"Feature","properties":{"id":710,"base_y":14.62,"height":8.77,"tipo":"edificio","plantas":2,"medianeras":[0,1,3,11]},"geometry":{"type":"Polygon","coordinates":[[[326.69,124.91],[316.88,125.36],[317.02,128.36],[310.94,128.63],[310.41,116.5],[316.56,116.3],[316.67,119.29],[318.54,118.94],[318.49,117.36],[322.68,117.23],[322.65,116.11],[326.28,116.0],[326.69,124.91]]]}},{"type":"Feature","properties":{"id":711,"base_y":14.78,"height":8.8,"tipo":"edificio","plantas":2,"medianeras":[1,2,3,5]},"geometry":{"type":"Polygon","coordinates":[[[-104.65,192.68],[-116.67,193.2],[-116.77,190.88],[-120.61,191.0],[-120.85,183.18],[-105.01,182.68],[-104.65,192.68]]]}},{"type":"Feature","properties":{"id":712,"base_y":15.62,"height":3.83,"tipo":"edificio","plantas":1,"medianeras":[2,4]},"geometry":{"type":"Polygon","coordinates":[[[188.85,12.77],[189.0,18.45],[181.26,18.71],[180.72,4.32],[192.91,3.82],[193.24,12.65],[188.85,12.77]]]}},{"type":"Feature","properties":{"id":713,"base_y":13.86,"height":9.08,"tipo":"edificio","plantas":2,"medianeras":[6,7]},"geometry":{"type":"Polygon","coordinates":[[[370.13,114.21],[370.32,120.01],[368.32,120.1],[368.4,122.5],[370.4,122.41],[370.65,130.23],[365.05,130.45],[364.93,126.46],[359.53,126.67],[358.97,114.7],[370.13,114.21]]]}},{"type":"Feature","properties":{"id":714,"base_y":14.34,"height":8.12,"tipo":"edificio","plantas":2,"medianeras":[1,3]},"geometry":{"type":"Polygon","coordinates":[[[226.48,216.07],[239.35,219.78],[236.03,230.56],[223.28,226.87],[226.48,216.07]]]}},{"type":"Feature","properties":{"id":715,"base_y":14.57,"height":6.04,"tipo":"edificio","plantas":1,"medianeras":[2,3,7]},"geometry":{"type":"Polygon","coordinates":[[[264.6,148.5],[263.61,136.9],[268.22,136.74],[268.33,138.24],[279.67,138.33],[280.06,143.54],[276.65,143.66],[276.98,148.05],[264.6,148.5]]]}},{"type":"Feature","properties":{"id":716,"base_y":14.52,"height":4.71,"tipo":"edificio","plantas":1,"medianeras":[0,5]},"geometry":{"type":"Polygon","coordinates":[[[29.22,199.56],[29.41,203.47],[24.37,203.66],[24.81,212.75],[29.85,212.56],[30.18,219.16],[20.13,219.54],[19.35,199.93],[29.22,199.56]]]}},{"type":"Feature","properties":{"id":717,"base_y":15.88,"height":10.56,"tipo":"edificio","plantas":2,"medianeras":[0,1,3]},"geometry":{"type":"Polygon","coordinates":[[[-184.85,154.27],[-192.9,154.56],[-193.59,136.12],[-185.47,135.81],[-184.85,154.27]]]}},{"type":"Feature","properties":{"id":718,"base_y":13.11,"height":4.54,"tipo":"edificio","plantas":1,"medianeras":[0,1,3,7]},"geometry":{"type":"Polygon","coordinates":[[[318.49,244.81],[308.91,242.03],[314.6,223.56],[323.97,226.38],[322.16,232.45],[317.61,231.13],[315.15,239.62],[319.64,240.93],[318.49,244.81]]]}},{"type":"Feature","properties":{"id":719,"base_y":13.96,"height":9.59,"tipo":"edificio","plantas":2,"medianeras":[0,1,3]},"geometry":{"type":"Polygon","coordinates":[[[-328.64,33.06],[-344.6,33.64],[-344.87,24.34],[-328.9,23.87],[-328.64,33.06]]]}},{"type":"Feature","properties":{"id":720,"base_y":16.79,"height":4.77,"tipo":"edificio","plantas":1,"medianeras":[3,8]},"geometry":{"type":"Polygon","coordinates":[[[-228.15,37.99],[-226.74,37.94],[-226.57,40.77],[-218.16,40.46],[-217.72,50.99],[-221.72,51.12],[-221.72,50.49],[-230.59,50.81],[-230.99,35.67],[-228.21,35.57],[-228.15,37.99]]]}},{"type":"Feature","properties":{"id":721,"base_y":14.73,"height":8.55,"tipo":"edificio","plantas":2,"medianeras":[1,3]},"geometry":{"type":"Polygon","coordinates":[[[-120.53,193.37],[-135.65,194.06],[-136.02,184.34],[-120.84,183.64],[-120.53,193.37]]]}},{"type":"Feature","properties":{"id":722,"base_y":13.89,"height":4.34,"tipo":"edificio","plantas":1,"medianeras":[0]},"geometry":{"type":"Polygon","coordinates":[[[689.86,397.46],[704.56,400.83],[702.39,410.34],[687.7,406.92],[689.86,397.46]]]}},{"type":"Feature","properties":{"id":723,"base_y":16.48,"height":4.67,"tipo":"edificio","plantas":1,"medianeras":[2,6]},"geometry":{"type":"Polygon","coordinates":[[[-126.65,36.53],[-126.81,32.29],[-121.17,32.16],[-120.59,46.18],[-129.03,46.49],[-129.03,47.06],[-132.78,47.12],[-133.21,36.74],[-126.65,36.53]]]}},{"type":"Feature","properties":{"id":724,"base_y":14.82,"height":10.89,"tipo":"edificio","plantas":3,"medianeras":[0,2,3]},"geometry":{"type":"Polygon","coordinates":[[[-57.71,181.31],[-57.34,190.62],[-73.03,191.31],[-73.37,182.0],[-57.71,181.31]]]}},{"type":"Feature","properties":{"id":725,"base_y":11.2,"height":5.69,"tipo":"edificio","plantas":1,"medianeras":[0,1]},"geometry":{"type":"Polygon","coordinates":[[[-305.9,166.12],[-292.61,152.43],[-289.61,155.37],[-296.23,162.23],[-291.3,167.01],[-297.9,173.87],[-305.9,166.12]]]}},{"type":"Feature","properties":{"id":726,"base_y":16.68,"height":4.6,"tipo":"edificio","plantas":1,"medianeras":[4,6]},"geometry":{"type":"Polygon","coordinates":[[[-152.18,37.42],[-152.53,32.62],[-150.59,32.62],[-150.51,34.94],[-145.84,34.71],[-145.4,47.18],[-157.53,48.31],[-157.98,37.7],[-152.18,37.42]]]}},{"type":"Feature","properties":{"id":727,"base_y":12.69,"height":7.67,"tipo":"edificio","plantas":2,"medianeras":[0,6]},"geometry":{"type":"Polygon","coordinates":[[[344.47,264.0],[349.89,246.38],[354.6,247.96],[353.03,252.99],[351.24,252.5],[350.38,255.08],[357.77,257.79],[353.91,267.69],[344.47,264.0]]]}},{"type":"Feature","properties":{"id":728,"base_y":16.6,"height":5.07,"tipo":"edificio","plantas":1,"medianeras":[1,5]},"geometry":{"type":"Polygon","coordinates":[[[-251.2,41.7],[-243.16,41.32],[-242.84,51.81],[-246.4,51.93],[-246.47,51.37],[-254.97,51.62],[-255.51,36.21],[-251.39,36.12],[-251.2,41.7]]]}},{"type":"Feature","properties":{"id":729,"base_y":14.05,"height":6.06,"tipo":"edificio","plantas":1,"medianeras":[0,2]},"geometry":{"type":"Polygon","coordinates":[[[196.78,193.31],[195.48,204.7],[183.01,203.86],[183.85,192.62],[196.78,193.31]]]}},{"type":"Feature","properties":{"id":730,"base_y":15.06,"height":4.54,"tipo":"edificio","plantas":1,"medianeras":[0]},"geometry":{"type":"Polygon","coordinates":[[[183.35,121.62],[183.77,134.06],[177.47,134.32],[177.22,128.31],[167.4,128.7],[167.14,122.22],[183.35,121.62]]]}},{"type":"Feature","properties":{"id":731,"base_y":14.64,"height":5.74,"tipo":"edificio","plantas":1,"medianeras":[4,8]},"geometry":{"type":"Polygon","coordinates":[[[-295.05,82.14],[-295.17,79.92],[-297.47,80.05],[-297.75,72.79],[-306.3,73.11],[-306.59,64.81],[-297.46,64.46],[-297.45,65.2],[-293.57,65.06],[-293.01,82.1],[-295.05,82.14]]]}},{"type":"Feature","properties":{"id":732,"base_y":15.42,"height":7.8,"tipo":"edificio","plantas":2,"medianeras":[2,3,4]},"geometry":{"type":"Polygon","coordinates":[[[259.28,31.44],[258.7,17.48],[266.96,17.24],[267.23,24.42],[271.23,24.26],[271.47,31.0],[259.28,31.44]]]}},{"type":"Feature","properties":{"id":733,"base_y":13.65,"height":8.23,"tipo":"edificio","plantas":2,"medianeras":[0,1,2]},"geometry":{"type":"Polygon","coordinates":[[[293.62,248.21],[296.88,237.63],[309.08,241.49],[305.85,251.99],[293.62,248.21]]]}},{"type":"Feature","properties":{"id":734,"base_y":16.96,"height":4.57,"tipo":"edificio","plantas":1,"medianeras":[6]},"geometry":{"type":"Polygon","coordinates":[[[-185.31,39.19],[-185.37,36.76],[-180.63,36.47],[-180.22,48.99],[-188.53,49.31],[-188.53,49.99],[-192.84,50.12],[-193.16,39.47],[-185.31,39.19]]]}},{"type":"Feature","properties":{"id":735,"base_y":16.23,"height":5.01,"tipo":"edificio","plantas":1,"medianeras":[2,8]},"geometry":{"type":"Polygon","coordinates":[[[-112.59,46.99],[-112.59,45.93],[-120.59,46.18],[-121.07,34.75],[-119.35,34.7],[-119.46,32.93],[-115.71,32.83],[-115.61,36.07],[-108.82,35.77],[-108.4,46.74],[-112.59,46.99]]]}},{"type":"Feature","properties":{"id":736,"base_y":13.85,"height":7.32,"tipo":"edificio","plantas":2,"medianeras":[3,5]},"geometry":{"type":"Polygon","coordinates":[[[243.26,207.11],[235.23,204.69],[231.93,215.86],[226.98,214.41],[231.97,197.62],[244.97,201.56],[243.26,207.11]]]}},{"type":"Feature","properties":{"id":737,"base_y":14.41,"height":5.45,"tipo":"edificio","plantas":1,"medianeras":[0,2,6]},"geometry":{"type":"Polygon","coordinates":[[[359.25,198.56],[359.18,196.23],[347.31,196.69],[346.97,187.13],[358.92,186.75],[359.07,192.38],[363.14,192.19],[363.33,198.46],[359.25,198.56]]]}},{"type":"Feature","properties":{"id":738,"base_y":15.45,"height":4.99,"tipo":"edificio","plantas":1,"medianeras":[2]},"geometry":{"type":"Polygon","coordinates":[[[-53.15,115.93],[-53.22,116.56],[-57.09,116.68],[-57.71,99.85],[-54.22,99.71],[-53.96,106.66],[-45.46,106.33],[-45.09,115.49],[-53.15,115.93]]]}},{"type":"Feature","properties":{"id":739,"base_y":14.64,"height":6.3,"tipo":"edificio","plantas":1,"medianeras":[1,4]},"geometry":{"type":"Polygon","coordinates":[[[-25.52,206.52],[-24.8,221.19],[-30.01,221.42],[-30.84,201.43],[-18.47,201.56],[-18.25,206.32],[-25.52,206.52]]]}},{"type":"Feature","properties":{"id":740,"base_y":14.65,"height":3.99,"tipo":"edificio","plantas":1,"medianeras":[]},"geometry":{"type":"Polygon","coordinates":[[[151.04,122.81],[155.73,122.67],[156.77,152.64],[152.28,152.81],[151.04,122.81]]]}},{"type":"Feature","properties":{"id":741,"base_y":16.48,"height":4.92,"tipo":"edificio","plantas":1,"medianeras":[2,6]},"geometry":{"type":"Polygon","coordinates":[[[-263.15,51.87],[-263.09,52.49],[-267.03,52.62],[-267.4,42.48],[-260.24,42.23],[-260.46,38.39],[-255.45,37.97],[-254.97,51.62],[-263.15,51.87]]]}},{"type":"Feature","properties":{"id":742,"base_y":15.57,"height":5.37,"tipo":"edificio","plantas":1,"medianeras":[5]},"geometry":{"type":"Polygon","coordinates":[[[-65.54,112.02],[-69.69,112.17],[-69.96,104.57],[-58.81,104.17],[-58.93,100.93],[-57.68,100.88],[-57.09,116.68],[-65.38,116.43],[-65.54,112.02]]]}},{"type":"Feature","properties":{"id":743,"base_y":13.44,"height":8.7,"tipo":"edificio","plantas":2,"medianeras":[1,3]},"geometry":{"type":"Polygon","coordinates":[[[-228.46,222.38],[-214.09,225.99],[-216.28,234.93],[-230.78,231.31],[-228.46,222.38]]]}},{"type":"Feature","properties":{"id":744,"base_y":12.43,"height":5.55,"tipo":"edificio","plantas":1,"medianeras":[2,6]},"geometry":{"type":"Polygon","coordinates":[[[-295.67,116.54],[-295.67,109.03],[-292.01,108.65],[-291.38,123.8],[-294.85,123.94],[-294.89,124.88],[-304.53,125.24],[-304.81,116.86],[-295.67,116.54]]]}},{"type":"Feature","properties":{"id":745,"base_y":16.49,"height":4.62,"tipo":"edificio","plantas":1,"medianeras":[0,9]},"geometry":{"type":"Polygon","coordinates":[[[-191.47,90.81],[-190.8,107.8],[-195.58,108.07],[-195.83,98.74],[-194.09,98.53],[-194.24,95.76],[-201.18,96.06],[-200.91,105.51],[-203.27,105.71],[-203.72,91.24],[-191.47,90.81]]]}},{"type":"Feature","properties":{"id":746,"base_y":13.33,"height":8.62,"tipo":"edificio","plantas":2,"medianeras":[0,1,9,11]},"geometry":{"type":"Polygon","coordinates":[[[-327.97,54.24],[-328.47,54.25],[-328.5,52.85],[-330.5,52.9],[-330.47,54.3],[-332.91,54.36],[-332.94,53.2],[-335.36,53.28],[-336.49,54.44],[-343.95,54.62],[-344.23,45.77],[-328.26,45.47],[-327.97,54.24]]]}},{"type":"Feature","properties":{"id":747,"base_y":15.93,"height":5.57,"tipo":"edificio","plantas":1,"medianeras":[2,10]},"geometry":{"type":"Polygon","coordinates":[[[-276.49,41.29],[-276.45,42.78],[-267.4,42.48],[-267.03,52.62],[-271.47,52.74],[-271.47,52.12],[-276.17,52.28],[-276.24,49.78],[-277.67,49.83],[-277.59,52.33],[-280.59,52.43],[-280.91,41.44],[-276.49,41.29]]]}},{"type":"Feature","properties":{"id":748,"base_y":15.02,"height":8.88,"tipo":"edificio","plantas":1,"medianeras":[0,1,2,9,10,11]},"geometry":{"type":"Polygon","coordinates":[[[4.65,-2.61],[4.61,-4.71],[-1.43,-4.48],[-1.88,-14.75],[2.02,-14.87],[2.05,-13.9],[3.21,-14.0],[3.69,-14.93],[4.45,-15.12],[5.57,-14.12],[5.59,-13.32],[10.92,-13.43],[11.36,-2.87],[4.65,-2.61]]]}},{"type":"Feature","properties":{"id":749,"base_y":16.55,"height":4.75,"tipo":"edificio","plantas":1,"medianeras":[2,3,6]},"geometry":{"type":"Polygon","coordinates":[[[-137.47,47.31],[-137.47,46.74],[-145.4,47.18],[-145.81,35.77],[-141.28,35.59],[-141.22,36.99],[-133.21,36.74],[-132.78,47.12],[-137.47,47.31]]]}},{"type":"Feature","properties":{"id":750,"base_y":16.22,"height":4.1,"tipo":"edificio","plantas":1,"medianeras":[0,3]},"geometry":{"type":"Polygon","coordinates":[[[-109.07,29.11],[-113.3,29.28],[-113.51,25.21],[-121.44,25.6],[-121.84,16.06],[-109.59,15.56],[-109.07,29.11]]]}},{"type":"Feature","properties":{"id":751,"base_y":15.72,"height":9.02,"tipo":"edificio","plantas":2,"medianeras":[0,1,2,3,4]},"geometry":{"type":"Polygon","coordinates":[[[-79.49,131.83],[-79.33,135.62],[-75.96,135.48],[-75.78,140.68],[-91.94,141.37],[-92.28,132.37],[-79.49,131.83]]]}},{"type":"Feature","properties":{"id":752,"base_y":15.35,"height":8.3,"tipo":"edificio","plantas":2,"medianeras":[5]},"geometry":{"type":"Polygon","coordinates":[[[75.78,8.57],[78.59,8.45],[80.13,9.85],[82.63,9.73],[83.97,8.24],[86.85,8.13],[87.45,19.63],[83.5,19.79],[83.56,21.29],[76.43,21.58],[75.78,8.57]]]}},{"type":"Feature","properties":{"id":753,"base_y":14.38,"height":5.75,"tipo":"edificio","plantas":1,"medianeras":[0,5,6]},"geometry":{"type":"Polygon","coordinates":[[[69.47,197.87],[69.7,202.81],[64.5,202.93],[64.88,215.0],[67.39,214.92],[67.5,217.7],[59.99,218.02],[59.16,198.31],[69.47,197.87]]]}},{"type":"Feature","properties":{"id":754,"base_y":14.92,"height":7.33,"tipo":"edificio","plantas":2,"medianeras":[1,3]},"geometry":{"type":"Polygon","coordinates":[[[30.17,219.0],[43.42,218.5],[43.91,228.49],[30.66,228.99],[30.17,219.0]]]}},{"type":"Feature","properties":{"id":755,"base_y":16.17,"height":6.35,"tipo":"edificio","plantas":2,"medianeras":[2,3,4,5]},"geometry":{"type":"Polygon","coordinates":[[[-95.28,87.56],[-107.65,87.99],[-108.45,67.37],[-103.83,67.24],[-103.38,82.93],[-95.42,82.65],[-95.28,87.56]]]}},{"type":"Feature","properties":{"id":756,"base_y":15.34,"height":8.85,"tipo":"edificio","plantas":1,"medianeras":[4,5,7,8,9,11]},"geometry":{"type":"Polygon","coordinates":[[[-14.59,-11.26],[-10.47,-11.41],[-10.58,-13.95],[-9.28,-14.04],[-9.31,-15.15],[-1.9,-15.41],[-1.43,-4.48],[-8.85,-4.21],[-8.87,-5.06],[-10.19,-5.0],[-10.11,-2.01],[-14.22,-1.84],[-14.59,-11.26]]]}},{"type":"Feature","properties":{"id":757,"base_y":16.86,"height":4.63,"tipo":"edificio","plantas":1,"medianeras":[2]},"geometry":{"type":"Polygon","coordinates":[[[-161.78,59.93],[-161.84,59.43],[-157.78,59.18],[-157.46,68.94],[-164.26,69.18],[-164.08,72.24],[-169.5,72.46],[-169.97,60.12],[-161.78,59.93]]]}},{"type":"Feature","properties":{"id":758,"base_y":15.06,"height":8.99,"tipo":"edificio","plantas":1,"medianeras":[2,8]},"geometry":{"type":"Polygon","coordinates":[[[150.01,-8.63],[149.93,-10.8],[141.76,-10.51],[141.3,-21.35],[148.24,-21.63],[148.27,-20.65],[150.03,-20.7],[150.18,-17.98],[153.95,-18.17],[154.33,-8.79],[150.01,-8.63]]]}},{"type":"Feature","properties":{"id":759,"base_y":13.99,"height":11.13,"tipo":"edificio","plantas":2,"medianeras":[0,2]},"geometry":{"type":"Polygon","coordinates":[[[193.53,180.99],[192.92,163.74],[200.42,163.49],[201.03,180.68],[193.53,180.99]]]}},{"type":"Feature","properties":{"id":760,"base_y":16.79,"height":4.61,"tipo":"edificio","plantas":1,"medianeras":[4]},"geometry":{"type":"Polygon","coordinates":[[[-161.78,48.43],[-161.84,47.87],[-170.28,48.24],[-170.63,38.29],[-157.98,37.7],[-157.53,48.31],[-161.78,48.43]]]}},{"type":"Feature","properties":{"id":761,"base_y":12.39,"height":6.15,"tipo":"edificio","plantas":1,"medianeras":[1,3]},"geometry":{"type":"Polygon","coordinates":[[[-364.8,54.46],[-367.99,54.51],[-368.38,43.44],[-356.31,43.04],[-355.99,51.95],[-360.17,52.07],[-360.07,55.18],[-364.76,55.34],[-364.8,54.46]]]}},{"type":"Feature","properties":{"id":762,"base_y":15.03,"height":9.06,"tipo":"edificio","plantas":1,"medianeras":[3,9]},"geometry":{"type":"Polygon","coordinates":[[[141.76,-10.51],[133.65,-10.2],[133.74,-7.97],[129.4,-7.82],[129.0,-17.18],[132.84,-17.31],[132.72,-20.05],[134.49,-20.12],[134.45,-21.07],[141.3,-21.35],[141.76,-10.51]]]}},{"type":"Feature","properties":{"id":763,"base_y":15.99,"height":5.33,"tipo":"edificio","plantas":1,"medianeras":[2,6]},"geometry":{"type":"Polygon","coordinates":[[[-271.87,63.51],[-271.87,64.12],[-267.76,64.0],[-267.28,77.63],[-271.01,77.75],[-271.21,71.86],[-280.57,72.18],[-280.84,63.81],[-271.87,63.51]]]}},{"type":"Feature","properties":{"id":764,"base_y":14.32,"height":2.5,"tipo":"edificio","plantas":1,"medianeras":[]},"geometry":{"type":"Polygon","coordinates":[[[-369.72,9.06],[-345.53,8.12],[-345.36,13.3],[-369.48,14.47],[-369.72,9.06]]]}},{"type":"Feature","properties":{"id":765,"base_y":16.71,"height":4.04,"tipo":"edificio","plantas":1,"medianeras":[0,1,2]},"geometry":{"type":"Polygon","coordinates":[[[-165.27,80.62],[-157.08,80.32],[-156.78,89.06],[-168.84,89.43],[-169.4,75.06],[-165.5,74.92],[-165.27,80.62]]]}},{"type":"Feature","properties":{"id":766,"base_y":14.98,"height":5.2,"tipo":"edificio","plantas":1,"medianeras":[5]},"geometry":{"type":"Polygon","coordinates":[[[280.4,147.93],[279.97,142.22],[291.94,141.8],[291.38,132.05],[295.44,131.94],[295.97,147.25],[280.4,147.93]]]}},{"type":"Feature","properties":{"id":767,"base_y":16.22,"height":5.89,"tipo":"edificio","plantas":1,"medianeras":[1,9]},"geometry":{"type":"Polygon","coordinates":[[[-281.47,22.18],[-268.15,21.68],[-267.72,33.68],[-273.4,33.88],[-273.6,27.98],[-274.8,28.02],[-274.75,29.32],[-277.55,29.41],[-277.51,30.48],[-281.23,30.61],[-281.47,22.18]]]}},{"type":"Feature","properties":{"id":768,"base_y":14.56,"height":6.67,"tipo":"edificio","plantas":1,"medianeras":[1,4]},"geometry":{"type":"Polygon","coordinates":[[[-262.85,98.44],[-262.35,115.3],[-265.86,115.44],[-266.72,93.62],[-253.28,93.12],[-253.13,98.02],[-262.85,98.44]]]}},{"type":"Feature","properties":{"id":769,"base_y":14.44,"height":7.93,"tipo":"edificio","plantas":2,"medianeras":[0,1,3]},"geometry":{"type":"Polygon","coordinates":[[[135.41,207.62],[142.85,207.24],[143.53,224.43],[136.22,224.74],[135.41,207.62]]]}},{"type":"Feature","properties":{"id":770,"base_y":13.5,"height":10.83,"tipo":"edificio","plantas":2,"medianeras":[0,3]},"geometry":{"type":"Polygon","coordinates":[[[231.45,130.36],[219.56,130.83],[219.18,120.22],[231.1,119.75],[231.45,130.36]]]}},{"type":"Feature","properties":{"id":771,"base_y":15.83,"height":10.07,"tipo":"edificio","plantas":2,"medianeras":[2,3,4,6]},"geometry":{"type":"Polygon","coordinates":[[[-23.79,-11.4],[-23.81,-12.75],[-14.66,-13.15],[-14.28,-3.32],[-22.88,-2.99],[-22.86,-1.5],[-26.92,-1.33],[-27.39,-11.24],[-23.79,-11.4]]]}},{"type":"Feature","properties":{"id":772,"base_y":13.46,"height":5.49,"tipo":"edificio","plantas":1,"medianeras":[2,4,6]},"geometry":{"type":"Polygon","coordinates":[[[-323.22,65.37],[-323.18,66.19],[-319.75,66.06],[-319.23,77.93],[-323.32,78.08],[-323.48,73.97],[-332.7,74.1],[-333.03,65.74],[-323.22,65.37]]]}},{"type":"Feature","properties":{"id":773,"base_y":14.59,"height":8.67,"tipo":"edificio","plantas":2,"medianeras":[4,5,6,7,8,9,10,11]},"geometry":{"type":"Polygon","coordinates":[[[-183.92,195.3],[-184.07,193.43],[-187.09,193.58],[-186.96,195.43],[-191.47,195.62],[-191.76,187.04],[-185.62,186.79],[-185.59,185.81],[-179.53,185.5],[-179.37,189.32],[-178.25,189.24],[-178.18,190.37],[-175.41,190.26],[-175.22,194.93],[-183.92,195.3]]]}},{"type":"Feature","properties":{"id":774,"base_y":14.86,"height":8.47,"tipo":"edificio","plantas":1,"medianeras":[0,6]},"geometry":{"type":"Polygon","coordinates":[[[166.38,-19.8],[166.83,-9.33],[160.35,-9.05],[160.29,-11.24],[157.58,-11.11],[157.73,-8.94],[154.33,-8.79],[153.9,-19.31],[166.38,-19.8]]]}},{"type":"Feature","properties":{"id":775,"base_y":15.14,"height":8.03,"tipo":"edificio","plantas":2,"medianeras":[2]},"geometry":{"type":"Polygon","coordinates":[[[-29.59,231.43],[-30.01,221.42],[-17.57,220.87],[-17.09,230.93],[-29.59,231.43]]]}},{"type":"Feature","properties":{"id":776,"base_y":11.94,"height":11.57,"tipo":"edificio","plantas":2,"medianeras":[0,4]},"geometry":{"type":"Polygon","coordinates":[[[-368.64,35.83],[-369.0,25.22],[-359.42,24.87],[-359.39,25.99],[-356.89,25.9],[-356.57,35.36],[-368.64,35.83]]]}},{"type":"Feature","properties":{"id":777,"base_y":13.03,"height":9.2,"tipo":"edificio","plantas":2,"medianeras":[0,1,2]},"geometry":{"type":"Polygon","coordinates":[[[-255.53,198.31],[-256.14,183.34],[-247.75,183.05],[-247.15,197.93],[-255.53,198.31]]]}},{"type":"Feature","properties":{"id":778,"base_y":14.98,"height":8.96,"tipo":"edificio","plantas":2,"medianeras":[0,2,3,4,6,7]},"geometry":{"type":"Polygon","coordinates":[[[216.44,-14.35],[215.99,-25.85],[220.29,-26.02],[220.42,-21.3],[224.17,-21.42],[224.0,-26.16],[228.38,-26.33],[228.83,-14.79],[216.44,-14.35]]]}},{"type":"Feature","properties":{"id":779,"base_y":13.57,"height":9.95,"tipo":"edificio","plantas":2,"medianeras":[2,4]},"geometry":{"type":"Polygon","coordinates":[[[-354.28,25.81],[-354.34,24.68],[-344.87,24.34],[-344.57,34.89],[-356.57,35.36],[-356.89,25.9],[-354.28,25.81]]]}},{"type":"Feature","properties":{"id":780,"base_y":14.87,"height":9.23,"tipo":"edificio","plantas":2,"medianeras":[0,2]},"geometry":{"type":"Polygon","coordinates":[[[-73.4,181.12],[-73.03,191.31],[-85.03,191.87],[-85.47,181.53],[-73.4,181.12]]]}},{"type":"Feature","properties":{"id":781,"base_y":15.11,"height":7.38,"tipo":"edificio","plantas":2,"medianeras":[1,3]},"geometry":{"type":"Polygon","coordinates":[[[-60.15,232.99],[-73.15,233.43],[-73.47,224.12],[-60.47,223.37],[-60.15,232.99]]]}},{"type":"Feature","properties":{"id":782,"base_y":15.65,"height":8.33,"tipo":"edificio","plantas":2,"medianeras":[2,3,4,5]},"geometry":{"type":"Polygon","coordinates":[[[229.13,-62.67],[239.68,-63.36],[240.18,-51.21],[232.77,-50.9],[232.72,-51.89],[229.59,-51.76],[229.13,-62.67]]]}},{"type":"Feature","properties":{"id":783,"base_y":14.24,"height":5.82,"tipo":"edificio","plantas":1,"medianeras":[0,2]},"geometry":{"type":"Polygon","coordinates":[[[120.67,157.31],[132.17,156.85],[132.65,167.47],[121.04,167.96],[120.67,157.31]]]}},{"type":"Feature","properties":{"id":784,"base_y":15.94,"height":4.89,"tipo":"edificio","plantas":1,"medianeras":[4,10]},"geometry":{"type":"Polygon","coordinates":[[[-80.15,56.24],[-80.15,56.74],[-75.6,56.52],[-75.49,61.19],[-71.33,61.05],[-71.13,68.03],[-75.19,68.28],[-75.11,69.03],[-79.35,69.26],[-79.37,66.16],[-83.71,66.35],[-84.03,56.43],[-80.15,56.24]]]}},{"type":"Feature","properties":{"id":785,"base_y":14.82,"height":9.0,"tipo":"edificio","plantas":1,"medianeras":[5,11,12,13]},"geometry":{"type":"Polygon","coordinates":[[[62.77,-7.2],[55.54,-6.86],[55.49,-7.66],[54.13,-7.58],[54.31,-4.83],[49.87,-4.63],[49.42,-14.07],[53.23,-14.25],[53.17,-16.96],[55.04,-17.02],[54.99,-18.08],[58.64,-18.17],[58.82,-14.41],[62.4,-14.55],[62.77,-7.2]]]}},{"type":"Feature","properties":{"id":786,"base_y":15.2,"height":4.48,"tipo":"cobertizo","plantas":1,"medianeras":[5]},"geometry":{"type":"Polygon","coordinates":[[[136.98,99.33],[140.55,99.18],[140.63,101.08],[154.05,100.49],[154.34,107.35],[137.36,108.02],[136.98,99.33]]]}},{"type":"Feature","properties":{"id":787,"base_y":14.79,"height":8.7,"tipo":"edificio","plantas":2,"medianeras":[2,3]},"geometry":{"type":"Polygon","coordinates":[[[-42.11,176.93],[-41.53,189.93],[-50.87,190.34],[-51.48,177.37],[-42.11,176.93]]]}},{"type":"Feature","properties":{"id":788,"base_y":14.41,"height":6.49,"tipo":"edificio","plantas":2,"medianeras":[0,2,3,5]},"geometry":{"type":"Polygon","coordinates":[[[43.31,216.31],[42.47,198.99],[52.41,198.62],[52.6,204.35],[48.34,204.53],[48.88,216.07],[43.31,216.31]]]}},{"type":"Feature","properties":{"id":789,"base_y":14.88,"height":8.79,"tipo":"edificio","plantas":2,"medianeras":[1,7]},"geometry":{"type":"Polygon","coordinates":[[[-97.11,181.92],[-85.47,181.53],[-85.03,191.87],[-90.56,192.11],[-90.59,191.34],[-92.16,191.41],[-92.13,192.17],[-96.78,192.37],[-97.11,181.92]]]}},{"type":"Feature","properties":{"id":790,"base_y":13.91,"height":6.98,"tipo":"edificio","plantas":1,"medianeras":[0,1,4,5]},"geometry":{"type":"Polygon","coordinates":[[[153.22,171.43],[152.91,171.49],[152.58,161.85],[163.87,161.49],[164.4,172.07],[153.26,172.47],[153.22,171.43]]]}},{"type":"Feature","properties":{"id":791,"base_y":15.39,"height":5.14,"tipo":"edificio","plantas":1,"medianeras":[0,1]},"geometry":{"type":"Polygon","coordinates":[[[37.88,143.0],[30.29,143.33],[29.6,127.49],[37.19,127.2],[37.88,143.0]]]}},{"type":"Feature","properties":{"id":792,"base_y":16.84,"height":4.66,"tipo":"edificio","plantas":1,"medianeras":[2,8]},"geometry":{"type":"Polygon","coordinates":[[[-212.46,40.25],[-212.38,38.09],[-205.24,37.64],[-205.02,44.62],[-210.15,44.75],[-209.99,50.12],[-213.53,50.24],[-213.59,50.87],[-217.72,50.99],[-218.16,40.46],[-212.46,40.25]]]}},{"type":"Feature","properties":{"id":793,"base_y":14.94,"height":6.89,"tipo":"edificio","plantas":1,"medianeras":[1,2,3]},"geometry":{"type":"Polygon","coordinates":[[[466.86,-6.56],[478.86,-7.01],[479.23,2.98],[467.24,3.43],[466.86,-6.56]]]}},{"type":"Feature","properties":{"id":794,"base_y":14.89,"height":5.28,"tipo":"edificio","plantas":1,"medianeras":[0,1,2]},"geometry":{"type":"Polygon","coordinates":[[[466.86,-6.56],[467.24,3.43],[455.25,3.88],[454.87,-6.11],[466.86,-6.56]]]}},{"type":"Feature","properties":{"id":795,"base_y":14.75,"height":9.31,"tipo":"edificio","plantas":1,"medianeras":[1,2,3,5,11,12,13]},"geometry":{"type":"Polygon","coordinates":[[[75.54,-7.7],[68.45,-7.46],[68.43,-8.14],[67.04,-8.06],[67.06,-5.32],[62.88,-5.13],[62.4,-14.55],[66.21,-14.7],[66.08,-17.48],[67.9,-17.54],[67.86,-18.53],[71.34,-18.61],[71.49,-14.92],[75.19,-15.06],[75.54,-7.7]]]}},{"type":"Feature","properties":{"id":796,"base_y":15.39,"height":8.14,"tipo":"edificio","plantas":1,"medianeras":[0,2]},"geometry":{"type":"Polygon","coordinates":[[[205.6,12.87],[205.22,3.32],[217.72,2.88],[218.18,12.35],[205.6,12.87]]]}},{"type":"Feature","properties":{"id":797,"base_y":14.14,"height":8.51,"tipo":"edificio","plantas":2,"medianeras":[4,5,6,7,8]},"geometry":{"type":"Polygon","coordinates":[[[314.77,87.19],[314.63,86.28],[317.22,86.1],[317.25,87.18],[321.74,87.06],[322.1,96.64],[317.41,96.7],[317.33,95.28],[315.34,95.35],[315.35,97.54],[310.01,97.7],[309.63,87.5],[314.77,87.19]]]}},{"type":"Feature","properties":{"id":798,"base_y":15.98,"height":6.96,"tipo":"cobertizo","plantas":1,"medianeras":[0,1,2,5]},"geometry":{"type":"Polygon","coordinates":[[[-193.23,145.88],[-192.69,160.24],[-203.77,160.64],[-204.06,153.55],[-198.48,153.53],[-198.96,146.1],[-193.23,145.88]]]}},{"type":"Feature","properties":{"id":799,"base_y":16.19,"height":7.6,"tipo":"edificio","plantas":2,"medianeras":[2,3,4,5]},"geometry":{"type":"Polygon","coordinates":[[[-120.53,69.0],[-128.72,69.28],[-128.42,79.3],[-132.2,79.41],[-132.74,62.71],[-120.69,62.2],[-120.53,69.0]]]}},{"type":"Feature","properties":{"id":800,"base_y":16.46,"height":9.08,"tipo":"edificio","plantas":2,"medianeras":[3,6]},"geometry":{"type":"Polygon","coordinates":[[[-44.78,-121.67],[-37.3,-121.97],[-37.22,-120.0],[-34.48,-120.12],[-34.11,-111.02],[-37.11,-110.9],[-37.05,-109.4],[-44.27,-109.11],[-44.78,-121.67]]]}},{"type":"Feature","properties":{"id":801,"base_y":10.58,"height":3.77,"tipo":"edificio","plantas":1,"medianeras":[]},"geometry":{"type":"Polygon","coordinates":[[[-334.8,107.11],[-337.66,106.83],[-337.83,109.29],[-340.82,109.26],[-340.66,107.14],[-343.29,110.11],[-344.93,108.59],[-340.09,103.37],[-331.53,103.12],[-330.65,126.18],[-334.1,126.31],[-334.8,107.11]]]}},{"type":"Feature","properties":{"id":802,"base_y":12.86,"height":9.42,"tipo":"edificio","plantas":2,"medianeras":[1,2,3,4,5,9]},"geometry":{"type":"Polygon","coordinates":[[[-343.99,53.22],[-350.28,53.39],[-350.34,51.6],[-351.81,51.65],[-351.74,53.06],[-355.95,53.18],[-356.26,44.42],[-352.6,44.29],[-352.7,42.79],[-344.34,42.56],[-343.99,53.22]]]}},{"type":"Feature","properties":{"id":803,"base_y":15.92,"height":8.14,"tipo":"edificio","plantas":2,"medianeras":[2,3,4]},"geometry":{"type":"Polygon","coordinates":[[[235.96,-81.53],[236.02,-79.97],[228.43,-79.65],[227.97,-90.56],[231.28,-90.7],[231.24,-91.69],[238.48,-91.99],[238.91,-81.65],[235.96,-81.53]]]}},{"type":"Feature","properties":{"id":804,"base_y":16.07,"height":8.28,"tipo":"edificio","plantas":2,"medianeras":[2]},"geometry":{"type":"Polygon","coordinates":[[[122.4,-58.21],[122.46,-56.65],[125.41,-56.78],[125.85,-46.44],[118.61,-46.13],[118.57,-47.12],[115.25,-46.98],[114.8,-57.89],[122.4,-58.21]]]}},{"type":"Feature","properties":{"id":805,"base_y":16.47,"height":7.87,"tipo":"edificio","plantas":2,"medianeras":[6]},"geometry":{"type":"Polygon","coordinates":[[[121.62,-76.76],[121.68,-75.2],[114.09,-74.88],[113.63,-85.79],[116.94,-85.93],[116.9,-86.92],[124.15,-87.22],[124.57,-76.88],[121.62,-76.76]]]}},{"type":"Feature","properties":{"id":806,"base_y":16.85,"height":4.94,"tipo":"edificio","plantas":1,"medianeras":[6,10]},"geometry":{"type":"Polygon","coordinates":[[[-217.88,74.48],[-218.03,70.96],[-222.51,71.14],[-222.38,74.93],[-225.32,74.93],[-225.48,72.59],[-229.27,72.7],[-229.53,66.7],[-225.65,66.51],[-225.68,62.32],[-217.15,61.56],[-216.67,74.47],[-217.88,74.48]]]}},{"type":"Feature","properties":{"id":807,"base_y":13.92,"height":10.6,"tipo":"edificio","plantas":2,"medianeras":[4,5,6]},"geometry":{"type":"Polygon","coordinates":[[[335.53,40.42],[335.59,41.92],[340.58,41.73],[340.53,40.23],[344.03,40.09],[344.41,50.54],[332.42,50.98],[332.03,40.55],[335.53,40.42]]]}},{"type":"Feature","properties":{"id":808,"base_y":15.32,"height":9.11,"tipo":"edificio","plantas":2,"medianeras":[0,1,2,3]},"geometry":{"type":"Polygon","coordinates":[[[191.3,-22.37],[203.7,-22.91],[204.08,-13.45],[191.68,-12.97],[191.3,-22.37]]]}},{"type":"Feature","properties":{"id":809,"base_y":9.86,"height":8.46,"tipo":"edificio","plantas":2,"medianeras":[0,1,5]},"geometry":{"type":"Polygon","coordinates":[[[-407.93,55.91],[-414.47,56.21],[-414.81,46.64],[-403.07,46.21],[-402.78,56.69],[-407.88,56.89],[-407.93,55.91]]]}},{"type":"Feature","properties":{"id":810,"base_y":15.08,"height":9.59,"tipo":"edificio","plantas":2,"medianeras":[0,4,14,15]},"geometry":{"type":"Polygon","coordinates":[[[40.81,-15.71],[40.73,-18.41],[42.66,-18.46],[42.79,-15.45],[49.35,-15.68],[49.7,-8.22],[48.43,-8.17],[48.52,-5.78],[44.99,-5.65],[44.91,-8.04],[42.21,-7.95],[42.25,-6.74],[38.26,-6.53],[38.21,-7.8],[36.9,-7.75],[36.55,-15.59],[40.81,-15.71]]]}},{"type":"Feature","properties":{"id":811,"base_y":14.07,"height":8.81,"tipo":"edificio","plantas":2,"medianeras":[0,2]},"geometry":{"type":"Polygon","coordinates":[[[185.02,170.31],[185.41,181.24],[174.85,181.68],[174.39,170.69],[185.02,170.31]]]}},{"type":"Feature","properties":{"id":812,"base_y":15.29,"height":8.24,"tipo":"edificio","plantas":2,"medianeras":[0,1]},"geometry":{"type":"Polygon","coordinates":[[[242.43,11.95],[230.35,12.45],[229.9,3.38],[236.09,3.12],[236.05,2.12],[242.03,1.88],[242.43,11.95]]]}},{"type":"Feature","properties":{"id":813,"base_y":16.97,"height":8.72,"tipo":"edificio","plantas":2,"medianeras":[2,5,6]},"geometry":{"type":"Polygon","coordinates":[[[12.87,-124.01],[12.95,-122.02],[15.73,-122.13],[16.1,-113.08],[13.06,-112.95],[13.12,-111.44],[6.12,-111.16],[5.61,-123.71],[12.87,-124.01]]]}},{"type":"Feature","properties":{"id":814,"base_y":16.05,"height":8.1,"tipo":"edificio","plantas":2,"medianeras":[3,4,5,7]},"geometry":{"type":"Polygon","coordinates":[[[177.23,-60.5],[184.67,-60.81],[184.73,-59.25],[187.69,-59.38],[188.12,-49.04],[180.88,-48.73],[180.83,-49.72],[177.69,-49.59],[177.23,-60.5]]]}},{"type":"Feature","properties":{"id":815,"base_y":15.91,"height":8.18,"tipo":"edificio","plantas":2,"medianeras":[2,6]},"geometry":{"type":"Polygon","coordinates":[[[212.01,-50.03],[211.97,-51.02],[208.83,-50.89],[208.37,-61.8],[215.8,-62.11],[215.86,-60.55],[218.82,-60.67],[219.25,-50.34],[212.01,-50.03]]]}},{"type":"Feature","properties":{"id":816,"base_y":16.17,"height":8.29,"tipo":"edificio","plantas":2,"medianeras":[3,7]},"geometry":{"type":"Polygon","coordinates":[[[144.94,-87.1],[148.08,-87.23],[148.04,-88.22],[155.28,-88.52],[155.71,-78.18],[152.75,-78.06],[152.82,-76.5],[145.39,-76.19],[144.94,-87.1]]]}},{"type":"Feature","properties":{"id":817,"base_y":16.14,"height":8.05,"tipo":"edificio","plantas":2,"medianeras":[2,6]},"geometry":{"type":"Polygon","coordinates":[[[179.21,-88.53],[179.17,-89.52],[186.42,-89.82],[186.85,-79.48],[183.88,-79.36],[183.95,-77.8],[176.52,-77.49],[176.07,-88.4],[179.21,-88.53]]]}},{"type":"Feature","properties":{"id":818,"base_y":16.27,"height":8.2,"tipo":"edificio","plantas":2,"medianeras":[3,7]},"geometry":{"type":"Polygon","coordinates":[[[146.6,-47.31],[139.36,-47.0],[139.32,-47.99],[136.18,-47.86],[135.73,-58.77],[143.15,-59.08],[143.21,-57.52],[146.17,-57.64],[146.6,-47.31]]]}},{"type":"Feature","properties":{"id":819,"base_y":16.08,"height":8.35,"tipo":"edificio","plantas":2,"medianeras":[3,7]},"geometry":{"type":"Polygon","coordinates":[[[156.48,-59.63],[163.91,-59.94],[163.97,-58.38],[166.93,-58.51],[167.36,-48.17],[160.12,-47.87],[160.08,-48.85],[156.94,-48.72],[156.48,-59.63]]]}},{"type":"Feature","properties":{"id":820,"base_y":15.89,"height":8.22,"tipo":"edificio","plantas":2,"medianeras":[3,7]},"geometry":{"type":"Polygon","coordinates":[[[229.63,-50.77],[222.39,-50.47],[222.35,-51.45],[219.21,-51.32],[218.76,-62.23],[226.18,-62.54],[226.24,-60.98],[229.2,-61.11],[229.63,-50.77]]]}},{"type":"Feature","properties":{"id":821,"base_y":16.34,"height":8.12,"tipo":"edificio","plantas":2,"medianeras":[3,7]},"geometry":{"type":"Polygon","coordinates":[[[145.32,-77.75],[142.38,-77.62],[142.43,-76.06],[135.01,-75.75],[134.56,-86.66],[137.69,-86.79],[137.65,-87.78],[144.9,-88.08],[145.32,-77.75]]]}},{"type":"Feature","properties":{"id":822,"base_y":16.01,"height":8.13,"tipo":"edificio","plantas":2,"medianeras":[3,7]},"geometry":{"type":"Polygon","coordinates":[[[198.49,-49.47],[191.26,-49.17],[191.21,-50.15],[188.08,-50.02],[187.62,-60.93],[195.05,-61.24],[195.11,-59.68],[198.06,-59.81],[198.49,-49.47]]]}},{"type":"Feature","properties":{"id":823,"base_y":16.13,"height":8.11,"tipo":"edificio","plantas":2,"medianeras":[3,7]},"geometry":{"type":"Polygon","coordinates":[[[196.83,-89.26],[199.97,-89.39],[199.93,-90.38],[207.17,-90.68],[207.6,-80.34],[204.64,-80.22],[204.71,-78.66],[197.29,-78.35],[196.83,-89.26]]]}},{"type":"Feature","properties":{"id":824,"base_y":16.22,"height":8.26,"tipo":"edificio","plantas":2,"medianeras":[2,6]},"geometry":{"type":"Polygon","coordinates":[[[158.46,-87.66],[158.42,-88.65],[165.66,-88.95],[166.09,-78.61],[163.12,-78.49],[163.2,-76.93],[155.78,-76.62],[155.32,-87.53],[158.46,-87.66]]]}},{"type":"Feature","properties":{"id":825,"base_y":16.12,"height":8.34,"tipo":"edificio","plantas":2,"medianeras":[3,7]},"geometry":{"type":"Polygon","coordinates":[[[146.11,-59.2],[153.53,-59.51],[153.59,-57.95],[156.55,-58.08],[156.98,-47.74],[149.74,-47.43],[149.7,-48.42],[146.56,-48.29],[146.11,-59.2]]]}},{"type":"Feature","properties":{"id":826,"base_y":16.24,"height":8.22,"tipo":"edificio","plantas":2,"medianeras":[2,6]},"geometry":{"type":"Polygon","coordinates":[[[132.77,-58.65],[132.84,-57.09],[135.79,-57.21],[136.22,-46.87],[128.98,-46.57],[128.94,-47.56],[125.81,-47.42],[125.35,-58.33],[132.77,-58.65]]]}},{"type":"Feature","properties":{"id":827,"base_y":15.98,"height":8.25,"tipo":"edificio","plantas":2,"medianeras":[2,6]},"geometry":{"type":"Polygon","coordinates":[[[215.02,-80.65],[215.09,-79.09],[207.67,-78.79],[207.21,-89.7],[210.35,-89.83],[210.31,-90.81],[217.55,-91.11],[217.98,-80.78],[215.02,-80.65]]]}},{"type":"Feature","properties":{"id":828,"base_y":16.09,"height":8.1,"tipo":"edificio","plantas":2,"medianeras":[2,6]},"geometry":{"type":"Polygon","coordinates":[[[189.59,-88.96],[189.55,-89.95],[196.79,-90.25],[197.22,-79.91],[194.26,-79.79],[194.33,-78.23],[186.91,-77.92],[186.46,-88.83],[189.59,-88.96]]]}},{"type":"Feature","properties":{"id":829,"base_y":15.78,"height":8.47,"tipo":"edificio","plantas":2,"medianeras":[2,6]},"geometry":{"type":"Polygon","coordinates":[[[220.73,-90.26],[220.69,-91.25],[227.93,-91.55],[228.36,-81.21],[225.4,-81.09],[225.47,-79.53],[218.05,-79.22],[217.59,-90.13],[220.73,-90.26]]]}},{"type":"Feature","properties":{"id":830,"base_y":15.98,"height":8.19,"tipo":"edificio","plantas":2,"medianeras":[3,7]},"geometry":{"type":"Polygon","coordinates":[[[198.0,-61.37],[205.42,-61.68],[205.49,-60.12],[208.43,-60.24],[208.87,-49.9],[201.64,-49.6],[201.59,-50.59],[198.45,-50.46],[198.0,-61.37]]]}},{"type":"Feature","properties":{"id":831,"base_y":16.1,"height":8.36,"tipo":"edificio","plantas":2,"medianeras":[3,7]},"geometry":{"type":"Polygon","coordinates":[[[166.86,-60.07],[174.29,-60.38],[174.35,-58.82],[177.3,-58.94],[177.73,-48.6],[170.5,-48.3],[170.46,-49.29],[167.32,-49.16],[166.86,-60.07]]]}},{"type":"Feature","properties":{"id":832,"base_y":16.36,"height":8.1,"tipo":"edificio","plantas":2,"medianeras":[3,7]},"geometry":{"type":"Polygon","coordinates":[[[124.19,-86.23],[127.32,-86.36],[127.28,-87.35],[134.52,-87.65],[134.95,-77.31],[131.99,-77.19],[132.05,-75.63],[124.64,-75.32],[124.19,-86.23]]]}},{"type":"Feature","properties":{"id":833,"base_y":16.19,"height":8.28,"tipo":"edificio","plantas":2,"medianeras":[2,6]},"geometry":{"type":"Polygon","coordinates":[[[168.82,-88.09],[168.79,-89.08],[176.03,-89.38],[176.46,-79.04],[173.51,-78.92],[173.56,-77.36],[166.16,-77.05],[165.7,-87.96],[168.82,-88.09]]]}},{"type":"Feature","properties":{"id":834,"base_y":16.78,"height":7.96,"tipo":"edificio","plantas":2,"medianeras":[0,2,3]},"geometry":{"type":"Polygon","coordinates":[[[77.65,-84.96],[78.12,-73.52],[68.05,-73.11],[67.59,-84.55],[77.65,-84.96]]]}},{"type":"Feature","properties":{"id":835,"base_y":16.04,"height":8.23,"tipo":"edificio","plantas":2,"medianeras":[0,1]},"geometry":{"type":"Polygon","coordinates":[[[-43.11,-80.05],[-33.04,-80.46],[-32.58,-69.02],[-42.64,-68.61],[-43.11,-80.05]]]}},{"type":"Feature","properties":{"id":836,"base_y":16.33,"height":8.17,"tipo":"edificio","plantas":2,"medianeras":[1,3]},"geometry":{"type":"Polygon","coordinates":[[[-11.76,-52.85],[-1.7,-53.26],[-1.23,-41.82],[-11.3,-41.41],[-11.76,-52.85]]]}},{"type":"Feature","properties":{"id":837,"base_y":14.22,"height":8.29,"tipo":"edificio","plantas":2,"medianeras":[2]},"geometry":{"type":"Polygon","coordinates":[[[203.28,224.93],[204.48,214.08],[215.47,215.17],[213.31,225.91],[203.28,224.93]]]}},{"type":"Feature","properties":{"id":838,"base_y":15.2,"height":7.4,"tipo":"edificio","plantas":1,"medianeras":[0,1,2,3,4,5,6,7]},"geometry":{"type":"Polygon","coordinates":[[[126.46,92.51],[135.88,92.15],[136.29,105.58],[134.03,105.58],[134.03,103.53],[128.81,103.8],[128.92,105.71],[126.9,105.77],[126.46,92.51]]]}},{"type":"Feature","properties":{"id":839,"base_y":15.57,"height":5.12,"tipo":"edificio","plantas":1,"medianeras":[0,1]},"geometry":{"type":"Polygon","coordinates":[[[-2.09,83.37],[-2.99,59.68],[-0.49,59.58],[0.56,77.76],[9.43,77.39],[9.65,82.88],[-2.09,83.37]]]}},{"type":"Feature","properties":{"id":840,"base_y":15.89,"height":4.5,"tipo":"edificio","plantas":1,"medianeras":[4,5]},"geometry":{"type":"Polygon","coordinates":[[[-251.53,86.4],[-251.37,88.3],[-245.1,88.08],[-245.52,74.86],[-241.55,74.56],[-241.03,92.68],[-253.28,93.12],[-253.54,86.37],[-251.53,86.4]]]}},{"type":"Feature","properties":{"id":841,"base_y":16.6,"height":4.91,"tipo":"edificio","plantas":1,"medianeras":[2,4]},"geometry":{"type":"Polygon","coordinates":[[[-246.09,63.06],[-246.09,62.49],[-241.9,62.31],[-241.63,71.89],[-254.06,72.35],[-254.4,63.37],[-246.09,63.06]]]}},{"type":"Feature","properties":{"id":842,"base_y":14.16,"height":12.02,"tipo":"edificio","plantas":3,"medianeras":[0,3,4]},"geometry":{"type":"Polygon","coordinates":[[[137.29,172.92],[137.72,183.06],[121.6,183.68],[121.4,178.17],[130.01,177.91],[130.02,175.7],[133.38,175.58],[133.28,173.06],[137.29,172.92]]]}},{"type":"Feature","properties":{"id":843,"base_y":14.74,"height":7.78,"tipo":"edificio","plantas":2,"medianeras":[1,3]},"geometry":{"type":"Polygon","coordinates":[[[215.47,215.17],[226.45,216.19],[223.28,226.87],[213.31,225.91],[215.47,215.17]]]}},{"type":"Feature","properties":{"id":844,"base_y":16.04,"height":4.84,"tipo":"edificio","plantas":1,"medianeras":[2,6]},"geometry":{"type":"Polygon","coordinates":[[[-91.72,33.66],[-91.62,36.06],[-84.35,35.77],[-83.9,45.93],[-92.34,45.65],[-92.42,41.09],[-96.45,41.25],[-96.72,33.83],[-91.72,33.66]]]}},{"type":"Feature","properties":{"id":845,"base_y":10.23,"height":4.68,"tipo":"edificio","plantas":1,"medianeras":[5]},"geometry":{"type":"Polygon","coordinates":[[[-341.42,118.85],[-337.99,126.47],[-344.97,126.74],[-351.88,120.49],[-351.3,119.7],[-353.4,117.74],[-348.48,112.43],[-341.42,118.85]]]}},{"type":"Feature","properties":{"id":846,"base_y":15.48,"height":4.21,"tipo":"edificio","plantas":1,"medianeras":[0,8,9]},"geometry":{"type":"Polygon","coordinates":[[[216.26,52.05],[216.03,44.98],[219.97,44.82],[220.63,62.02],[216.65,62.33],[216.57,58.51],[211.19,58.76],[211.08,56.34],[208.54,56.45],[208.38,52.22],[216.26,52.05]]]}},{"type":"Feature","properties":{"id":847,"base_y":13.97,"height":9.21,"tipo":"edificio","plantas":2,"medianeras":[1,3]},"geometry":{"type":"Polygon","coordinates":[[[-239.58,188.31],[-227.33,187.81],[-226.96,197.05],[-239.28,197.62],[-239.58,188.31]]]}},{"type":"Feature","properties":{"id":848,"base_y":16.77,"height":4.18,"tipo":"edificio","plantas":1,"medianeras":[]},"geometry":{"type":"Polygon","coordinates":[[[-181.22,18.49],[-181.05,23.66],[-189.87,24.06],[-189.14,36.38],[-193.25,36.5],[-193.78,18.93],[-181.22,18.49]]]}},{"type":"Feature","properties":{"id":849,"base_y":16.56,"height":8.83,"tipo":"edificio","plantas":2,"medianeras":[4]},"geometry":{"type":"Polygon","coordinates":[[[-43.04,-152.78],[-43.1,-154.33],[-38.89,-154.5],[-38.82,-153.0],[-35.83,-153.13],[-35.46,-144.02],[-38.19,-143.91],[-38.11,-141.96],[-45.59,-141.65],[-46.03,-152.66],[-43.04,-152.78]]]}},{"type":"Feature","properties":{"id":850,"base_y":14.9,"height":9.39,"tipo":"edificio","plantas":2,"medianeras":[2,3,4,5,6]},"geometry":{"type":"Polygon","coordinates":[[[82.53,-20.03],[82.63,-17.48],[86.99,-17.66],[87.32,-11.21],[81.52,-10.99],[81.67,-8.14],[75.53,-7.9],[74.97,-19.74],[82.53,-20.03]]]}},{"type":"Feature","properties":{"id":851,"base_y":17.37,"height":8.6,"tipo":"edificio","plantas":2,"medianeras":[8]},"geometry":{"type":"Polygon","coordinates":[[[93.35,-127.28],[93.43,-125.31],[96.16,-125.42],[96.53,-116.33],[93.54,-116.21],[93.6,-114.71],[89.38,-114.54],[89.32,-116.09],[86.4,-115.97],[85.95,-126.98],[93.35,-127.28]]]}},{"type":"Feature","properties":{"id":852,"base_y":14.71,"height":8.04,"tipo":"edificio","plantas":2,"medianeras":[1]},"geometry":{"type":"Polygon","coordinates":[[[-147.62,184.87],[-136.02,184.34],[-135.65,194.06],[-147.28,194.56],[-147.62,184.87]]]}},{"type":"Feature","properties":{"id":853,"base_y":9.12,"height":9.33,"tipo":"edificio","plantas":2,"medianeras":[0,4]},"geometry":{"type":"Polygon","coordinates":[[[-421.67,46.89],[-421.37,57.41],[-426.19,57.6],[-426.23,56.51],[-432.78,56.76],[-433.07,47.32],[-421.67,46.89]]]}},{"type":"Feature","properties":{"id":854,"base_y":11.98,"height":10.26,"tipo":"edificio","plantas":2,"medianeras":[0,1]},"geometry":{"type":"Polygon","coordinates":[[[-381.02,25.66],[-380.69,35.0],[-392.78,35.38],[-393.09,26.1],[-381.02,25.66]]]}},{"type":"Feature","properties":{"id":855,"base_y":16.08,"height":4.88,"tipo":"edificio","plantas":1,"medianeras":[4,8]},"geometry":{"type":"Polygon","coordinates":[[[-101.0,41.43],[-100.81,45.97],[-105.03,46.12],[-105.09,46.81],[-108.4,46.74],[-108.79,36.5],[-102.44,36.4],[-102.45,34.03],[-96.72,33.83],[-96.45,41.25],[-101.0,41.43]]]}},{"type":"Feature","properties":{"id":856,"base_y":14.11,"height":8.89,"tipo":"edificio","plantas":2,"medianeras":[0,1,3]},"geometry":{"type":"Polygon","coordinates":[[[153.26,172.47],[164.4,172.07],[164.91,182.06],[153.66,182.49],[153.26,172.47]]]}},{"type":"Feature","properties":{"id":857,"base_y":14.79,"height":8.02,"tipo":"edificio","plantas":2,"medianeras":[7,8]},"geometry":{"type":"Polygon","coordinates":[[[-48.77,202.49],[-47.27,203.44],[-47.21,204.51],[-45.38,204.42],[-45.43,203.35],[-43.85,202.06],[-41.22,201.93],[-40.67,213.5],[-51.04,213.76],[-51.53,202.43],[-48.77,202.49]]]}},{"type":"Feature","properties":{"id":858,"base_y":17.1,"height":8.63,"tipo":"edificio","plantas":2,"medianeras":[5,9]},"geometry":{"type":"Polygon","coordinates":[[[26.15,-113.47],[23.1,-113.35],[23.16,-111.85],[19.11,-111.68],[19.05,-113.24],[16.1,-113.08],[15.65,-124.12],[22.92,-124.42],[23.0,-122.45],[25.78,-122.56],[26.15,-113.47]]]}},{"type":"Feature","properties":{"id":859,"base_y":16.73,"height":8.66,"tipo":"edificio","plantas":2,"medianeras":[5,9]},"geometry":{"type":"Polygon","coordinates":[[[-24.06,-111.43],[-27.07,-111.31],[-27.01,-109.81],[-31.05,-109.65],[-31.12,-111.2],[-34.11,-111.08],[-34.56,-122.08],[-27.26,-122.38],[-27.18,-120.41],[-24.43,-120.52],[-24.06,-111.43]]]}},{"type":"Feature","properties":{"id":860,"base_y":16.75,"height":8.52,"tipo":"edificio","plantas":2,"medianeras":[3,9]},"geometry":{"type":"Polygon","coordinates":[[[-25.42,-144.43],[-28.16,-144.32],[-28.08,-142.36],[-35.38,-142.07],[-35.82,-153.08],[-32.83,-153.2],[-32.89,-154.75],[-28.85,-154.91],[-28.79,-153.41],[-25.79,-153.54],[-25.42,-144.43]]]}},{"type":"Feature","properties":{"id":861,"base_y":16.69,"height":8.8,"tipo":"edificio","plantas":2,"medianeras":[2,8]},"geometry":{"type":"Polygon","coordinates":[[[-17.23,-122.79],[-17.15,-120.81],[-14.39,-120.92],[-14.02,-111.84],[-17.06,-111.72],[-17.0,-110.22],[-21.05,-110.05],[-21.11,-111.61],[-24.07,-111.48],[-24.51,-122.49],[-17.23,-122.79]]]}},{"type":"Feature","properties":{"id":862,"base_y":17.11,"height":8.54,"tipo":"edificio","plantas":2,"medianeras":[2,8]},"geometry":{"type":"Polygon","coordinates":[[[32.95,-124.83],[33.04,-122.86],[35.82,-122.97],[36.19,-113.88],[33.14,-113.76],[33.2,-112.26],[29.16,-112.09],[29.1,-113.64],[26.14,-113.52],[25.7,-124.53],[32.95,-124.83]]]}},{"type":"Feature","properties":{"id":863,"base_y":16.83,"height":8.59,"tipo":"edificio","plantas":2,"medianeras":[2,8]},"geometry":{"type":"Polygon","coordinates":[[[-7.19,-123.2],[-7.11,-121.21],[-4.35,-121.33],[-3.98,-112.25],[-7.0,-112.13],[-6.94,-110.63],[-10.98,-110.46],[-11.04,-112.01],[-14.03,-111.89],[-14.47,-122.9],[-7.19,-123.2]]]}},{"type":"Feature","properties":{"id":864,"base_y":17.13,"height":8.98,"tipo":"edificio","plantas":2,"medianeras":[2,8]},"geometry":{"type":"Polygon","coordinates":[[[42.99,-125.24],[43.07,-123.27],[45.86,-123.38],[46.23,-114.29],[43.18,-114.17],[43.24,-112.67],[39.2,-112.5],[39.14,-114.05],[36.19,-113.93],[35.74,-124.94],[42.99,-125.24]]]}},{"type":"Feature","properties":{"id":865,"base_y":17.22,"height":8.86,"tipo":"edificio","plantas":2,"medianeras":[2,8]},"geometry":{"type":"Polygon","coordinates":[[[53.03,-125.64],[53.11,-123.67],[55.9,-123.79],[56.27,-114.7],[53.21,-114.57],[53.27,-113.07],[49.23,-112.91],[49.17,-114.46],[46.23,-114.34],[45.78,-125.35],[53.03,-125.64]]]}},{"type":"Feature","properties":{"id":866,"base_y":17.37,"height":8.66,"tipo":"edificio","plantas":2,"medianeras":[2,8]},"geometry":{"type":"Polygon","coordinates":[[[63.06,-126.05],[63.14,-124.08],[65.95,-124.2],[66.32,-115.11],[63.25,-114.98],[63.31,-113.48],[59.27,-113.32],[59.21,-114.87],[56.27,-114.75],[55.82,-125.76],[63.06,-126.05]]]}},{"type":"Feature","properties":{"id":867,"base_y":17.0,"height":8.73,"tipo":"edificio","plantas":2,"medianeras":[3,9]},"geometry":{"type":"Polygon","coordinates":[[[-4.43,-123.31],[2.85,-123.6],[2.93,-121.62],[5.69,-121.73],[6.06,-112.67],[3.03,-112.54],[3.09,-111.03],[-0.95,-110.87],[-1.01,-112.43],[-3.98,-112.3],[-4.43,-123.31]]]}},{"type":"Feature","properties":{"id":868,"base_y":17.37,"height":8.62,"tipo":"edificio","plantas":2,"medianeras":[2,8]},"geometry":{"type":"Polygon","coordinates":[[[73.1,-126.46],[73.18,-124.49],[75.99,-124.6],[76.36,-115.51],[73.28,-115.39],[73.34,-113.89],[69.31,-113.72],[69.24,-115.27],[66.31,-115.15],[65.87,-126.16],[73.1,-126.46]]]}},{"type":"Feature","properties":{"id":869,"base_y":17.47,"height":8.74,"tipo":"edificio","plantas":2,"medianeras":[2,8]},"geometry":{"type":"Polygon","coordinates":[[[83.14,-126.87],[83.22,-124.9],[86.03,-125.01],[86.4,-115.92],[83.32,-115.8],[83.38,-114.3],[79.34,-114.13],[79.28,-115.68],[76.36,-115.56],[75.91,-126.57],[83.14,-126.87]]]}},{"type":"Feature","properties":{"id":870,"base_y":16.06,"height":8.76,"tipo":"edificio","plantas":2,"medianeras":[0,4]},"geometry":{"type":"Polygon","coordinates":[[[69.21,-44.68],[68.8,-54.77],[71.56,-54.89],[71.51,-56.24],[78.81,-56.53],[79.27,-45.09],[69.21,-44.68]]]}},{"type":"Feature","properties":{"id":871,"base_y":16.29,"height":8.13,"tipo":"edificio","plantas":2,"medianeras":[2,4]},"geometry":{"type":"Polygon","coordinates":[[[-15.28,-71.08],[-15.22,-69.72],[-22.52,-69.43],[-22.98,-80.87],[-12.92,-81.28],[-12.51,-71.19],[-15.28,-71.08]]]}},{"type":"Feature","properties":{"id":872,"base_y":16.48,"height":8.08,"tipo":"edificio","plantas":2,"medianeras":[2]},"geometry":{"type":"Polygon","coordinates":[[[90.95,-74.04],[90.89,-75.39],[88.12,-75.28],[87.71,-85.37],[97.78,-85.78],[98.24,-74.34],[90.95,-74.04]]]}},{"type":"Feature","properties":{"id":873,"base_y":16.43,"height":8.06,"tipo":"edificio","plantas":2,"medianeras":[2,4]},"geometry":{"type":"Polygon","coordinates":[[[-14.53,-52.74],[-14.47,-51.39],[-11.71,-51.5],[-11.3,-41.41],[-21.36,-41.0],[-21.83,-52.44],[-14.53,-52.74]]]}},{"type":"Feature","properties":{"id":874,"base_y":16.06,"height":8.65,"tipo":"edificio","plantas":2,"medianeras":[0,1]},"geometry":{"type":"Polygon","coordinates":[[[99.4,-45.91],[89.33,-45.5],[88.92,-55.59],[91.69,-55.71],[91.64,-57.05],[98.93,-57.35],[99.4,-45.91]]]}},{"type":"Feature","properties":{"id":875,"base_y":16.02,"height":8.3,"tipo":"edificio","plantas":2,"medianeras":[4,5]},"geometry":{"type":"Polygon","coordinates":[[[-41.49,-40.19],[-41.95,-51.63],[-34.66,-51.92],[-34.6,-50.57],[-31.83,-50.69],[-31.42,-40.59],[-41.49,-40.19]]]}},{"type":"Feature","properties":{"id":876,"base_y":16.45,"height":8.41,"tipo":"edificio","plantas":2,"medianeras":[2,4]},"geometry":{"type":"Polygon","coordinates":[[[30.57,-71.59],[30.51,-72.94],[27.74,-72.82],[27.33,-82.91],[37.4,-83.32],[37.86,-71.88],[30.57,-71.59]]]}},{"type":"Feature","properties":{"id":877,"base_y":16.44,"height":8.38,"tipo":"edificio","plantas":2,"medianeras":[2,4]},"geometry":{"type":"Polygon","coordinates":[[[86.1,-56.83],[86.16,-55.48],[88.92,-55.59],[89.33,-45.5],[79.27,-45.09],[78.81,-56.53],[86.1,-56.83]]]}},{"type":"Feature","properties":{"id":878,"base_y":16.19,"height":8.78,"tipo":"edificio","plantas":2,"medianeras":[2,4]},"geometry":{"type":"Polygon","coordinates":[[[31.31,-53.25],[31.26,-54.6],[38.55,-54.9],[39.02,-43.46],[28.95,-43.05],[28.55,-53.14],[31.31,-53.25]]]}},{"type":"Feature","properties":{"id":879,"base_y":16.18,"height":8.77,"tipo":"edificio","plantas":2,"medianeras":[0,4,5]},"geometry":{"type":"Polygon","coordinates":[[[18.89,-42.64],[18.43,-54.08],[25.72,-54.38],[25.78,-53.03],[28.55,-53.14],[28.95,-43.05],[18.89,-42.64]]]}},{"type":"Feature","properties":{"id":880,"base_y":16.92,"height":8.02,"tipo":"edificio","plantas":2,"medianeras":[1,5]},"geometry":{"type":"Polygon","coordinates":[[[57.52,-84.14],[67.59,-84.55],[68.0,-74.46],[65.23,-74.35],[65.28,-73.0],[57.99,-72.7],[57.52,-84.14]]]}},{"type":"Feature","properties":{"id":881,"base_y":16.75,"height":7.98,"tipo":"edificio","plantas":2,"medianeras":[2,4]},"geometry":{"type":"Polygon","coordinates":[[[85.36,-75.16],[85.41,-73.81],[78.12,-73.52],[77.65,-84.96],[87.71,-85.37],[88.12,-75.28],[85.36,-75.16]]]}},{"type":"Feature","properties":{"id":882,"base_y":16.01,"height":8.41,"tipo":"edificio","plantas":2,"medianeras":[2,4]},"geometry":{"type":"Polygon","coordinates":[[[-29.81,-69.13],[-29.87,-70.48],[-32.63,-70.37],[-33.04,-80.46],[-22.98,-80.87],[-22.52,-69.43],[-29.81,-69.13]]]}},{"type":"Feature","properties":{"id":883,"base_y":16.09,"height":9.0,"tipo":"edificio","plantas":2,"medianeras":[2,3,4]},"geometry":{"type":"Polygon","coordinates":[[[65.97,-56.01],[66.03,-54.66],[68.8,-54.77],[69.21,-44.68],[59.14,-44.27],[58.68,-55.71],[65.97,-56.01]]]}},{"type":"Feature","properties":{"id":884,"base_y":16.92,"height":8.15,"tipo":"edificio","plantas":2,"medianeras":[1,5]},"geometry":{"type":"Polygon","coordinates":[[[49.08,-43.87],[39.02,-43.46],[38.55,-54.9],[45.85,-55.19],[45.9,-53.84],[48.67,-53.96],[49.08,-43.87]]]}},{"type":"Feature","properties":{"id":885,"base_y":16.21,"height":8.74,"tipo":"edificio","plantas":2,"medianeras":[2,4]},"geometry":{"type":"Polygon","coordinates":[[[45.1,-73.53],[45.16,-72.18],[37.86,-71.88],[37.4,-83.32],[47.46,-83.73],[47.87,-73.64],[45.1,-73.53]]]}},{"type":"Feature","properties":{"id":886,"base_y":16.02,"height":8.9,"tipo":"edificio","plantas":2,"medianeras":[1,5]},"geometry":{"type":"Polygon","coordinates":[[[8.83,-42.23],[-1.23,-41.82],[-1.7,-53.26],[5.6,-53.56],[5.65,-52.21],[8.42,-52.32],[8.83,-42.23]]]}},{"type":"Feature","properties":{"id":887,"base_y":15.87,"height":8.96,"tipo":"edificio","plantas":2,"medianeras":[2,4]},"geometry":{"type":"Polygon","coordinates":[[[4.85,-71.89],[4.91,-70.54],[-2.39,-70.25],[-2.85,-81.69],[7.21,-82.1],[7.62,-72.0],[4.85,-71.89]]]}},{"type":"Feature","properties":{"id":888,"base_y":16.09,"height":8.87,"tipo":"edificio","plantas":2,"medianeras":[0,4]},"geometry":{"type":"Polygon","coordinates":[[[8.83,-42.23],[8.42,-52.32],[11.19,-52.43],[11.13,-53.78],[18.43,-54.08],[18.89,-42.64],[8.83,-42.23]]]}},{"type":"Feature","properties":{"id":889,"base_y":16.27,"height":8.19,"tipo":"edificio","plantas":2,"medianeras":[0,4,5]},"geometry":{"type":"Polygon","coordinates":[[[-31.42,-40.59],[-31.83,-50.69],[-29.07,-50.8],[-29.12,-52.15],[-21.83,-52.44],[-21.36,-41.0],[-31.42,-40.59]]]}},{"type":"Feature","properties":{"id":890,"base_y":16.39,"height":8.44,"tipo":"edificio","plantas":2,"medianeras":[0,4,5]},"geometry":{"type":"Polygon","coordinates":[[[27.33,-82.91],[27.74,-72.82],[24.98,-72.71],[25.03,-71.36],[17.74,-71.07],[17.27,-82.5],[27.33,-82.91]]]}},{"type":"Feature","properties":{"id":891,"base_y":16.06,"height":8.77,"tipo":"edificio","plantas":2,"medianeras":[0,4]},"geometry":{"type":"Polygon","coordinates":[[[17.27,-82.5],[17.74,-71.07],[10.44,-70.77],[10.39,-72.12],[7.62,-72.0],[7.21,-82.1],[17.27,-82.5]]]}},{"type":"Feature","properties":{"id":892,"base_y":16.44,"height":8.5,"tipo":"edificio","plantas":2,"medianeras":[0,4]},"geometry":{"type":"Polygon","coordinates":[[[57.52,-84.14],[57.99,-72.7],[50.69,-72.41],[50.64,-73.75],[47.87,-73.64],[47.46,-83.73],[57.52,-84.14]]]}},{"type":"Feature","properties":{"id":893,"base_y":15.99,"height":8.46,"tipo":"edificio","plantas":2,"medianeras":[0,4]},"geometry":{"type":"Polygon","coordinates":[[[-2.85,-81.69],[-2.39,-70.25],[-9.68,-69.95],[-9.74,-71.3],[-12.51,-71.19],[-12.92,-81.28],[-2.85,-81.69]]]}},{"type":"Feature","properties":{"id":894,"base_y":16.83,"height":8.24,"tipo":"edificio","plantas":2,"medianeras":[0,4]},"geometry":{"type":"Polygon","coordinates":[[[49.08,-43.87],[48.67,-53.96],[51.44,-54.07],[51.39,-55.42],[58.68,-55.71],[59.14,-44.27],[49.08,-43.87]]]}},{"type":"Feature","properties":{"id":895,"base_y":16.97,"height":4.66,"tipo":"edificio","plantas":1,"medianeras":[1]},"geometry":{"type":"Polygon","coordinates":[[[-179.66,69.31],[-192.21,69.84],[-192.53,60.68],[-188.34,60.49],[-188.34,60.99],[-179.97,60.62],[-179.66,69.31]]]}},{"type":"Feature","properties":{"id":896,"base_y":14.73,"height":6.23,"tipo":"edificio","plantas":1,"medianeras":[0,3,4,5,9]},"geometry":{"type":"Polygon","coordinates":[[[271.38,127.9],[271.46,130.45],[264.77,130.68],[264.63,126.52],[274.48,126.17],[274.3,121.17],[262.31,121.6],[262.05,118.55],[278.13,117.84],[278.87,127.63],[271.38,127.9]]]}},{"type":"Feature","properties":{"id":897,"base_y":15.45,"height":7.52,"tipo":"edificio","plantas":1,"medianeras":[3]},"geometry":{"type":"Polygon","coordinates":[[[116.25,-23.48],[122.85,-23.75],[123.01,-19.72],[125.19,-19.78],[125.59,-7.69],[120.23,-7.51],[119.96,-13.91],[116.68,-13.74],[116.25,-23.48]]]}},{"type":"Feature","properties":{"id":898,"base_y":14.74,"height":7.39,"tipo":"edificio","plantas":2,"medianeras":[0,1,5,7]},"geometry":{"type":"Polygon","coordinates":[[[-140.65,225.64],[-136.65,225.49],[-136.75,222.79],[-133.75,222.68],[-133.66,225.38],[-130.76,225.27],[-130.28,235.56],[-140.28,235.93],[-140.65,225.64]]]}},{"type":"Feature","properties":{"id":899,"base_y":14.48,"height":7.59,"tipo":"edificio","plantas":2,"medianeras":[3,6,7]},"geometry":{"type":"Polygon","coordinates":[[[-252.34,123.24],[-261.95,123.6],[-262.02,122.8],[-265.57,122.89],[-265.86,115.44],[-256.31,115.01],[-256.31,114.19],[-252.63,114.01],[-252.34,123.24]]]}},{"type":"Feature","properties":{"id":900,"base_y":16.96,"height":8.27,"tipo":"edificio","plantas":2,"medianeras":[0,5]},"geometry":{"type":"Polygon","coordinates":[[[-218.64,29.19],[-231.15,29.64],[-231.36,21.83],[-227.6,21.7],[-227.66,20.18],[-219.03,19.87],[-218.64,29.19]]]}},{"type":"Feature","properties":{"id":901,"base_y":14.79,"height":8.16,"tipo":"edificio","plantas":2,"medianeras":[1,3]},"geometry":{"type":"Polygon","coordinates":[[[-61.15,202.81],[-51.53,202.43],[-51.04,213.76],[-60.78,214.22],[-61.15,202.81]]]}},{"type":"Feature","properties":{"id":902,"base_y":16.5,"height":4.81,"tipo":"edificio","plantas":1,"medianeras":[0,4]},"geometry":{"type":"Polygon","coordinates":[[[-267.49,71.73],[-267.76,64.0],[-264.42,63.9],[-264.32,63.24],[-254.4,62.87],[-254.1,71.27],[-267.49,71.73]]]}},{"type":"Feature","properties":{"id":903,"base_y":11.9,"height":8.1,"tipo":"edificio","plantas":2,"medianeras":[4,5,6,10]},"geometry":{"type":"Polygon","coordinates":[[[-372.15,53.63],[-372.25,52.19],[-373.9,52.2],[-373.81,54.04],[-380.06,54.22],[-380.3,46.75],[-377.56,46.67],[-377.67,43.53],[-372.11,43.32],[-372.11,44.82],[-368.33,44.69],[-368.02,53.53],[-372.15,53.63]]]}},{"type":"Feature","properties":{"id":904,"base_y":15.2,"height":9.35,"tipo":"edificio","plantas":2,"medianeras":[0,1,2,3,4,5,7]},"geometry":{"type":"Polygon","coordinates":[[[332.42,50.98],[328.82,51.12],[328.67,47.12],[324.68,47.27],[324.82,51.26],[320.43,51.43],[320.04,41.0],[332.03,40.55],[332.42,50.98]]]}},{"type":"Feature","properties":{"id":905,"base_y":14.31,"height":8.92,"tipo":"edificio","plantas":2,"medianeras":[0,1,2]},"geometry":{"type":"Polygon","coordinates":[[[-226.96,197.05],[-227.33,187.81],[-215.54,187.33],[-215.22,196.62],[-226.96,197.05]]]}},{"type":"Feature","properties":{"id":906,"base_y":16.12,"height":4.71,"tipo":"cobertizo","plantas":1,"medianeras":[3]},"geometry":{"type":"Polygon","coordinates":[[[681.9,127.87],[695.59,135.18],[692.29,141.36],[678.6,134.04],[681.9,127.87]]]}},{"type":"Feature","properties":{"id":907,"base_y":14.94,"height":7.31,"tipo":"edificio","plantas":2,"medianeras":[0,1,2,3,5]},"geometry":{"type":"Polygon","coordinates":[[[0.34,217.37],[4.78,217.25],[4.84,220.05],[10.1,219.76],[10.6,229.81],[1.03,230.18],[0.34,217.37]]]}},{"type":"Feature","properties":{"id":908,"base_y":15.43,"height":8.43,"tipo":"edificio","plantas":2,"medianeras":[2,3,4,5,6]},"geometry":{"type":"Polygon","coordinates":[[[15.55,-3.33],[15.49,-4.71],[11.29,-4.54],[11.02,-11.03],[13.3,-11.12],[13.25,-12.27],[23.89,-12.71],[24.27,-3.7],[15.55,-3.33]]]}},{"type":"Feature","properties":{"id":909,"base_y":15.61,"height":4.58,"tipo":"edificio","plantas":1,"medianeras":[]},"geometry":{"type":"Polygon","coordinates":[[[-344.4,6.18],[-341.84,-5.63],[-333.09,-3.82],[-335.72,8.06],[-344.4,6.18]]]}},{"type":"Feature","properties":{"id":910,"base_y":13.29,"height":10.13,"tipo":"edificio","plantas":2,"medianeras":[1,2]},"geometry":{"type":"Polygon","coordinates":[[[356.02,39.64],[356.35,48.64],[344.36,49.09],[344.03,40.09],[356.02,39.64]]]}},{"type":"Feature","properties":{"id":911,"base_y":14.85,"height":8.43,"tipo":"edificio","plantas":2,"medianeras":[2,4,5]},"geometry":{"type":"Polygon","coordinates":[[[-85.23,214.98],[-85.26,213.86],[-91.08,214.12],[-91.47,204.12],[-81.15,203.68],[-80.78,214.81],[-85.23,214.98]]]}},{"type":"Feature","properties":{"id":912,"base_y":11.24,"height":8.4,"tipo":"edificio","plantas":2,"medianeras":[3,4]},"geometry":{"type":"Polygon","coordinates":[[[-382.6,54.71],[-382.54,55.96],[-392.07,56.29],[-392.38,47.08],[-380.3,46.75],[-380.05,54.7],[-382.6,54.71]]]}},{"type":"Feature","properties":{"id":913,"base_y":15.24,"height":3.66,"tipo":"edificio","plantas":1,"medianeras":[4]},"geometry":{"type":"Polygon","coordinates":[[[232.31,55.65],[236.75,55.46],[237.24,70.21],[244.78,70.04],[244.91,73.5],[232.97,73.94],[232.31,55.65]]]}},{"type":"Feature","properties":{"id":914,"base_y":14.23,"height":4.77,"tipo":"edificio","plantas":1,"medianeras":[0,4]},"geometry":{"type":"Polygon","coordinates":[[[-319.42,73.6],[-319.75,66.06],[-316.62,65.95],[-316.64,65.14],[-306.59,64.81],[-306.3,73.11],[-319.42,73.6]]]}},{"type":"Feature","properties":{"id":915,"base_y":14.37,"height":4.96,"tipo":"edificio","plantas":1,"medianeras":[1,9]},"geometry":{"type":"Polygon","coordinates":[[[199.97,150.88],[216.22,150.25],[216.48,156.53],[207.0,156.85],[207.08,157.74],[204.96,157.8],[205.0,156.92],[201.81,157.07],[202.08,159.25],[200.27,159.32],[199.97,150.88]]]}},{"type":"Feature","properties":{"id":916,"base_y":14.24,"height":8.01,"tipo":"edificio","plantas":2,"medianeras":[2,4]},"geometry":{"type":"Polygon","coordinates":[[[155.7,211.61],[155.74,213.07],[162.12,212.72],[162.53,223.68],[153.19,224.05],[152.59,211.73],[155.7,211.61]]]}},{"type":"Feature","properties":{"id":917,"base_y":14.97,"height":8.74,"tipo":"edificio","plantas":2,"medianeras":[1,3,4,7,8,9]},"geometry":{"type":"Polygon","coordinates":[[[286.6,101.16],[284.15,101.32],[283.77,91.24],[292.36,90.81],[292.56,95.17],[298.37,95.01],[298.42,99.42],[295.69,99.53],[295.64,96.53],[292.31,96.63],[292.47,100.94],[290.19,101.06],[290.27,102.19],[286.61,102.33],[286.6,101.16]]]}},{"type":"Feature","properties":{"id":918,"base_y":15.34,"height":7.31,"tipo":"edificio","plantas":2,"medianeras":[5]},"geometry":{"type":"Polygon","coordinates":[[[88.03,30.8],[95.19,30.45],[95.02,26.64],[99.82,26.34],[100.41,37.57],[88.41,38.06],[88.03,30.8]]]}},{"type":"Feature","properties":{"id":919,"base_y":12.98,"height":4.65,"tipo":"edificio","plantas":1,"medianeras":[2,4]},"geometry":{"type":"Polygon","coordinates":[[[-343.56,66.85],[-343.62,66.15],[-333.03,65.74],[-332.7,74.1],[-345.58,74.58],[-345.94,66.95],[-343.56,66.85]]]}},{"type":"Feature","properties":{"id":920,"base_y":11.72,"height":7.82,"tipo":"edificio","plantas":2,"medianeras":[1,2,3,4,7]},"geometry":{"type":"Polygon","coordinates":[[[391.03,283.94],[381.78,279.75],[385.84,270.82],[387.94,271.82],[388.92,269.64],[391.55,270.86],[390.59,273.04],[395.05,275.15],[391.03,283.94]]]}},{"type":"Feature","properties":{"id":921,"base_y":15.19,"height":10.23,"tipo":"edificio","plantas":2,"medianeras":[0,4,5]},"geometry":{"type":"Polygon","coordinates":[[[179.01,-18.55],[179.31,-10.85],[176.78,-10.71],[175.82,-9.63],[166.83,-9.33],[166.46,-17.91],[179.01,-18.55]]]}},{"type":"Feature","properties":{"id":922,"base_y":16.89,"height":4.58,"tipo":"edificio","plantas":1,"medianeras":[0,6]},"geometry":{"type":"Polygon","coordinates":[[[-193.16,39.47],[-192.84,50.12],[-196.53,50.18],[-196.65,49.62],[-201.63,49.81],[-201.86,44.55],[-205.02,44.62],[-205.17,39.91],[-193.16,39.47]]]}},{"type":"Feature","properties":{"id":923,"base_y":16.87,"height":4.78,"tipo":"edificio","plantas":1,"medianeras":[2,6]},"geometry":{"type":"Polygon","coordinates":[[[-200.66,65.33],[-200.85,61.45],[-192.53,60.68],[-192.21,69.84],[-200.66,70.19],[-200.64,73.48],[-204.33,73.61],[-204.59,65.55],[-200.66,65.33]]]}},{"type":"Feature","properties":{"id":924,"base_y":16.75,"height":8.32,"tipo":"edificio","plantas":2,"medianeras":[3]},"geometry":{"type":"Polygon","coordinates":[[[-256.03,21.24],[-243.78,20.81],[-243.52,29.39],[-255.73,29.92],[-256.03,21.24]]]}},{"type":"Feature","properties":{"id":925,"base_y":16.02,"height":4.24,"tipo":"edificio","plantas":1,"medianeras":[6,7]},"geometry":{"type":"Polygon","coordinates":[[[-83.03,87.06],[-83.57,70.6],[-81.23,70.51],[-81.33,72.64],[-79.32,72.57],[-79.02,82.0],[-70.74,81.68],[-70.59,86.62],[-83.03,87.06]]]}},{"type":"Feature","properties":{"id":926,"base_y":13.53,"height":7.69,"tipo":"edificio","plantas":2,"medianeras":[0,1,3]},"geometry":{"type":"Polygon","coordinates":[[[308.91,242.03],[318.49,244.81],[315.47,254.99],[305.85,251.99],[308.91,242.03]]]}},{"type":"Feature","properties":{"id":927,"base_y":15.43,"height":5.83,"tipo":"edificio","plantas":1,"medianeras":[3,5,6,8]},"geometry":{"type":"Polygon","coordinates":[[[304.13,51.85],[304.38,54.54],[299.3,54.74],[299.52,60.43],[296.91,60.53],[296.45,48.48],[304.12,48.14],[303.86,41.61],[307.93,41.46],[308.31,51.72],[304.13,51.85]]]}},{"type":"Feature","properties":{"id":928,"base_y":14.99,"height":7.61,"tipo":"edificio","plantas":2,"medianeras":[0,2]},"geometry":{"type":"Polygon","coordinates":[[[-80.58,220.8],[-80.15,233.74],[-90.28,234.12],[-90.66,224.61],[-82.85,224.3],[-82.94,220.91],[-80.58,220.8]]]}},{"type":"Feature","properties":{"id":929,"base_y":14.13,"height":8.93,"tipo":"edificio","plantas":2,"medianeras":[0,1,2]},"geometry":{"type":"Polygon","coordinates":[[[164.91,182.06],[164.38,171.58],[174.41,171.19],[174.85,181.68],[164.91,182.06]]]}},{"type":"Feature","properties":{"id":930,"base_y":15.44,"height":4.67,"tipo":"edificio","plantas":1,"medianeras":[6]},"geometry":{"type":"Polygon","coordinates":[[[171.98,54.67],[171.86,51.72],[170.21,51.79],[170.13,49.79],[171.78,49.72],[171.66,46.77],[184.47,46.25],[184.79,54.15],[171.98,54.67]]]}},{"type":"Feature","properties":{"id":931,"base_y":11.08,"height":5.44,"tipo":"edificio","plantas":1,"medianeras":[1,3]},"geometry":{"type":"Polygon","coordinates":[[[-307.2,151.66],[-299.23,159.25],[-305.9,166.12],[-313.78,158.49],[-307.2,151.66]]]}},{"type":"Feature","properties":{"id":932,"base_y":10.06,"height":4.93,"tipo":"edificio","plantas":1,"medianeras":[1,5]},"geometry":{"type":"Polygon","coordinates":[[[-358.19,103.61],[-348.48,112.43],[-353.4,117.74],[-355.68,115.63],[-356.44,116.35],[-363.72,109.74],[-358.19,103.61]]]}},{"type":"Feature","properties":{"id":933,"base_y":15.8,"height":4.8,"tipo":"edificio","plantas":1,"medianeras":[0]},"geometry":{"type":"Polygon","coordinates":[[[-59.89,34.7],[-59.4,44.87],[-67.74,44.67],[-67.96,40.11],[-72.25,40.33],[-72.43,35.25],[-59.89,34.7]]]}},{"type":"Feature","properties":{"id":934,"base_y":15.47,"height":4.59,"tipo":"edificio","plantas":1,"medianeras":[1]},"geometry":{"type":"Polygon","coordinates":[[[18.16,11.0],[29.72,10.5],[30.0,17.17],[21.19,17.53],[21.74,27.16],[18.87,27.2],[18.16,11.0]]]}},{"type":"Feature","properties":{"id":935,"base_y":12.09,"height":7.63,"tipo":"edificio","plantas":2,"medianeras":[0,2]},"geometry":{"type":"Polygon","coordinates":[[[363.1,271.25],[367.48,262.11],[376.72,266.5],[372.6,275.56],[363.1,271.25]]]}},{"type":"Feature","properties":{"id":936,"base_y":15.5,"height":7.31,"tipo":"edificio","plantas":1,"medianeras":[4,5,7]},"geometry":{"type":"Polygon","coordinates":[[[284.37,52.79],[276.38,53.07],[276.7,61.47],[272.65,61.61],[272.19,49.44],[280.61,49.15],[280.36,42.5],[283.98,42.37],[284.37,52.79]]]}},{"type":"Feature","properties":{"id":937,"base_y":15.25,"height":5.1,"tipo":"edificio","plantas":1,"medianeras":[1,4,5]},"geometry":{"type":"Polygon","coordinates":[[[-107.09,162.99],[-122.27,163.52],[-122.46,158.8],[-109.65,158.41],[-110.22,144.92],[-107.82,144.75],[-107.09,162.99]]]}},{"type":"Feature","properties":{"id":938,"base_y":15.14,"height":7.47,"tipo":"edificio","plantas":2,"medianeras":[0,3]},"geometry":{"type":"Polygon","coordinates":[[[-50.69,222.82],[-40.26,222.31],[-39.78,232.24],[-50.28,232.62],[-50.69,222.82]]]}},{"type":"Feature","properties":{"id":939,"base_y":13.41,"height":4.47,"tipo":"edificio","plantas":1,"medianeras":[3,4]},"geometry":{"type":"Polygon","coordinates":[[[366.26,144.42],[366.47,149.58],[365.32,149.63],[365.76,160.36],[360.61,160.57],[360.87,158.0],[360.24,158.02],[360.13,155.18],[359.36,155.21],[359.28,153.02],[357.79,153.08],[357.67,149.98],[359.16,149.92],[358.95,144.71],[366.26,144.42]]]}},{"type":"Feature","properties":{"id":940,"base_y":15.61,"height":7.45,"tipo":"edificio","plantas":2,"medianeras":[0,2,3]},"geometry":{"type":"Polygon","coordinates":[[[-25.81,63.75],[-26.22,54.37],[-14.59,53.93],[-14.25,62.46],[-21.18,62.81],[-21.15,63.51],[-25.81,63.75]]]}},{"type":"Feature","properties":{"id":941,"base_y":15.31,"height":8.79,"tipo":"edificio","plantas":2,"medianeras":[0,1,2,3,4,5]},"geometry":{"type":"Polygon","coordinates":[[[186.12,-15.68],[186.26,-12.44],[179.27,-12.04],[178.88,-21.79],[191.3,-22.37],[191.56,-15.94],[186.12,-15.68]]]}},{"type":"Feature","properties":{"id":942,"base_y":13.44,"height":9.02,"tipo":"edificio","plantas":2,"medianeras":[0,4]},"geometry":{"type":"Polygon","coordinates":[[[298.47,188.69],[299.78,206.25],[294.28,204.61],[293.69,194.57],[291.1,194.58],[290.51,188.93],[298.47,188.69]]]}},{"type":"Feature","properties":{"id":943,"base_y":11.61,"height":5.68,"tipo":"edificio","plantas":1,"medianeras":[3,4,7]},"geometry":{"type":"Polygon","coordinates":[[[-278.98,180.8],[-276.62,178.36],[-270.69,184.09],[-272.15,185.6],[-274.38,183.45],[-277.01,186.19],[-279.18,184.1],[-281.12,186.11],[-284.79,182.57],[-286.77,184.62],[-290.65,180.87],[-285.02,174.97],[-278.98,180.8]]]}},{"type":"Feature","properties":{"id":944,"base_y":15.14,"height":5.42,"tipo":"edificio","plantas":1,"medianeras":[4,8]},"geometry":{"type":"Polygon","coordinates":[[[-243.97,123.24],[-243.97,122.87],[-248.27,122.99],[-248.41,119.08],[-252.47,119.25],[-252.65,113.26],[-248.5,113.27],[-248.47,113.94],[-240.17,113.58],[-239.78,123.12],[-243.97,123.24]]]}},{"type":"Feature","properties":{"id":945,"base_y":14.81,"height":7.41,"tipo":"edificio","plantas":2,"medianeras":[0,1,3]},"geometry":{"type":"Polygon","coordinates":[[[59.99,218.02],[70.39,217.58],[70.85,227.37],[60.41,227.81],[59.99,218.02]]]}},{"type":"Feature","properties":{"id":946,"base_y":14.25,"height":4.29,"tipo":"edificio","plantas":1,"medianeras":[0]},"geometry":{"type":"Polygon","coordinates":[[[-205.22,208.37],[-204.76,218.92],[-214.44,219.18],[-214.97,208.74],[-205.22,208.37]]]}},{"type":"Feature","properties":{"id":947,"base_y":14.64,"height":8.64,"tipo":"edificio","plantas":2,"medianeras":[1,2,3,7]},"geometry":{"type":"Polygon","coordinates":[[[-15.78,188.87],[-24.43,189.3],[-24.97,176.29],[-22.58,176.16],[-22.48,178.64],[-18.24,178.46],[-18.36,175.92],[-16.36,175.81],[-15.78,188.87]]]}},{"type":"Feature","properties":{"id":948,"base_y":16.3,"height":4.77,"tipo":"edificio","plantas":1,"medianeras":[2,4]},"geometry":{"type":"Polygon","coordinates":[[[-116.57,62.01],[-116.73,57.86],[-108.84,57.31],[-108.45,67.37],[-120.56,67.7],[-120.69,62.2],[-116.57,62.01]]]}},{"type":"Feature","properties":{"id":949,"base_y":13.73,"height":8.36,"tipo":"edificio","plantas":2,"medianeras":[1]},"geometry":{"type":"Polygon","coordinates":[[[-278.97,116.3],[-265.85,115.8],[-265.57,122.89],[-269.08,122.98],[-269.09,123.88],[-278.65,124.24],[-278.97,116.3]]]}},{"type":"Feature","properties":{"id":950,"base_y":15.04,"height":5.11,"tipo":"edificio","plantas":1,"medianeras":[0,7]},"geometry":{"type":"Polygon","coordinates":[[[-241.03,92.68],[-240.58,103.66],[-244.33,103.73],[-244.46,97.34],[-251.11,97.67],[-250.69,108.0],[-252.82,107.93],[-253.28,93.12],[-241.03,92.68]]]}},{"type":"Feature","properties":{"id":951,"base_y":15.29,"height":4.71,"tipo":"edificio","plantas":1,"medianeras":[6]},"geometry":{"type":"Polygon","coordinates":[[[66.86,14.72],[67.06,19.99],[68.18,19.93],[68.39,26.05],[64.93,26.29],[64.28,9.07],[75.78,8.57],[76.07,14.32],[66.86,14.72]]]}},{"type":"Feature","properties":{"id":952,"base_y":14.0,"height":8.17,"tipo":"edificio","plantas":2,"medianeras":[0,2]},"geometry":{"type":"Polygon","coordinates":[[[-204.9,237.81],[-204.46,228.43],[-194.2,228.02],[-193.78,237.43],[-204.9,237.81]]]}},{"type":"Feature","properties":{"id":953,"base_y":15.36,"height":7.79,"tipo":"edificio","plantas":2,"medianeras":[0,1,7]},"geometry":{"type":"Polygon","coordinates":[[[320.36,49.74],[308.25,50.2],[307.93,41.46],[311.05,41.34],[311.1,42.84],[315.1,42.69],[315.05,41.19],[320.04,41.0],[320.36,49.74]]]}},{"type":"Feature","properties":{"id":954,"base_y":13.26,"height":5.27,"tipo":"edificio","plantas":1,"medianeras":[0,5]},"geometry":{"type":"Polygon","coordinates":[[[314.86,198.67],[317.38,198.62],[317.53,206.78],[331.69,210.84],[331.85,215.81],[315.16,210.81],[314.86,198.67]]]}},{"type":"Feature","properties":{"id":955,"base_y":11.92,"height":7.75,"tipo":"edificio","plantas":2,"medianeras":[1,3]},"geometry":{"type":"Polygon","coordinates":[[[376.72,266.5],[385.84,270.82],[381.78,279.75],[372.6,275.56],[376.72,266.5]]]}},{"type":"Feature","properties":{"id":956,"base_y":13.76,"height":8.34,"tipo":"edificio","plantas":2,"medianeras":[1,3]},"geometry":{"type":"Polygon","coordinates":[[[-214.09,225.99],[-204.46,228.43],[-204.9,237.81],[-216.28,234.93],[-214.09,225.99]]]}},{"type":"Feature","properties":{"id":957,"base_y":14.85,"height":7.46,"tipo":"edificio","plantas":2,"medianeras":[0,2,3]},"geometry":{"type":"Polygon","coordinates":[[[30.18,219.16],[30.66,228.99],[20.53,229.43],[20.13,219.54],[30.18,219.16]]]}},{"type":"Feature","properties":{"id":958,"base_y":15.46,"height":7.84,"tipo":"edificio","plantas":2,"medianeras":[0,2,3,4]},"geometry":{"type":"Polygon","coordinates":[[[157.28,35.38],[156.91,24.76],[161.31,24.57],[161.35,28.52],[169.35,28.18],[169.6,34.88],[157.28,35.38]]]}},{"type":"Feature","properties":{"id":959,"base_y":11.66,"height":6.32,"tipo":"edificio","plantas":1,"medianeras":[0,3,4,5]},"geometry":{"type":"Polygon","coordinates":[[[385.84,270.82],[394.22,252.44],[399.06,254.65],[391.55,270.86],[388.92,269.64],[387.94,271.82],[385.84,270.82]]]}},{"type":"Feature","properties":{"id":960,"base_y":14.43,"height":8.38,"tipo":"edificio","plantas":2,"medianeras":[0,4,5,6]},"geometry":{"type":"Polygon","coordinates":[[[40.32,186.84],[39.84,176.22],[41.57,176.16],[41.3,171.59],[44.44,171.47],[44.56,176.06],[47.88,175.95],[48.35,186.56],[40.32,186.84]]]}},{"type":"Feature","properties":{"id":961,"base_y":15.11,"height":3.81,"tipo":"edificio","plantas":1,"medianeras":[1,4]},"geometry":{"type":"Polygon","coordinates":[[[261.61,6.27],[262.05,17.42],[258.7,17.48],[258.03,1.38],[270.41,0.94],[270.58,5.91],[261.61,6.27]]]}},{"type":"Feature","properties":{"id":962,"base_y":16.6,"height":4.83,"tipo":"edificio","plantas":1,"medianeras":[4,8]},"geometry":{"type":"Polygon","coordinates":[[[-238.34,62.18],[-238.28,62.68],[-234.16,62.57],[-234.03,66.92],[-229.53,66.7],[-229.27,72.7],[-233.86,72.83],[-233.9,71.59],[-241.63,71.89],[-241.9,62.31],[-238.34,62.18]]]}},{"type":"Feature","properties":{"id":963,"base_y":15.29,"height":5.21,"tipo":"edificio","plantas":1,"medianeras":[0,1,3]},"geometry":{"type":"Polygon","coordinates":[[[-204.35,146.31],[-203.54,166.43],[-208.4,166.62],[-209.29,146.5],[-204.35,146.31]]]}},{"type":"Feature","properties":{"id":964,"base_y":15.36,"height":9.59,"tipo":"edificio","plantas":2,"medianeras":[0,4,5,6,7,8,10,11,12,13]},"geometry":{"type":"Polygon","coordinates":[[[209.58,-22.8],[209.55,-24.63],[211.86,-24.69],[211.97,-22.93],[216.1,-23.05],[216.38,-15.89],[212.6,-15.69],[212.67,-13.74],[211.61,-13.68],[211.61,-14.38],[209.57,-14.26],[209.51,-15.58],[204.0,-15.33],[203.71,-22.59],[209.58,-22.8]]]}},{"type":"Feature","properties":{"id":965,"base_y":14.96,"height":5.72,"tipo":"edificio","plantas":1,"medianeras":[0,1,2]},"geometry":{"type":"Polygon","coordinates":[[[62.89,150.06],[63.16,156.24],[47.03,156.87],[46.77,150.87],[62.89,150.06]]]}},{"type":"Feature","properties":{"id":966,"base_y":15.65,"height":7.1,"tipo":"edificio","plantas":2,"medianeras":[0,2,3,4,10,11]},"geometry":{"type":"Polygon","coordinates":[[[22.36,33.58],[22.18,29.84],[26.49,29.68],[26.63,33.41],[30.67,33.24],[30.97,40.5],[29.47,40.56],[29.43,39.56],[28.03,39.62],[28.07,40.62],[19.47,41.0],[19.15,33.72],[22.36,33.58]]]}},{"type":"Feature","properties":{"id":967,"base_y":11.73,"height":7.68,"tipo":"edificio","plantas":2,"medianeras":[0,3,4,5]},"geometry":{"type":"Polygon","coordinates":[[[-289.15,148.87],[-293.08,152.91],[-298.27,148.02],[-304.34,154.39],[-307.2,151.66],[-297.03,141.12],[-289.15,148.87]]]}},{"type":"Feature","properties":{"id":968,"base_y":14.19,"height":8.29,"tipo":"edificio","plantas":2,"medianeras":[1,3]},"geometry":{"type":"Polygon","coordinates":[[[270.39,230.99],[280.19,234.21],[277.41,243.18],[267.6,240.18],[270.39,230.99]]]}},{"type":"Feature","properties":{"id":969,"base_y":16.97,"height":8.01,"tipo":"edificio","plantas":2,"medianeras":[0,2,4,5]},"geometry":{"type":"Polygon","coordinates":[[[-21.9,-143.96],[-21.85,-142.62],[-25.34,-142.47],[-25.77,-153.07],[-15.74,-153.47],[-15.36,-144.23],[-21.9,-143.96]]]}},{"type":"Feature","properties":{"id":970,"base_y":16.95,"height":8.02,"tipo":"edificio","plantas":2,"medianeras":[1,2,3,4,5]},"geometry":{"type":"Polygon","coordinates":[[[14.8,-144.11],[11.31,-143.96],[11.25,-145.31],[4.71,-145.05],[4.34,-154.29],[14.37,-154.7],[14.8,-144.11]]]}},{"type":"Feature","properties":{"id":971,"base_y":16.93,"height":8.05,"tipo":"edificio","plantas":2,"medianeras":[0,1,2,4]},"geometry":{"type":"Polygon","coordinates":[[[4.34,-154.29],[4.71,-145.05],[-1.83,-144.78],[-1.77,-143.43],[-5.27,-143.29],[-5.7,-153.88],[4.34,-154.29]]]}},{"type":"Feature","properties":{"id":972,"base_y":14.94,"height":7.46,"tipo":"edificio","plantas":2,"medianeras":[1,3]},"geometry":{"type":"Polygon","coordinates":[[[-9.09,220.5],[0.49,220.07],[1.03,230.18],[-8.59,230.62],[-9.09,220.5]]]}},{"type":"Feature","properties":{"id":973,"base_y":16.98,"height":7.98,"tipo":"edificio","plantas":2,"medianeras":[0,2,3,4]},"geometry":{"type":"Polygon","coordinates":[[[-5.7,-153.88],[-5.27,-143.29],[-8.39,-143.16],[-8.44,-144.51],[-15.36,-144.23],[-15.74,-153.47],[-5.7,-153.88]]]}},{"type":"Feature","properties":{"id":974,"base_y":14.22,"height":3.9,"tipo":"edificio","plantas":1,"medianeras":[]},"geometry":{"type":"Polygon","coordinates":[[[698.11,377.99],[696.36,385.64],[692.76,384.81],[695.28,373.78],[714.78,378.24],[714.04,381.64],[698.11,377.99]]]}},{"type":"Feature","properties":{"id":975,"base_y":13.62,"height":11.03,"tipo":"edificio","plantas":1,"medianeras":[0,1,2,3,4,5,6,7]},"geometry":{"type":"Polygon","coordinates":[[[425.48,129.09],[422.91,129.16],[422.2,113.17],[429.2,112.87],[429.57,124.53],[427.39,124.71],[427.48,126.9],[425.39,126.99],[425.48,129.09]]]}},{"type":"Feature","properties":{"id":976,"base_y":15.79,"height":8.06,"tipo":"edificio","plantas":2,"medianeras":[4,6]},"geometry":{"type":"Polygon","coordinates":[[[-102.71,142.66],[-102.72,144.79],[-104.92,144.91],[-104.81,146.61],[-107.74,146.81],[-108.28,133.06],[-100.09,132.68],[-99.72,142.61],[-102.71,142.66]]]}},{"type":"Feature","properties":{"id":977,"base_y":16.27,"height":4.99,"tipo":"edificio","plantas":1,"medianeras":[0,4]},"geometry":{"type":"Polygon","coordinates":[[[-190.66,111.52],[-190.28,121.06],[-198.66,121.0],[-198.82,116.36],[-202.93,116.56],[-203.07,111.97],[-190.66,111.52]]]}},{"type":"Feature","properties":{"id":978,"base_y":16.01,"height":8.73,"tipo":"edificio","plantas":2,"medianeras":[3]},"geometry":{"type":"Polygon","coordinates":[[[-107.93,141.85],[-118.96,142.22],[-119.25,133.51],[-108.28,133.06],[-107.93,141.85]]]}},{"type":"Feature","properties":{"id":979,"base_y":16.6,"height":8.04,"tipo":"edificio","plantas":2,"medianeras":[7]},"geometry":{"type":"Polygon","coordinates":[[[-158.5,25.49],[-171.06,25.99],[-171.34,18.06],[-166.65,17.88],[-166.62,18.84],[-163.02,18.7],[-163.06,17.73],[-158.84,17.56],[-158.5,25.49]]]}},{"type":"Feature","properties":{"id":980,"base_y":14.62,"height":7.61,"tipo":"edificio","plantas":2,"medianeras":[0,1,3]},"geometry":{"type":"Polygon","coordinates":[[[-150.91,226.91],[-140.62,226.58],[-140.28,235.93],[-150.42,236.3],[-150.91,226.91]]]}},{"type":"Feature","properties":{"id":981,"base_y":11.81,"height":7.91,"tipo":"edificio","plantas":2,"medianeras":[0,1,3]},"geometry":{"type":"Polygon","coordinates":[[[403.86,279.7],[413.33,283.99],[409.53,292.38],[400.03,288.06],[403.86,279.7]]]}},{"type":"Feature","properties":{"id":982,"base_y":14.5,"height":5.32,"tipo":"cobertizo","plantas":1,"medianeras":[0,1,2,3,4,9]},"geometry":{"type":"Polygon","coordinates":[[[-208.4,166.62],[-197.64,166.2],[-197.04,181.32],[-195.54,181.26],[-195.4,184.92],[-207.66,185.46],[-207.76,182.82],[-197.86,182.39],[-198.31,171.05],[-208.21,171.45],[-208.4,166.62]]]}},{"type":"Feature","properties":{"id":983,"base_y":15.95,"height":4.17,"tipo":"edificio","plantas":1,"medianeras":[6]},"geometry":{"type":"Polygon","coordinates":[[[-87.5,23.29],[-87.62,20.31],[-94.26,20.51],[-93.82,27.34],[-96.95,27.53],[-97.4,15.12],[-85.28,14.68],[-84.91,23.13],[-87.5,23.29]]]}},{"type":"Feature","properties":{"id":984,"base_y":14.77,"height":3.41,"tipo":"edificio","plantas":1,"medianeras":[0,2]},"geometry":{"type":"Polygon","coordinates":[[[119.99,137.77],[131.19,137.41],[131.53,145.87],[120.28,146.31],[119.99,137.77]]]}},{"type":"Feature","properties":{"id":985,"base_y":14.24,"height":12.09,"tipo":"edificio","plantas":3,"medianeras":[1,2,6]},"geometry":{"type":"Polygon","coordinates":[[[132.35,173.1],[130.04,173.18],[130.01,177.91],[123.19,178.12],[123.06,173.98],[121.25,173.99],[121.04,167.96],[132.15,167.5],[132.35,173.1]]]}},{"type":"Feature","properties":{"id":986,"base_y":15.68,"height":7.13,"tipo":"edificio","plantas":2,"medianeras":[3,4,5]},"geometry":{"type":"Polygon","coordinates":[[[31.98,59.35],[29.13,59.47],[29.23,61.85],[25.6,62.01],[25.5,59.62],[20.18,59.85],[19.91,52.56],[31.72,52.06],[31.98,59.35]]]}},{"type":"Feature","properties":{"id":987,"base_y":13.5,"height":8.34,"tipo":"edificio","plantas":1,"medianeras":[1,2]},"geometry":{"type":"Polygon","coordinates":[[[-344.44,39.5],[-344.6,33.64],[-328.64,33.06],[-328.47,39.06],[-344.44,39.5]]]}},{"type":"Feature","properties":{"id":988,"base_y":15.17,"height":8.26,"tipo":"edificio","plantas":2,"medianeras":[3]},"geometry":{"type":"Polygon","coordinates":[[[-53.11,140.77],[-53.57,130.71],[-44.22,130.31],[-43.76,140.37],[-53.11,140.77]]]}},{"type":"Feature","properties":{"id":989,"base_y":14.42,"height":4.67,"tipo":"edificio","plantas":1,"medianeras":[0,3,5]},"geometry":{"type":"Polygon","coordinates":[[[59.99,218.02],[57.01,218.14],[56.64,207.79],[52.72,207.99],[52.41,198.62],[59.16,198.31],[59.99,218.02]]]}},{"type":"Feature","properties":{"id":990,"base_y":14.72,"height":4.29,"tipo":"edificio","plantas":1,"medianeras":[1,5]},"geometry":{"type":"Polygon","coordinates":[[[-141.34,206.31],[-131.65,205.87],[-131.11,217.58],[-135.91,217.75],[-136.09,213.76],[-141.07,213.94],[-141.34,206.31]]]}},{"type":"Feature","properties":{"id":991,"base_y":14.57,"height":4.31,"tipo":"edificio","plantas":1,"medianeras":[2]},"geometry":{"type":"Polygon","coordinates":[[[344.9,169.29],[345.16,175.13],[328.91,175.75],[328.67,170.04],[344.9,169.29]]]}},{"type":"Feature","properties":{"id":992,"base_y":14.84,"height":7.74,"tipo":"edificio","plantas":2,"medianeras":[1,3]},"geometry":{"type":"Polygon","coordinates":[[[-110.82,225.49],[-100.85,224.98],[-100.53,234.49],[-110.47,234.81],[-110.82,225.49]]]}},{"type":"Feature","properties":{"id":993,"base_y":15.94,"height":4.67,"tipo":"edificio","plantas":1,"medianeras":[0,5]},"geometry":{"type":"Polygon","coordinates":[[[-107.12,102.64],[-103.77,102.52],[-104.43,108.55],[-98.98,108.36],[-98.67,117.69],[-106.53,118.62],[-107.12,102.64]]]}},{"type":"Feature","properties":{"id":994,"base_y":15.84,"height":5.2,"tipo":"edificio","plantas":1,"medianeras":[2,4]},"geometry":{"type":"Polygon","coordinates":[[[-207.43,116.78],[-207.29,121.32],[-214.9,122.12],[-215.26,112.4],[-203.07,111.97],[-202.93,116.56],[-207.43,116.78]]]}},{"type":"Feature","properties":{"id":995,"base_y":15.28,"height":9.05,"tipo":"edificio","plantas":2,"medianeras":[0,2]},"geometry":{"type":"Polygon","coordinates":[[[61.61,111.01],[61.19,100.97],[70.46,100.65],[70.97,110.62],[61.61,111.01]]]}},{"type":"Feature","properties":{"id":996,"base_y":15.73,"height":5.25,"tipo":"edificio","plantas":1,"medianeras":[1,5]},"geometry":{"type":"Polygon","coordinates":[[[89.93,-30.97],[89.33,-45.5],[94.27,-45.7],[94.69,-35.3],[99.82,-35.51],[99.99,-31.37],[89.93,-30.97]]]}},{"type":"Feature","properties":{"id":997,"base_y":15.66,"height":8.68,"tipo":"edificio","plantas":2,"medianeras":[0,2]},"geometry":{"type":"Polygon","coordinates":[[[13.4,112.97],[12.95,102.86],[22.12,102.56],[22.6,112.62],[13.4,112.97]]]}},{"type":"Feature","properties":{"id":998,"base_y":16.22,"height":4.46,"tipo":"edificio","plantas":1,"medianeras":[3,4]},"geometry":{"type":"Polygon","coordinates":[[[-120.44,72.91],[-117.38,72.81],[-117.21,83.54],[-107.84,83.13],[-107.65,87.99],[-120.09,88.49],[-120.44,72.91]]]}},{"type":"Feature","properties":{"id":999,"base_y":15.02,"height":7.24,"tipo":"edificio","plantas":2,"medianeras":[0,2]},"geometry":{"type":"Polygon","coordinates":[[[43.91,228.49],[43.44,218.85],[53.08,218.48],[53.41,228.12],[43.91,228.49]]]}},{"type":"Feature","properties":{"id":1000,"base_y":14.69,"height":9.04,"tipo":"edificio","plantas":2,"medianeras":[3]},"geometry":{"type":"Polygon","coordinates":[[[284.2,102.42],[275.16,102.76],[274.78,92.6],[283.81,92.17],[284.2,102.42]]]}},{"type":"Feature","properties":{"id":1001,"base_y":15.49,"height":3.98,"tipo":"edificio","plantas":1,"medianeras":[0]},"geometry":{"type":"Polygon","coordinates":[[[87.26,-30.86],[99.99,-31.37],[100.34,-24.14],[87.63,-23.63],[87.26,-30.86]]]}},{"type":"Feature","properties":{"id":1002,"base_y":13.79,"height":5.54,"tipo":"edificio","plantas":1,"medianeras":[0,2]},"geometry":{"type":"Polygon","coordinates":[[[-151.2,219.58],[-151.78,206.74],[-141.34,206.31],[-141.16,211.35],[-146.53,211.59],[-146.14,219.37],[-151.2,219.58]]]}},{"type":"Feature","properties":{"id":1003,"base_y":13.13,"height":7.97,"tipo":"edificio","plantas":2,"medianeras":[0,1,2]},"geometry":{"type":"Polygon","coordinates":[[[-235.37,217.16],[-237.47,220.25],[-229.49,226.32],[-230.78,231.31],[-243.34,221.87],[-240.16,214.28],[-235.37,217.16]]]}},{"type":"Feature","properties":{"id":1004,"base_y":14.35,"height":8.98,"tipo":"edificio","plantas":2,"medianeras":[1,2,3,4]},"geometry":{"type":"Polygon","coordinates":[[[69.47,197.87],[80.47,197.37],[83.02,201.41],[76.11,206.0],[69.85,206.05],[69.47,197.87]]]}},{"type":"Feature","properties":{"id":1005,"base_y":14.58,"height":7.59,"tipo":"edificio","plantas":2,"medianeras":[1,2,3]},"geometry":{"type":"Polygon","coordinates":[[[63.39,161.94],[47.28,162.54],[47.03,156.87],[63.16,156.24],[63.39,161.94]]]}},{"type":"Feature","properties":{"id":1006,"base_y":18.28,"height":3.96,"tipo":"edificio","plantas":1,"medianeras":[0,1]},"geometry":{"type":"Polygon","coordinates":[[[737.41,59.19],[740.27,53.83],[750.0,59.03],[750.0,65.91],[737.41,59.19]]]}},{"type":"Feature","properties":{"id":1007,"base_y":15.65,"height":8.46,"tipo":"edificio","plantas":2,"medianeras":[0,4]},"geometry":{"type":"Polygon","coordinates":[[[21.66,127.84],[22.21,139.83],[18.02,140.01],[17.98,139.01],[14.23,139.17],[13.72,128.18],[21.66,127.84]]]}},{"type":"Feature","properties":{"id":1008,"base_y":15.0,"height":9.37,"tipo":"edificio","plantas":2,"medianeras":[2,3,4,5,7]},"geometry":{"type":"Polygon","coordinates":[[[135.46,128.08],[135.8,136.6],[131.09,136.82],[131.0,133.76],[125.27,134.08],[125.2,131.95],[119.8,132.09],[119.68,128.58],[135.46,128.08]]]}},{"type":"Feature","properties":{"id":1009,"base_y":15.63,"height":7.12,"tipo":"edificio","plantas":2,"medianeras":[2,4,5]},"geometry":{"type":"Polygon","coordinates":[[[35.34,31.21],[35.39,33.03],[41.94,32.76],[42.28,40.06],[30.97,40.5],[30.59,31.3],[35.34,31.21]]]}},{"type":"Feature","properties":{"id":1010,"base_y":11.81,"height":7.91,"tipo":"edificio","plantas":2,"medianeras":[0,2]},"geometry":{"type":"Polygon","coordinates":[[[403.86,279.7],[400.03,288.06],[391.03,283.94],[394.84,275.62],[403.86,279.7]]]}},{"type":"Feature","properties":{"id":1011,"base_y":14.33,"height":7.46,"tipo":"edificio","plantas":2,"medianeras":[1,2,3,5]},"geometry":{"type":"Polygon","coordinates":[[[-205.22,208.37],[-199.97,208.14],[-199.71,213.41],[-200.35,213.44],[-199.74,226.94],[-204.41,227.16],[-205.22,208.37]]]}},{"type":"Feature","properties":{"id":1012,"base_y":15.31,"height":7.34,"tipo":"edificio","plantas":2,"medianeras":[2,4]},"geometry":{"type":"Polygon","coordinates":[[[72.35,31.5],[72.22,30.48],[76.86,30.27],[77.28,38.56],[65.41,39.06],[65.14,31.8],[72.35,31.5]]]}},{"type":"Feature","properties":{"id":1013,"base_y":13.32,"height":11.33,"tipo":"edificio","plantas":1,"medianeras":[0,1,2,3,4,5,6,7]},"geometry":{"type":"Polygon","coordinates":[[[423.66,146.31],[422.97,130.59],[429.84,130.18],[430.11,141.48],[427.84,141.66],[428.02,143.85],[425.48,143.85],[425.66,146.31],[423.66,146.31]]]}},{"type":"Feature","properties":{"id":1014,"base_y":15.35,"height":4.64,"tipo":"cobertizo","plantas":1,"medianeras":[1,2,3,4]},"geometry":{"type":"Polygon","coordinates":[[[163.29,74.35],[163.46,78.34],[142.32,79.25],[142.27,78.0],[140.27,78.08],[140.15,75.33],[163.29,74.35]]]}},{"type":"Feature","properties":{"id":1015,"base_y":14.72,"height":7.86,"tipo":"edificio","plantas":2,"medianeras":[1,3]},"geometry":{"type":"Polygon","coordinates":[[[-120.47,225.89],[-110.82,225.49],[-110.47,234.81],[-120.15,235.18],[-120.47,225.89]]]}},{"type":"Feature","properties":{"id":1016,"base_y":14.82,"height":9.32,"tipo":"edificio","plantas":2,"medianeras":[0,1,2,4,7]},"geometry":{"type":"Polygon","coordinates":[[[262.59,-23.41],[262.66,-21.6],[269.87,-21.85],[270.11,-14.65],[262.88,-14.39],[262.8,-16.52],[257.35,-16.32],[257.11,-23.21],[262.59,-23.41]]]}},{"type":"Feature","properties":{"id":1017,"base_y":14.26,"height":4.26,"tipo":"cobertizo","plantas":1,"medianeras":[1,2]},"geometry":{"type":"Polygon","coordinates":[[[348.55,136.64],[348.94,145.11],[338.3,145.53],[337.92,137.17],[348.55,136.64]]]}},{"type":"Feature","properties":{"id":1018,"base_y":15.99,"height":4.7,"tipo":"edificio","plantas":1,"medianeras":[6]},"geometry":{"type":"Polygon","coordinates":[[[-110.78,118.81],[-110.78,118.12],[-114.98,118.28],[-115.42,105.78],[-112.87,105.69],[-112.77,108.84],[-106.9,108.63],[-106.53,118.62],[-110.78,118.81]]]}},{"type":"Feature","properties":{"id":1019,"base_y":15.4,"height":7.91,"tipo":"edificio","plantas":2,"medianeras":[0,2,3,4]},"geometry":{"type":"Polygon","coordinates":[[[145.22,35.88],[144.91,26.94],[148.72,26.78],[148.8,29.04],[157.04,28.7],[157.28,35.38],[145.22,35.88]]]}},{"type":"Feature","properties":{"id":1020,"base_y":15.42,"height":7.24,"tipo":"edificio","plantas":2,"medianeras":[0,1,4]},"geometry":{"type":"Polygon","coordinates":[[[77.28,38.56],[76.83,29.53],[81.34,29.29],[81.45,31.05],[88.03,30.8],[88.41,38.06],[77.28,38.56]]]}},{"type":"Feature","properties":{"id":1021,"base_y":14.51,"height":3.96,"tipo":"edificio","plantas":1,"medianeras":[0,3]},"geometry":{"type":"Polygon","coordinates":[[[327.66,145.94],[343.85,145.32],[344.08,150.69],[327.89,151.44],[327.66,145.94]]]}},{"type":"Feature","properties":{"id":1022,"base_y":15.04,"height":9.22,"tipo":"edificio","plantas":2,"medianeras":[2]},"geometry":{"type":"Polygon","coordinates":[[[103.28,99.37],[103.66,109.31],[94.85,109.68],[94.43,99.73],[103.28,99.37]]]}},{"type":"Feature","properties":{"id":1023,"base_y":14.33,"height":7.07,"tipo":"edificio","plantas":2,"medianeras":[0,2]},"geometry":{"type":"Polygon","coordinates":[[[31.17,163.08],[15.34,163.44],[15.1,157.99],[30.91,157.43],[31.17,163.08]]]}},{"type":"Feature","properties":{"id":1024,"base_y":15.68,"height":7.22,"tipo":"edificio","plantas":2,"medianeras":[0,1,2]},"geometry":{"type":"Polygon","coordinates":[[[-14.72,42.43],[-15.05,35.14],[-3.08,34.64],[-2.78,41.93],[-14.72,42.43]]]}},{"type":"Feature","properties":{"id":1025,"base_y":15.57,"height":5.73,"tipo":"edificio","plantas":1,"medianeras":[0,1,2]},"geometry":{"type":"Polygon","coordinates":[[[218.35,16.09],[230.51,15.52],[231.02,25.78],[226.0,25.99],[225.82,20.75],[218.59,21.08],[218.35,16.09]]]}},{"type":"Feature","properties":{"id":1026,"base_y":15.46,"height":8.81,"tipo":"edificio","plantas":2,"medianeras":[0,2]},"geometry":{"type":"Polygon","coordinates":[[[55.4,101.42],[55.77,111.26],[47.03,111.62],[46.56,101.7],[55.4,101.42]]]}},{"type":"Feature","properties":{"id":1027,"base_y":13.35,"height":5.02,"tipo":"edificio","plantas":1,"medianeras":[0,6,7]},"geometry":{"type":"Polygon","coordinates":[[[-237.47,220.25],[-235.72,217.68],[-232.68,219.67],[-231.73,216.05],[-231.28,216.17],[-229.52,209.35],[-225.03,209.18],[-229.49,226.32],[-237.47,220.25]]]}},{"type":"Feature","properties":{"id":1028,"base_y":15.17,"height":9.11,"tipo":"edificio","plantas":2,"medianeras":[1,7]},"geometry":{"type":"Polygon","coordinates":[[[85.2,100.52],[94.45,100.14],[94.85,109.68],[89.05,109.9],[89.01,108.5],[87.61,108.55],[87.65,109.95],[85.5,110.03],[85.2,100.52]]]}},{"type":"Feature","properties":{"id":1029,"base_y":14.99,"height":5.67,"tipo":"edificio","plantas":1,"medianeras":[0,1,3]},"geometry":{"type":"Polygon","coordinates":[[[47.03,156.87],[30.91,157.43],[30.67,152.12],[46.79,151.44],[47.03,156.87]]]}},{"type":"Feature","properties":{"id":1030,"base_y":14.18,"height":5.62,"tipo":"edificio","plantas":1,"medianeras":[2,3]},"geometry":{"type":"Polygon","coordinates":[[[78.78,155.74],[78.98,161.11],[63.38,161.89],[63.16,156.24],[78.78,155.74]]]}},{"type":"Feature","properties":{"id":1031,"base_y":15.26,"height":9.14,"tipo":"edificio","plantas":2,"medianeras":[0,1,3]},"geometry":{"type":"Polygon","coordinates":[[[70.46,100.65],[79.17,100.35],[79.52,110.26],[70.97,110.62],[70.46,100.65]]]}},{"type":"Feature","properties":{"id":1032,"base_y":15.17,"height":8.75,"tipo":"edificio","plantas":1,"medianeras":[0,2,3,4,5,6]},"geometry":{"type":"Polygon","coordinates":[[[24.19,-5.49],[23.73,-16.41],[30.55,-16.69],[30.63,-15.14],[32.62,-15.28],[32.81,-9.56],[30.84,-9.49],[31.0,-5.75],[24.19,-5.49]]]}},{"type":"Feature","properties":{"id":1033,"base_y":14.79,"height":7.7,"tipo":"edificio","plantas":2,"medianeras":[0,1,3]},"geometry":{"type":"Polygon","coordinates":[[[-17.57,220.87],[-9.09,220.5],[-8.59,230.62],[-17.09,230.93],[-17.57,220.87]]]}},{"type":"Feature","properties":{"id":1034,"base_y":15.06,"height":5.3,"tipo":"edificio","plantas":1,"medianeras":[0,2,3,4,5,7]},"geometry":{"type":"Polygon","coordinates":[[[-17.09,159.18],[-32.72,159.62],[-32.95,154.36],[-24.75,154.04],[-24.72,154.83],[-20.62,154.77],[-20.67,151.97],[-17.37,151.92],[-17.09,159.18]]]}},{"type":"Feature","properties":{"id":1035,"base_y":14.45,"height":4.81,"tipo":"edificio","plantas":1,"medianeras":[2,3]},"geometry":{"type":"Polygon","coordinates":[[[248.47,148.94],[248.67,154.1],[232.33,154.82],[232.1,149.56],[248.47,148.94]]]}},{"type":"Feature","properties":{"id":1036,"base_y":15.56,"height":7.56,"tipo":"edificio","plantas":2,"medianeras":[0,1,2,3,4]},"geometry":{"type":"Polygon","coordinates":[[[295.1,30.07],[294.7,17.15],[299.32,16.96],[299.51,23.09],[303.3,22.99],[303.51,29.71],[295.1,30.07]]]}},{"type":"Feature","properties":{"id":1037,"base_y":14.05,"height":7.7,"tipo":"edificio","plantas":2,"medianeras":[1,5,6,7,8,9,10]},"geometry":{"type":"Polygon","coordinates":[[[358.7,85.19],[358.66,84.08],[368.85,83.69],[368.89,84.81],[369.69,84.78],[369.87,89.55],[365.27,89.73],[365.41,93.33],[360.81,93.5],[360.68,89.9],[357.88,90.01],[357.7,85.22],[358.7,85.19]]]}},{"type":"Feature","properties":{"id":1038,"base_y":14.47,"height":4.96,"tipo":"edificio","plantas":1,"medianeras":[0]},"geometry":{"type":"Polygon","coordinates":[[[184.35,151.5],[184.64,159.47],[173.93,159.82],[173.6,151.94],[184.35,151.5]]]}},{"type":"Feature","properties":{"id":1039,"base_y":14.94,"height":8.48,"tipo":"edificio","plantas":2,"medianeras":[0,1,2]},"geometry":{"type":"Polygon","coordinates":[[[-32.56,163.57],[-30.02,163.44],[-30.23,159.5],[-25.77,159.29],[-25.11,173.42],[-31.44,173.75],[-31.67,168.06],[-32.37,168.09],[-32.56,163.57]]]}},{"type":"Feature","properties":{"id":1040,"base_y":14.94,"height":7.17,"tipo":"edificio","plantas":2,"medianeras":[0,2]},"geometry":{"type":"Polygon","coordinates":[[[-121.47,163.49],[-121.3,168.98],[-136.57,169.67],[-136.78,164.06],[-121.47,163.49]]]}},{"type":"Feature","properties":{"id":1041,"base_y":14.45,"height":8.27,"tipo":"edificio","plantas":2,"medianeras":[0,1,2]},"geometry":{"type":"Polygon","coordinates":[[[314.6,188.13],[314.86,198.67],[306.8,198.85],[306.47,188.44],[314.6,188.13]]]}},{"type":"Feature","properties":{"id":1042,"base_y":14.94,"height":9.03,"tipo":"edificio","plantas":2,"medianeras":[0,1,4,5]},"geometry":{"type":"Polygon","coordinates":[[[236.13,-22.74],[236.14,-22.12],[240.95,-22.3],[241.24,-15.78],[228.81,-15.39],[228.54,-22.35],[236.13,-22.74]]]}},{"type":"Feature","properties":{"id":1043,"base_y":15.66,"height":7.19,"tipo":"edificio","plantas":2,"medianeras":[1,2]},"geometry":{"type":"Polygon","coordinates":[[[-37.65,43.43],[-38.0,36.09],[-26.47,35.61],[-26.15,42.93],[-37.65,43.43]]]}},{"type":"Feature","properties":{"id":1044,"base_y":15.46,"height":7.73,"tipo":"edificio","plantas":2,"medianeras":[0,2,3,4]},"geometry":{"type":"Polygon","coordinates":[[[169.6,34.88],[169.3,26.94],[173.54,26.68],[173.63,28.0],[181.6,27.67],[181.8,33.13],[179.31,33.23],[179.35,34.48],[169.6,34.88]]]}},{"type":"Feature","properties":{"id":1045,"base_y":15.45,"height":8.95,"tipo":"edificio","plantas":2,"medianeras":[5,7]},"geometry":{"type":"Polygon","coordinates":[[[37.31,102.61],[42.38,102.44],[42.42,103.69],[44.88,103.61],[44.84,102.36],[46.59,102.31],[47.03,111.62],[37.63,112.0],[37.31,102.61]]]}},{"type":"Feature","properties":{"id":1046,"base_y":14.82,"height":8.7,"tipo":"edificio","plantas":2,"medianeras":[0,2]},"geometry":{"type":"Polygon","coordinates":[[[-57.34,190.62],[-57.87,177.38],[-51.48,177.37],[-50.87,190.34],[-57.34,190.62]]]}},{"type":"Feature","properties":{"id":1047,"base_y":15.11,"height":4.63,"tipo":"edificio","plantas":1,"medianeras":[1,2]},"geometry":{"type":"Polygon","coordinates":[[[-43.09,155.14],[-42.84,160.43],[-58.72,161.06],[-58.96,155.77],[-43.09,155.14]]]}},{"type":"Feature","properties":{"id":1048,"base_y":15.83,"height":8.01,"tipo":"edificio","plantas":2,"medianeras":[0,4,5,6]},"geometry":{"type":"Polygon","coordinates":[[[-92.28,132.37],[-91.91,142.39],[-94.82,142.54],[-94.73,145.02],[-97.17,144.94],[-97.26,142.57],[-99.72,142.61],[-100.09,132.68],[-92.28,132.37]]]}},{"type":"Feature","properties":{"id":1049,"base_y":15.28,"height":7.35,"tipo":"edificio","plantas":2,"medianeras":[1,3]},"geometry":{"type":"Polygon","coordinates":[[[53.56,32.28],[65.14,31.8],[65.41,39.06],[53.91,39.56],[53.56,32.28]]]}},{"type":"Feature","properties":{"id":1050,"base_y":13.43,"height":11.01,"tipo":"edificio","plantas":1,"medianeras":[0,1,2,3,4,5]},"geometry":{"type":"Polygon","coordinates":[[[437.03,112.77],[440.2,112.68],[440.89,128.52],[433.97,128.93],[433.75,119.79],[437.29,119.61],[437.03,112.77]]]}},{"type":"Feature","properties":{"id":1051,"base_y":16.04,"height":4.31,"tipo":"edificio","plantas":1,"medianeras":[0,4,5]},"geometry":{"type":"Polygon","coordinates":[[[-70.59,86.62],[-70.41,91.67],[-80.08,92.08],[-79.82,99.28],[-82.65,99.41],[-83.03,87.06],[-70.59,86.62]]]}},{"type":"Feature","properties":{"id":1052,"base_y":15.6,"height":7.26,"tipo":"edificio","plantas":2,"medianeras":[0,2,3]},"geometry":{"type":"Polygon","coordinates":[[[-15.05,35.14],[-14.72,42.43],[-26.15,42.93],[-26.47,35.61],[-15.05,35.14]]]}},{"type":"Feature","properties":{"id":1053,"base_y":15.62,"height":7.23,"tipo":"edificio","plantas":2,"medianeras":[0,2]},"geometry":{"type":"Polygon","coordinates":[[[19.91,52.56],[20.18,59.85],[8.76,60.29],[8.47,52.99],[19.91,52.56]]]}},{"type":"Feature","properties":{"id":1054,"base_y":10.49,"height":4.16,"tipo":"edificio","plantas":1,"medianeras":[4,5]},"geometry":{"type":"Polygon","coordinates":[[[-331.64,100.65],[-344.82,101.24],[-344.95,99.45],[-354.45,99.48],[-352.09,96.87],[-331.84,96.12],[-331.64,100.65]]]}},{"type":"Feature","properties":{"id":1055,"base_y":12.72,"height":4.89,"tipo":"edificio","plantas":1,"medianeras":[4,5]},"geometry":{"type":"Polygon","coordinates":[[[-355.83,74.96],[-356.2,66.6],[-349.54,66.37],[-349.47,67.11],[-345.94,66.95],[-345.58,74.58],[-355.83,74.96]]]}},{"type":"Feature","properties":{"id":1056,"base_y":15.62,"height":7.2,"tipo":"edificio","plantas":2,"medianeras":[0,1,3]},"geometry":{"type":"Polygon","coordinates":[[[7.89,34.19],[19.15,33.72],[19.47,41.0],[8.1,41.5],[7.89,34.19]]]}},{"type":"Feature","properties":{"id":1057,"base_y":15.58,"height":3.38,"tipo":"edificio","plantas":1,"medianeras":[0,1,2,4,6]},"geometry":{"type":"Polygon","coordinates":[[[165.52,12.85],[165.43,10.53],[158.88,10.89],[158.9,13.11],[156.5,13.2],[156.22,5.32],[168.47,4.82],[168.77,12.73],[165.52,12.85]]]}},{"type":"Feature","properties":{"id":1058,"base_y":15.23,"height":5.05,"tipo":"edificio","plantas":1,"medianeras":[5,7]},"geometry":{"type":"Polygon","coordinates":[[[-148.14,170.19],[-154.6,170.17],[-154.37,172.96],[-156.28,173.09],[-156.11,175.5],[-158.97,175.64],[-159.34,164.74],[-148.34,164.43],[-148.14,170.19]]]}},{"type":"Feature","properties":{"id":1059,"base_y":15.57,"height":7.52,"tipo":"edificio","plantas":2,"medianeras":[0,1,2,3,4]},"geometry":{"type":"Polygon","coordinates":[[[208.1,45.32],[208.38,52.22],[199.55,52.6],[199.48,51.98],[196.3,52.02],[196.03,45.75],[208.1,45.32]]]}},{"type":"Feature","properties":{"id":1060,"base_y":15.38,"height":7.74,"tipo":"edificio","plantas":2,"medianeras":[3]},"geometry":{"type":"Polygon","coordinates":[[[272.19,49.44],[260.04,49.98],[259.79,43.28],[271.94,42.82],[272.19,49.44]]]}},{"type":"Feature","properties":{"id":1061,"base_y":12.74,"height":5.52,"tipo":"edificio","plantas":1,"medianeras":[1,2,3]},"geometry":{"type":"Polygon","coordinates":[[[-284.22,139.56],[-281.05,139.44],[-281.34,156.16],[-289.15,148.87],[-284.22,139.56]]]}},{"type":"Feature","properties":{"id":1062,"base_y":14.35,"height":8.31,"tipo":"edificio","plantas":2,"medianeras":[0,2]},"geometry":{"type":"Polygon","coordinates":[[[299.24,199.01],[298.47,188.69],[306.47,188.44],[306.8,198.85],[299.24,199.01]]]}},{"type":"Feature","properties":{"id":1063,"base_y":16.53,"height":4.39,"tipo":"edificio","plantas":1,"medianeras":[2,3,4]},"geometry":{"type":"Polygon","coordinates":[[[-213.42,96.58],[-213.23,104.78],[-215.54,104.85],[-216.03,91.68],[-203.72,91.24],[-203.57,96.18],[-213.42,96.58]]]}},{"type":"Feature","properties":{"id":1064,"base_y":14.52,"height":10.4,"tipo":"edificio","plantas":3,"medianeras":[0,1,3,4,7]},"geometry":{"type":"Polygon","coordinates":[[[182.0,217.49],[186.9,217.9],[187.28,212.16],[190.11,212.42],[189.61,218.18],[193.9,218.55],[193.28,223.99],[181.6,222.87],[182.0,217.49]]]}},{"type":"Feature","properties":{"id":1065,"base_y":16.69,"height":4.99,"tipo":"edificio","plantas":1,"medianeras":[5]},"geometry":{"type":"Polygon","coordinates":[[[-243.16,41.43],[-235.12,41.24],[-234.86,50.91],[-238.9,50.99],[-238.9,51.74],[-242.84,51.81],[-243.16,41.43]]]}},{"type":"Feature","properties":{"id":1066,"base_y":15.69,"height":7.16,"tipo":"edificio","plantas":2,"medianeras":[0,1,3]},"geometry":{"type":"Polygon","coordinates":[[[-3.08,34.64],[7.89,34.19],[8.1,41.5],[-2.78,41.93],[-3.08,34.64]]]}},{"type":"Feature","properties":{"id":1067,"base_y":15.47,"height":7.73,"tipo":"edificio","plantas":2,"medianeras":[1,3]},"geometry":{"type":"Polygon","coordinates":[[[271.23,24.26],[283.06,23.79],[283.28,30.5],[271.47,31.0],[271.23,24.26]]]}},{"type":"Feature","properties":{"id":1068,"base_y":13.46,"height":9.41,"tipo":"edificio","plantas":2,"medianeras":[5,6,7,9,10,11]},"geometry":{"type":"Polygon","coordinates":[[[345.9,94.82],[342.02,94.96],[341.97,93.42],[340.41,93.48],[340.46,95.02],[334.06,95.26],[333.85,89.65],[337.78,89.5],[337.66,86.3],[341.99,86.14],[342.1,89.34],[345.84,89.21],[345.9,94.82]]]}},{"type":"Feature","properties":{"id":1069,"base_y":9.77,"height":5.03,"tipo":"edificio","plantas":1,"medianeras":[0,4]},"geometry":{"type":"Polygon","coordinates":[[[-367.76,94.94],[-372.71,100.3],[-375.02,98.25],[-375.64,98.91],[-380.72,94.31],[-375.15,88.31],[-367.76,94.94]]]}},{"type":"Feature","properties":{"id":1070,"base_y":12.82,"height":5.55,"tipo":"edificio","plantas":1,"medianeras":[0,5]},"geometry":{"type":"Polygon","coordinates":[[[-292.59,94.62],[-292.39,99.49],[-302.96,99.78],[-302.55,106.31],[-305.16,106.42],[-305.53,95.12],[-292.59,94.62]]]}},{"type":"Feature","properties":{"id":1071,"base_y":15.22,"height":8.52,"tipo":"edificio","plantas":2,"medianeras":[0,1,2,3]},"geometry":{"type":"Polygon","coordinates":[[[129.94,62.62],[123.03,62.68],[122.85,51.36],[129.81,51.29],[129.94,62.62]]]}},{"type":"Feature","properties":{"id":1072,"base_y":15.99,"height":4.76,"tipo":"edificio","plantas":1,"medianeras":[4]},"geometry":{"type":"Polygon","coordinates":[[[-76.38,35.44],[-76.0,45.02],[-80.28,45.18],[-80.22,45.81],[-83.9,45.93],[-84.35,35.77],[-76.38,35.44]]]}},{"type":"Feature","properties":{"id":1073,"base_y":16.37,"height":4.16,"tipo":"edificio","plantas":1,"medianeras":[0,4,13]},"geometry":{"type":"Polygon","coordinates":[[[-107.65,87.99],[-107.56,90.51],[-109.68,90.58],[-109.68,92.73],[-107.48,92.68],[-107.39,95.29],[-110.28,95.42],[-110.37,92.72],[-113.2,92.78],[-113.14,93.42],[-117.67,93.56],[-117.41,99.52],[-119.79,99.58],[-120.09,88.49],[-107.65,87.99]]]}},{"type":"Feature","properties":{"id":1074,"base_y":16.22,"height":4.21,"tipo":"edificio","plantas":1,"medianeras":[1,2,5]},"geometry":{"type":"Polygon","coordinates":[[[-120.09,88.49],[-131.9,88.43],[-132.2,79.41],[-128.42,79.3],[-128.31,83.14],[-120.22,82.81],[-120.09,88.49]]]}},{"type":"Feature","properties":{"id":1075,"base_y":15.4,"height":7.73,"tipo":"edificio","plantas":2,"medianeras":[0,1,2,5]},"geometry":{"type":"Polygon","coordinates":[[[-30.79,107.02],[-30.74,108.13],[-23.93,107.9],[-23.65,114.49],[-34.72,114.93],[-35.06,107.21],[-30.79,107.02]]]}},{"type":"Feature","properties":{"id":1076,"base_y":15.72,"height":4.15,"tipo":"edificio","plantas":1,"medianeras":[0]},"geometry":{"type":"Polygon","coordinates":[[[-60.9,13.87],[-60.63,19.48],[-69.87,19.74],[-69.54,22.72],[-72.85,22.9],[-73.15,14.31],[-60.9,13.87]]]}},{"type":"Feature","properties":{"id":1077,"base_y":15.72,"height":4.9,"tipo":"edificio","plantas":1,"medianeras":[4]},"geometry":{"type":"Polygon","coordinates":[[[-73.94,107.8],[-73.65,116.69],[-77.65,116.81],[-77.53,117.43],[-82.09,117.56],[-82.39,108.06],[-73.94,107.8]]]}},{"type":"Feature","properties":{"id":1078,"base_y":16.16,"height":4.75,"tipo":"edificio","plantas":1,"medianeras":[1,5]},"geometry":{"type":"Polygon","coordinates":[[[-131.39,109.11],[-123.59,109.04],[-123.29,118.59],[-127.15,118.74],[-127.15,119.31],[-131.09,119.56],[-131.39,109.11]]]}},{"type":"Feature","properties":{"id":1079,"base_y":16.61,"height":4.67,"tipo":"edificio","plantas":1,"medianeras":[6,7]},"geometry":{"type":"Polygon","coordinates":[[[-228.4,92.18],[-228.97,79.41],[-225.47,79.35],[-225.24,85.14],[-226.32,85.23],[-226.18,88.09],[-216.19,87.47],[-216.03,91.68],[-228.4,92.18]]]}},{"type":"Feature","properties":{"id":1080,"base_y":15.55,"height":8.48,"tipo":"edificio","plantas":2,"medianeras":[0,1]},"geometry":{"type":"Polygon","coordinates":[[[-25.38,141.88],[-25.9,131.77],[-18.15,131.37],[-17.77,141.49],[-25.38,141.88]]]}},{"type":"Feature","properties":{"id":1081,"base_y":11.22,"height":5.38,"tipo":"edificio","plantas":1,"medianeras":[3,4]},"geometry":{"type":"Polygon","coordinates":[[[-321.01,124.88],[-320.99,125.85],[-327.36,126.07],[-327.71,117.77],[-317.88,117.47],[-317.68,124.82],[-321.01,124.88]]]}},{"type":"Feature","properties":{"id":1082,"base_y":15.55,"height":4.39,"tipo":"edificio","plantas":1,"medianeras":[0,3,5]},"geometry":{"type":"Polygon","coordinates":[[[-24.9,84.31],[-24.7,89.25],[-32.1,89.5],[-31.87,95.82],[-35.55,95.93],[-36.03,84.81],[-24.9,84.31]]]}},{"type":"Feature","properties":{"id":1083,"base_y":14.33,"height":6.87,"tipo":"edificio","plantas":1,"medianeras":[0,4]},"geometry":{"type":"Polygon","coordinates":[[[15.34,163.44],[23.15,163.26],[23.28,165.53],[20.71,165.61],[21.2,176.86],[15.94,177.04],[15.34,163.44]]]}},{"type":"Feature","properties":{"id":1084,"base_y":14.36,"height":7.34,"tipo":"edificio","plantas":1,"medianeras":[2,3]},"geometry":{"type":"Polygon","coordinates":[[[63.86,173.78],[57.41,174.05],[56.83,162.2],[63.39,161.94],[63.86,173.78]]]}},{"type":"Feature","properties":{"id":1085,"base_y":16.57,"height":4.13,"tipo":"edificio","plantas":1,"medianeras":[0,2,7]},"geometry":{"type":"Polygon","coordinates":[[[-158.21,32.42],[-158.84,17.56],[-146.47,17.06],[-146.3,21.92],[-156.5,22.38],[-156.14,28.56],[-157.56,28.67],[-157.4,32.32],[-158.21,32.42]]]}},{"type":"Feature","properties":{"id":1086,"base_y":15.08,"height":4.53,"tipo":"edificio","plantas":1,"medianeras":[1,3]},"geometry":{"type":"Polygon","coordinates":[[[-142.84,169.95],[-142.44,184.63],[-147.62,184.87],[-148.14,170.19],[-142.84,169.95]]]}},{"type":"Feature","properties":{"id":1087,"base_y":14.14,"height":3.54,"tipo":"edificio","plantas":1,"medianeras":[1,2]},"geometry":{"type":"Polygon","coordinates":[[[-219.64,208.94],[-223.19,223.7],[-228.46,222.38],[-225.03,209.18],[-219.64,208.94]]]}},{"type":"Feature","properties":{"id":1088,"base_y":15.03,"height":5.49,"tipo":"edificio","plantas":1,"medianeras":[1,5]},"geometry":{"type":"Polygon","coordinates":[[[-50.28,232.62],[-60.15,232.99],[-60.35,227.12],[-55.02,226.92],[-55.19,222.83],[-50.7,222.66],[-50.28,232.62]]]}},{"type":"Feature","properties":{"id":1089,"base_y":13.22,"height":4.85,"tipo":"edificio","plantas":1,"medianeras":[4]},"geometry":{"type":"Polygon","coordinates":[[[-282.04,116.14],[-281.71,124.36],[-287.89,124.6],[-287.86,123.65],[-291.38,123.8],[-291.68,116.55],[-282.04,116.14]]]}},{"type":"Feature","properties":{"id":1090,"base_y":11.39,"height":4.53,"tipo":"cobertizo","plantas":1,"medianeras":[3,4]},"geometry":{"type":"Polygon","coordinates":[[[-737.65,-216.05],[-740.72,-212.11],[-750.0,-219.3],[-750.0,-224.87],[-749.63,-225.34],[-737.65,-216.05]]]}},{"type":"Feature","properties":{"id":1091,"base_y":15.26,"height":8.38,"tipo":"edificio","plantas":2,"medianeras":[3,4,5]},"geometry":{"type":"Polygon","coordinates":[[[69.07,127.09],[73.61,126.92],[73.98,135.35],[71.32,135.46],[71.17,131.95],[62.11,132.3],[61.85,126.18],[69.02,125.9],[69.07,127.09]]]}},{"type":"Feature","properties":{"id":1092,"base_y":14.01,"height":7.46,"tipo":"edificio","plantas":2,"medianeras":[0,1,7]},"geometry":{"type":"Polygon","coordinates":[[[205.8,202.3],[195.88,201.19],[196.78,193.31],[200.25,193.75],[200.09,195.01],[202.17,195.28],[202.33,194.02],[206.66,194.56],[205.8,202.3]]]}},{"type":"Feature","properties":{"id":1093,"base_y":15.55,"height":7.72,"tipo":"edificio","plantas":2,"medianeras":[2,4]},"geometry":{"type":"Polygon","coordinates":[[[292.54,28.16],[292.6,30.16],[283.28,30.5],[283.06,23.73],[294.89,23.22],[295.04,28.07],[292.54,28.16]]]}},{"type":"Feature","properties":{"id":1094,"base_y":11.89,"height":6.47,"tipo":"edificio","plantas":2,"medianeras":[0,3,4,5]},"geometry":{"type":"Polygon","coordinates":[[[-281.12,156.46],[-287.04,162.59],[-291.12,158.73],[-288.66,156.3],[-292.61,152.43],[-289.15,148.87],[-281.12,156.46]]]}},{"type":"Feature","properties":{"id":1095,"base_y":15.54,"height":8.64,"tipo":"edificio","plantas":1,"medianeras":[0,1,2,3,4,5,6,7,12,13,14,15]},"geometry":{"type":"Polygon","coordinates":[[[-33.69,-1.06],[-33.84,-4.11],[-34.34,-4.09],[-34.36,-4.59],[-31.37,-4.74],[-31.52,-7.93],[-34.52,-7.79],[-34.58,-9.08],[-40.08,-8.81],[-40.2,-11.33],[-36.24,-11.51],[-36.34,-13.41],[-34.1,-13.42],[-33.93,-10.37],[-27.36,-10.59],[-26.92,-1.33],[-33.69,-1.06]]]}},{"type":"Feature","properties":{"id":1096,"base_y":14.55,"height":8.45,"tipo":"edificio","plantas":2,"medianeras":[1]},"geometry":{"type":"Polygon","coordinates":[[[-165.28,194.93],[-165.66,184.46],[-158.65,184.17],[-158.22,194.99],[-165.28,194.93]]]}},{"type":"Feature","properties":{"id":1097,"base_y":14.78,"height":8.39,"tipo":"edificio","plantas":2,"medianeras":[0,2]},"geometry":{"type":"Polygon","coordinates":[[[313.1,176.44],[312.6,165.76],[319.63,165.51],[320.09,176.13],[313.1,176.44]]]}},{"type":"Feature","properties":{"id":1098,"base_y":15.43,"height":5.11,"tipo":"edificio","plantas":1,"medianeras":[0]},"geometry":{"type":"Polygon","coordinates":[[[-16.09,12.44],[-15.79,18.99],[-27.18,19.45],[-27.47,12.94],[-16.09,12.44]]]}},{"type":"Feature","properties":{"id":1099,"base_y":16.26,"height":4.09,"tipo":"edificio","plantas":1,"medianeras":[1,4,5,6]},"geometry":{"type":"Polygon","coordinates":[[[-103.1,90.73],[-95.2,90.44],[-95.08,95.14],[-104.48,95.49],[-104.43,96.64],[-107.33,96.74],[-107.65,87.99],[-103.21,87.84],[-103.1,90.73]]]}},{"type":"Feature","properties":{"id":1100,"base_y":14.41,"height":8.92,"tipo":"edificio","plantas":2,"medianeras":[0,2]},"geometry":{"type":"Polygon","coordinates":[[[-207.59,187.01],[-207.22,196.31],[-215.22,196.62],[-215.54,187.33],[-207.59,187.01]]]}},{"type":"Feature","properties":{"id":1101,"base_y":14.77,"height":8.45,"tipo":"edificio","plantas":2,"medianeras":[2,3,5]},"geometry":{"type":"Polygon","coordinates":[[[319.63,165.51],[328.46,165.19],[328.65,169.6],[325.45,169.74],[325.71,175.89],[320.09,176.13],[319.63,165.51]]]}},{"type":"Feature","properties":{"id":1102,"base_y":15.53,"height":3.5,"tipo":"edificio","plantas":1,"medianeras":[0,4]},"geometry":{"type":"Polygon","coordinates":[[[40.91,10.06],[41.18,15.88],[31.94,16.21],[32.11,20.55],[30.14,20.68],[29.72,10.5],[40.91,10.06]]]}},{"type":"Feature","properties":{"id":1103,"base_y":14.67,"height":8.69,"tipo":"edificio","plantas":2,"medianeras":[0,3]},"geometry":{"type":"Polygon","coordinates":[[[-24.87,178.74],[-24.43,189.3],[-31.4,189.49],[-31.9,179.05],[-24.87,178.74]]]}},{"type":"Feature","properties":{"id":1104,"base_y":13.81,"height":5.05,"tipo":"edificio","plantas":1,"medianeras":[3,4,5]},"geometry":{"type":"Polygon","coordinates":[[[-279.65,99.08],[-289.77,99.4],[-289.61,103.57],[-292.22,103.63],[-292.59,94.62],[-279.84,94.12],[-279.65,99.08]]]}},{"type":"Feature","properties":{"id":1105,"base_y":15.41,"height":6.7,"tipo":"edificio","plantas":2,"medianeras":[0,2]},"geometry":{"type":"Polygon","coordinates":[[[7.42,18.12],[7.22,11.44],[18.16,11.0],[18.45,17.66],[7.42,18.12]]]}},{"type":"Feature","properties":{"id":1106,"base_y":14.56,"height":6.7,"tipo":"edificio","plantas":1,"medianeras":[1]},"geometry":{"type":"Polygon","coordinates":[[[364.54,27.22],[361.89,27.51],[361.24,12.53],[366.35,12.39],[366.92,24.67],[364.54,27.22]]]}},{"type":"Feature","properties":{"id":1107,"base_y":14.45,"height":10.8,"tipo":"edificio","plantas":2,"medianeras":[0,1,2,3,4,5]},"geometry":{"type":"Polygon","coordinates":[[[31.73,175.18],[39.78,174.9],[40.13,182.6],[36.83,182.71],[36.93,185.01],[32.19,185.18],[31.73,175.18]]]}},{"type":"Feature","properties":{"id":1108,"base_y":13.51,"height":11.01,"tipo":"edificio","plantas":1,"medianeras":[0,1,2,3]},"geometry":{"type":"Polygon","coordinates":[[[407.59,114.08],[412.21,113.78],[412.83,129.58],[408.28,129.78],[407.59,114.08]]]}},{"type":"Feature","properties":{"id":1109,"base_y":14.25,"height":7.92,"tipo":"edificio","plantas":2,"medianeras":[0,1,4,5]},"geometry":{"type":"Polygon","coordinates":[[[-177.14,227.32],[-177.26,224.64],[-174.49,224.55],[-174.15,236.81],[-180.9,236.99],[-181.29,227.49],[-177.14,227.32]]]}},{"type":"Feature","properties":{"id":1110,"base_y":15.49,"height":3.67,"tipo":"edificio","plantas":1,"medianeras":[1,3]},"geometry":{"type":"Polygon","coordinates":[[[156.43,11.31],[144.37,11.74],[144.16,5.75],[156.22,5.32],[156.43,11.31]]]}},{"type":"Feature","properties":{"id":1111,"base_y":14.96,"height":6.87,"tipo":"edificio","plantas":1,"medianeras":[0,1]},"geometry":{"type":"Polygon","coordinates":[[[135.28,123.44],[135.46,128.08],[119.68,128.58],[119.53,124.06],[135.28,123.44]]]}},{"type":"Feature","properties":{"id":1112,"base_y":13.42,"height":7.4,"tipo":"edificio","plantas":1,"medianeras":[3]},"geometry":{"type":"Polygon","coordinates":[[[360.34,48.49],[360.01,39.49],[368.01,39.19],[368.34,48.18],[360.34,48.49]]]}},{"type":"Feature","properties":{"id":1113,"base_y":15.72,"height":8.8,"tipo":"edificio","plantas":2,"medianeras":[2,3,4,5,6,7,9]},"geometry":{"type":"Polygon","coordinates":[[[22.2,104.26],[26.25,104.13],[26.17,102.42],[34.31,102.16],[34.46,107.33],[26.87,107.64],[26.91,109.24],[25.01,109.32],[25.11,112.52],[22.6,112.62],[22.2,104.26]]]}},{"type":"Feature","properties":{"id":1114,"base_y":16.63,"height":7.8,"tipo":"edificio","plantas":2,"medianeras":[0,3]},"geometry":{"type":"Polygon","coordinates":[[[-156.78,89.06],[-156.58,95.0],[-168.64,95.39],[-168.84,89.43],[-156.78,89.06]]]}},{"type":"Feature","properties":{"id":1115,"base_y":14.85,"height":8.01,"tipo":"edificio","plantas":2,"medianeras":[1,3]},"geometry":{"type":"Polygon","coordinates":[[[-104.98,183.61],[-97.07,183.26],[-96.78,192.37],[-104.65,192.68],[-104.98,183.61]]]}},{"type":"Feature","properties":{"id":1116,"base_y":13.27,"height":7.67,"tipo":"edificio","plantas":2,"medianeras":[0,2,3]},"geometry":{"type":"Polygon","coordinates":[[[-305.53,95.12],[-305.72,89.59],[-292.78,89.09],[-292.59,94.62],[-305.53,95.12]]]}},{"type":"Feature","properties":{"id":1117,"base_y":14.53,"height":7.13,"tipo":"edificio","plantas":2,"medianeras":[1]},"geometry":{"type":"Polygon","coordinates":[[[29.22,199.56],[34.43,199.34],[35.09,213.06],[29.89,213.27],[29.22,199.56]]]}},{"type":"Feature","properties":{"id":1118,"base_y":12.68,"height":3.62,"tipo":"edificio","plantas":1,"medianeras":[4]},"geometry":{"type":"Polygon","coordinates":[[[-264.4,172.37],[-264.4,178.31],[-264.9,178.4],[-277.06,166.62],[-273.9,163.31],[-264.4,172.37]]]}},{"type":"Feature","properties":{"id":1119,"base_y":14.88,"height":8.06,"tipo":"edificio","plantas":2,"medianeras":[4,5]},"geometry":{"type":"Polygon","coordinates":[[[15.1,157.99],[14.62,147.78],[20.25,147.62],[20.43,151.92],[22.77,151.86],[23.04,157.71],[15.1,157.99]]]}},{"type":"Feature","properties":{"id":1120,"base_y":15.79,"height":4.01,"tipo":"edificio","plantas":1,"medianeras":[0,4,5]},"geometry":{"type":"Polygon","coordinates":[[[-24.9,84.31],[-25.41,72.79],[-22.84,72.68],[-22.59,79.66],[-13.59,79.22],[-13.4,83.87],[-24.9,84.31]]]}},{"type":"Feature","properties":{"id":1121,"base_y":15.64,"height":7.37,"tipo":"edificio","plantas":2,"medianeras":[0,1,3]},"geometry":{"type":"Polygon","coordinates":[[[-2.99,59.68],[-14.34,60.15],[-14.59,53.93],[-3.22,53.49],[-2.99,59.68]]]}},{"type":"Feature","properties":{"id":1122,"base_y":15.34,"height":4.23,"tipo":"edificio","plantas":1,"medianeras":[3,5]},"geometry":{"type":"Polygon","coordinates":[[[221.3,74.37],[221.54,80.62],[217.69,80.76],[218.0,89.0],[214.8,89.12],[214.26,74.63],[221.3,74.37]]]}},{"type":"Feature","properties":{"id":1123,"base_y":13.43,"height":11.08,"tipo":"edificio","plantas":1,"medianeras":[0,1,2,3]},"geometry":{"type":"Polygon","coordinates":[[[409.03,146.95],[408.34,131.3],[412.88,130.97],[413.49,146.58],[409.03,146.95]]]}},{"type":"Feature","properties":{"id":1124,"base_y":13.61,"height":8.18,"tipo":"edificio","plantas":2,"medianeras":[0,2]},"geometry":{"type":"Polygon","coordinates":[[[-273.84,139.18],[-273.39,148.46],[-281.21,148.83],[-281.05,139.44],[-273.84,139.18]]]}},{"type":"Feature","properties":{"id":1125,"base_y":11.23,"height":8.65,"tipo":"edificio","plantas":2,"medianeras":[1,3]},"geometry":{"type":"Polygon","coordinates":[[[-331.84,96.12],[-318.47,95.62],[-318.33,100.88],[-331.61,101.36],[-331.84,96.12]]]}},{"type":"Feature","properties":{"id":1126,"base_y":13.1,"height":11.29,"tipo":"edificio","plantas":1,"medianeras":[0,1,2,3,4,5]},"geometry":{"type":"Polygon","coordinates":[[[437.83,134.46],[434.11,134.65],[434.0,130.15],[440.95,129.89],[441.65,145.67],[438.11,145.67],[437.83,134.46]]]}},{"type":"Feature","properties":{"id":1127,"base_y":14.54,"height":4.36,"tipo":"edificio","plantas":1,"medianeras":[3]},"geometry":{"type":"Polygon","coordinates":[[[-182.09,207.43],[-174.97,207.12],[-174.7,216.98],[-181.69,217.34],[-182.09,207.43]]]}},{"type":"Feature","properties":{"id":1128,"base_y":15.53,"height":3.92,"tipo":"edificio","plantas":1,"medianeras":[0,1,5]},"geometry":{"type":"Polygon","coordinates":[[[185.66,75.69],[184.74,52.97],[187.14,52.85],[187.45,59.65],[188.35,59.53],[188.97,75.56],[185.66,75.69]]]}},{"type":"Feature","properties":{"id":1129,"base_y":15.03,"height":5.05,"tipo":"edificio","plantas":2,"medianeras":[2]},"geometry":{"type":"Polygon","coordinates":[[[282.3,0.45],[282.49,6.42],[270.62,6.78],[270.41,0.94],[282.3,0.45]]]}},{"type":"Feature","properties":{"id":1130,"base_y":15.59,"height":7.5,"tipo":"edificio","plantas":2,"medianeras":[0]},"geometry":{"type":"Polygon","coordinates":[[[-26.22,54.37],[-25.94,60.63],[-37.07,61.09],[-37.34,54.87],[-26.22,54.37]]]}},{"type":"Feature","properties":{"id":1131,"base_y":15.3,"height":3.85,"tipo":"edificio","plantas":1,"medianeras":[1,2,3]},"geometry":{"type":"Polygon","coordinates":[[[188.83,82.23],[189.1,89.49],[186.18,89.6],[185.66,75.69],[192.88,75.42],[193.13,82.07],[188.83,82.23]]]}},{"type":"Feature","properties":{"id":1132,"base_y":13.6,"height":10.02,"tipo":"edificio","plantas":2,"medianeras":[3,5]},"geometry":{"type":"Polygon","coordinates":[[[334.07,95.58],[328.23,95.79],[328.14,92.14],[325.7,92.24],[325.52,86.42],[333.72,86.09],[334.07,95.58]]]}},{"type":"Feature","properties":{"id":1133,"base_y":11.91,"height":12.95,"tipo":"edificio","plantas":3,"medianeras":[0,1,2,3]},"geometry":{"type":"Polygon","coordinates":[[[-380.67,35.43],[-380.88,29.66],[-368.86,29.23],[-368.67,34.95],[-380.67,35.43]]]}},{"type":"Feature","properties":{"id":1134,"base_y":15.07,"height":4.16,"tipo":"edificio","plantas":1,"medianeras":[0,3]},"geometry":{"type":"Polygon","coordinates":[[[-86.28,162.18],[-74.09,161.68],[-73.89,167.39],[-86.05,167.81],[-86.28,162.18]]]}},{"type":"Feature","properties":{"id":1135,"base_y":15.37,"height":6.44,"tipo":"edificio","plantas":2,"medianeras":[0,2]},"geometry":{"type":"Polygon","coordinates":[[[-4.03,11.94],[-3.8,17.57],[-15.83,18.23],[-16.09,12.44],[-4.03,11.94]]]}},{"type":"Feature","properties":{"id":1136,"base_y":14.61,"height":5.0,"tipo":"edificio","plantas":1,"medianeras":[0,4]},"geometry":{"type":"Polygon","coordinates":[[[-10.03,201.18],[-9.72,207.67],[-13.24,207.55],[-13.14,210.79],[-18.04,210.88],[-18.47,201.56],[-10.03,201.18]]]}},{"type":"Feature","properties":{"id":1137,"base_y":15.31,"height":5.09,"tipo":"edificio","plantas":1,"medianeras":[2]},"geometry":{"type":"Polygon","coordinates":[[[98.85,7.63],[99.15,13.32],[87.15,13.84],[86.85,8.13],[98.85,7.63]]]}},{"type":"Feature","properties":{"id":1138,"base_y":15.54,"height":6.82,"tipo":"edificio","plantas":2,"medianeras":[0,1,3]},"geometry":{"type":"Polygon","coordinates":[[[7.4,17.54],[-3.78,18.04],[-4.03,11.94],[7.22,11.44],[7.4,17.54]]]}},{"type":"Feature","properties":{"id":1139,"base_y":15.3,"height":3.14,"tipo":"edificio","plantas":1,"medianeras":[1]},"geometry":{"type":"Polygon","coordinates":[[[52.47,9.56],[64.28,9.07],[64.5,14.99],[52.74,15.25],[52.47,9.56]]]}},{"type":"Feature","properties":{"id":1140,"base_y":14.48,"height":6.3,"tipo":"cobertizo","plantas":1,"medianeras":[0,2]},"geometry":{"type":"Polygon","coordinates":[[[42.47,198.99],[42.88,207.48],[34.83,207.82],[34.43,199.34],[42.47,198.99]]]}},{"type":"Feature","properties":{"id":1141,"base_y":14.77,"height":7.46,"tipo":"edificio","plantas":2,"medianeras":[0,1,3]},"geometry":{"type":"Polygon","coordinates":[[[53.08,218.48],[59.99,218.02],[60.41,227.81],[53.41,228.12],[53.08,218.48]]]}},{"type":"Feature","properties":{"id":1142,"base_y":13.62,"height":10.66,"tipo":"edificio","plantas":1,"medianeras":[0,1,2,3]},"geometry":{"type":"Polygon","coordinates":[[[415.77,113.79],[420.12,113.5],[420.73,129.37],[416.47,129.44],[415.77,113.79]]]}},{"type":"Feature","properties":{"id":1143,"base_y":15.05,"height":7.43,"tipo":"edificio","plantas":2,"medianeras":[1,3]},"geometry":{"type":"Polygon","coordinates":[[[-80.47,224.12],[-73.49,223.74],[-73.15,233.43],[-80.15,233.74],[-80.47,224.12]]]}},{"type":"Feature","properties":{"id":1144,"base_y":14.29,"height":8.08,"tipo":"edificio","plantas":1,"medianeras":[0,1,2,3]},"geometry":{"type":"Polygon","coordinates":[[[132.53,207.87],[132.33,201.17],[142.55,200.68],[142.85,207.24],[132.53,207.87]]]}},{"type":"Feature","properties":{"id":1145,"base_y":14.96,"height":9.48,"tipo":"edificio","plantas":2,"medianeras":[1,3,4,5]},"geometry":{"type":"Polygon","coordinates":[[[-73.79,215.38],[-80.76,215.67],[-81.15,203.68],[-78.83,203.63],[-78.05,204.15],[-77.69,207.79],[-74.11,207.64],[-73.79,215.38]]]}},{"type":"Feature","properties":{"id":1146,"base_y":11.47,"height":8.52,"tipo":"edificio","plantas":1,"medianeras":[1,3]},"geometry":{"type":"Polygon","coordinates":[[[-380.69,35.0],[-380.49,40.58],[-392.59,40.94],[-392.78,35.38],[-380.69,35.0]]]}},{"type":"Feature","properties":{"id":1147,"base_y":16.51,"height":4.06,"tipo":"edificio","plantas":1,"medianeras":[1]},"geometry":{"type":"Polygon","coordinates":[[[67.0,-99.09],[67.59,-84.55],[63.59,-84.39],[63.3,-91.53],[62.1,-91.48],[61.8,-98.88],[67.0,-99.09]]]}},{"type":"Feature","properties":{"id":1148,"base_y":15.32,"height":8.13,"tipo":"edificio","plantas":2,"medianeras":[0,2]},"geometry":{"type":"Polygon","coordinates":[[[-288.53,44.53],[-288.22,52.74],[-296.4,53.06],[-296.64,44.84],[-288.53,44.53]]]}},{"type":"Feature","properties":{"id":1149,"base_y":14.37,"height":8.32,"tipo":"edificio","plantas":2,"medianeras":[1,3,4,5]},"geometry":{"type":"Polygon","coordinates":[[[181.6,222.87],[176.37,223.1],[175.9,210.38],[177.45,210.25],[177.47,212.0],[182.41,211.93],[181.6,222.87]]]}},{"type":"Feature","properties":{"id":1150,"base_y":14.82,"height":9.59,"tipo":"edificio","plantas":2,"medianeras":[0,1,4,5,6,7,8]},"geometry":{"type":"Polygon","coordinates":[[[269.77,-24.9],[275.21,-25.11],[275.03,-27.88],[277.32,-27.94],[277.88,-27.26],[277.97,-25.1],[282.64,-25.25],[282.79,-20.77],[269.92,-20.26],[269.77,-24.9]]]}},{"type":"Feature","properties":{"id":1151,"base_y":15.57,"height":3.88,"tipo":"edificio","plantas":1,"medianeras":[1,3]},"geometry":{"type":"Polygon","coordinates":[[[274.54,6.59],[274.88,24.12],[271.23,24.26],[270.62,6.78],[274.54,6.59]]]}},{"type":"Feature","properties":{"id":1152,"base_y":13.96,"height":7.98,"tipo":"edificio","plantas":2,"medianeras":[0,2]},"geometry":{"type":"Polygon","coordinates":[[[-327.97,54.24],[-328.24,46.04],[-320.27,45.74],[-319.9,53.93],[-327.97,54.24]]]}},{"type":"Feature","properties":{"id":1153,"base_y":15.27,"height":7.24,"tipo":"edificio","plantas":2,"medianeras":[0,1,3]},"geometry":{"type":"Polygon","coordinates":[[[-136.57,169.67],[-148.14,170.19],[-148.34,164.43],[-136.78,164.06],[-136.57,169.67]]]}},{"type":"Feature","properties":{"id":1154,"base_y":15.62,"height":5.8,"tipo":"edificio","plantas":2,"medianeras":[2]},"geometry":{"type":"Polygon","coordinates":[[[20.83,77.38],[32.58,76.88],[32.78,82.56],[21.03,82.87],[20.83,77.38]]]}},{"type":"Feature","properties":{"id":1155,"base_y":16.21,"height":4.12,"tipo":"edificio","plantas":1,"medianeras":[1,3]},"geometry":{"type":"Polygon","coordinates":[[[-97.2,20.59],[-109.39,20.86],[-109.59,15.56],[-97.4,15.12],[-97.2,20.59]]]}},{"type":"Feature","properties":{"id":1156,"base_y":13.26,"height":4.63,"tipo":"edificio","plantas":1,"medianeras":[0,5]},"geometry":{"type":"Polygon","coordinates":[[[-272.59,164.49],[-273.28,150.61],[-269.68,150.42],[-269.34,156.14],[-268.73,156.09],[-268.08,168.84],[-272.59,164.49]]]}},{"type":"Feature","properties":{"id":1157,"base_y":14.6,"height":7.92,"tipo":"edificio","plantas":2,"medianeras":[0,1,4,5,7]},"geometry":{"type":"Polygon","coordinates":[[[129.92,214.2],[132.75,214.09],[132.78,213.09],[135.03,212.95],[135.02,214.13],[135.71,214.1],[136.22,224.74],[130.28,224.99],[129.92,214.2]]]}},{"type":"Feature","properties":{"id":1158,"base_y":15.34,"height":8.38,"tipo":"edificio","plantas":2,"medianeras":[2,3]},"geometry":{"type":"Polygon","coordinates":[[[141.05,36.05],[140.38,20.21],[144.66,20.05],[145.17,34.38],[144.17,34.42],[144.22,35.92],[141.05,36.05]]]}},{"type":"Feature","properties":{"id":1159,"base_y":13.98,"height":3.98,"tipo":"edificio","plantas":1,"medianeras":[1,3]},"geometry":{"type":"Polygon","coordinates":[[[218.27,201.3],[206.09,199.63],[206.66,194.56],[219.32,196.09],[218.27,201.3]]]}},{"type":"Feature","properties":{"id":1160,"base_y":14.33,"height":7.41,"tipo":"edificio","plantas":2,"medianeras":[1,3]},"geometry":{"type":"Polygon","coordinates":[[[-279.84,94.12],[-266.72,93.62],[-266.53,98.58],[-279.65,99.08],[-279.84,94.12]]]}},{"type":"Feature","properties":{"id":1161,"base_y":14.73,"height":4.86,"tipo":"edificio","plantas":1,"medianeras":[1,2,3]},"geometry":{"type":"Polygon","coordinates":[[[280.5,153.71],[269.4,154.27],[269.18,148.33],[280.28,147.94],[280.5,153.71]]]}},{"type":"Feature","properties":{"id":1162,"base_y":15.63,"height":8.05,"tipo":"edificio","plantas":2,"medianeras":[0,1,2]},"geometry":{"type":"Polygon","coordinates":[[[-305.22,22.99],[-304.86,30.96],[-313.05,31.27],[-313.34,23.31],[-305.22,22.99]]]}},{"type":"Feature","properties":{"id":1163,"base_y":12.71,"height":4.37,"tipo":"edificio","plantas":1,"medianeras":[2]},"geometry":{"type":"Polygon","coordinates":[[[-318.47,95.62],[-318.69,90.58],[-305.71,90.14],[-305.53,95.12],[-318.47,95.62]]]}},{"type":"Feature","properties":{"id":1164,"base_y":15.29,"height":4.4,"tipo":"edificio","plantas":1,"medianeras":[3]},"geometry":{"type":"Polygon","coordinates":[[[-159.02,174.05],[-166.02,174.25],[-166.34,164.99],[-159.34,164.74],[-159.02,174.05]]]}},{"type":"Feature","properties":{"id":1165,"base_y":16.69,"height":7.98,"tipo":"edificio","plantas":2,"medianeras":[1,3]},"geometry":{"type":"Polygon","coordinates":[[[-255.85,26.51],[-267.95,27.12],[-268.15,21.68],[-256.03,21.24],[-255.85,26.51]]]}},{"type":"Feature","properties":{"id":1166,"base_y":14.13,"height":6.48,"tipo":"edificio","plantas":2,"medianeras":[3,5]},"geometry":{"type":"Polygon","coordinates":[[[161.61,199.15],[156.77,199.3],[156.82,201.97],[152.12,202.15],[151.72,194.16],[161.41,193.68],[161.61,199.15]]]}},{"type":"Feature","properties":{"id":1167,"base_y":13.05,"height":7.69,"tipo":"edificio","plantas":2,"medianeras":[0,1,2,3]},"geometry":{"type":"Polygon","coordinates":[[[-256.42,176.19],[-256.78,168.56],[-248.34,168.18],[-248.03,175.94],[-256.42,176.19]]]}},{"type":"Feature","properties":{"id":1168,"base_y":15.13,"height":4.09,"tipo":"edificio","plantas":1,"medianeras":[0,3]},"geometry":{"type":"Polygon","coordinates":[[[-86.28,162.18],[-86.05,167.81],[-97.55,168.2],[-97.72,162.62],[-86.28,162.18]]]}},{"type":"Feature","properties":{"id":1169,"base_y":14.6,"height":7.47,"tipo":"edificio","plantas":2,"medianeras":[1,2,3]},"geometry":{"type":"Polygon","coordinates":[[[-111.59,204.99],[-101.53,204.56],[-101.32,210.88],[-111.35,211.42],[-111.59,204.99]]]}},{"type":"Feature","properties":{"id":1170,"base_y":15.3,"height":8.18,"tipo":"edificio","plantas":1,"medianeras":[0,2,6,7]},"geometry":{"type":"Polygon","coordinates":[[[203.58,98.57],[203.38,93.14],[207.77,92.98],[208.21,104.87],[205.22,104.98],[205.16,103.49],[200.99,103.64],[200.8,98.67],[203.58,98.57]]]}},{"type":"Feature","properties":{"id":1171,"base_y":15.33,"height":7.37,"tipo":"edificio","plantas":2,"medianeras":[0,1,2]},"geometry":{"type":"Polygon","coordinates":[[[-192.47,165.99],[-203.54,166.43],[-203.77,160.64],[-192.69,160.24],[-192.47,165.99]]]}},{"type":"Feature","properties":{"id":1172,"base_y":15.26,"height":8.21,"tipo":"edificio","plantas":2,"medianeras":[0,1,2,6]},"geometry":{"type":"Polygon","coordinates":[[[212.15,92.82],[212.35,98.25],[215.13,98.14],[215.32,103.11],[211.14,103.26],[211.19,104.76],[208.21,104.87],[207.77,92.98],[212.15,92.82]]]}},{"type":"Feature","properties":{"id":1173,"base_y":14.21,"height":7.94,"tipo":"edificio","plantas":2,"medianeras":[0,1,3]},"geometry":{"type":"Polygon","coordinates":[[[-187.99,227.76],[-181.29,227.49],[-180.9,236.99],[-187.59,237.24],[-187.99,227.76]]]}},{"type":"Feature","properties":{"id":1174,"base_y":16.04,"height":7.92,"tipo":"edificio","plantas":2,"medianeras":[0,2]},"geometry":{"type":"Polygon","coordinates":[[[-289.34,22.43],[-289.05,30.36],[-297.08,30.66],[-297.34,22.74],[-289.34,22.43]]]}},{"type":"Feature","properties":{"id":1175,"base_y":15.05,"height":8.25,"tipo":"edificio","plantas":2,"medianeras":[3,4,6]},"geometry":{"type":"Polygon","coordinates":[[[245.98,98.86],[244.48,98.92],[244.61,103.53],[239.91,103.7],[239.79,100.49],[234.52,100.69],[234.36,96.31],[245.9,95.88],[245.98,98.86]]]}},{"type":"Feature","properties":{"id":1176,"base_y":15.37,"height":8.09,"tipo":"edificio","plantas":2,"medianeras":[3,4,6]},"geometry":{"type":"Polygon","coordinates":[[[191.13,105.5],[191.07,104.0],[186.72,104.16],[186.53,99.2],[189.49,99.09],[189.29,93.66],[193.56,93.5],[194.0,105.4],[191.13,105.5]]]}},{"type":"Feature","properties":{"id":1177,"base_y":15.14,"height":8.35,"tipo":"edificio","plantas":2,"medianeras":[0,1,6]},"geometry":{"type":"Polygon","coordinates":[[[226.24,92.3],[226.44,97.73],[229.4,97.62],[229.59,102.58],[225.23,102.74],[225.28,104.24],[222.42,104.35],[221.98,92.46],[226.24,92.3]]]}},{"type":"Feature","properties":{"id":1178,"base_y":12.54,"height":8.46,"tipo":"edificio","plantas":2,"medianeras":[0,1]},"geometry":{"type":"Polygon","coordinates":[[[-284.22,139.56],[-289.15,148.87],[-298.09,140.06],[-284.22,139.56]]]}},{"type":"Feature","properties":{"id":1179,"base_y":14.36,"height":7.64,"tipo":"edificio","plantas":2,"medianeras":[0,2]},"geometry":{"type":"Polygon","coordinates":[[[-312.52,45.44],[-312.22,53.62],[-319.9,53.93],[-320.27,45.74],[-312.52,45.44]]]}},{"type":"Feature","properties":{"id":1180,"base_y":14.53,"height":7.58,"tipo":"edificio","plantas":2,"medianeras":[0,1]},"geometry":{"type":"Polygon","coordinates":[[[281.41,177.69],[280.96,166.02],[286.37,165.82],[286.81,177.5],[281.41,177.69]]]}},{"type":"Feature","properties":{"id":1181,"base_y":13.06,"height":5.23,"tipo":"edificio","plantas":2,"medianeras":[0,1]},"geometry":{"type":"Polygon","coordinates":[[[375.66,212.38],[375.38,202.36],[379.66,202.25],[383.97,212.13],[375.66,212.38]]]}},{"type":"Feature","properties":{"id":1182,"base_y":15.77,"height":7.69,"tipo":"edificio","plantas":2,"medianeras":[0,2]},"geometry":{"type":"Polygon","coordinates":[[[-280.83,44.24],[-280.59,52.43],[-288.22,52.74],[-288.53,44.53],[-280.83,44.24]]]}},{"type":"Feature","properties":{"id":1183,"base_y":14.88,"height":4.36,"tipo":"edificio","plantas":1,"medianeras":[1]},"geometry":{"type":"Polygon","coordinates":[[[302.04,-39.04],[302.52,-24.6],[298.17,-24.45],[297.69,-38.89],[302.04,-39.04]]]}},{"type":"Feature","properties":{"id":1184,"base_y":15.19,"height":8.09,"tipo":"edificio","plantas":2,"medianeras":[0,1,2,6]},"geometry":{"type":"Polygon","coordinates":[[[233.65,77.12],[238.91,76.93],[238.79,73.72],[243.41,73.55],[243.61,78.16],[245.11,78.1],[245.24,81.08],[233.81,81.5],[233.65,77.12]]]}},{"type":"Feature","properties":{"id":1185,"base_y":15.0,"height":8.28,"tipo":"edificio","plantas":2,"medianeras":[3,5,6,7]},"geometry":{"type":"Polygon","coordinates":[[[244.07,88.54],[244.27,92.96],[245.77,92.91],[245.9,95.88],[234.36,96.31],[234.19,91.94],[239.46,91.74],[239.35,88.71],[244.07,88.54]]]}},{"type":"Feature","properties":{"id":1186,"base_y":15.09,"height":8.41,"tipo":"edificio","plantas":2,"medianeras":[0,2]},"geometry":{"type":"Polygon","coordinates":[[[-313.34,23.31],[-313.05,31.27],[-320.89,31.57],[-321.22,23.62],[-313.34,23.31]]]}},{"type":"Feature","properties":{"id":1187,"base_y":15.06,"height":8.37,"tipo":"edificio","plantas":2,"medianeras":[0,2,6,7]},"geometry":{"type":"Polygon","coordinates":[[[217.91,98.04],[217.71,92.62],[221.98,92.46],[222.42,104.35],[219.55,104.45],[219.49,102.96],[215.32,103.11],[215.13,98.14],[217.91,98.04]]]}},{"type":"Feature","properties":{"id":1188,"base_y":15.39,"height":8.06,"tipo":"edificio","plantas":2,"medianeras":[3,5,6,7]},"geometry":{"type":"Polygon","coordinates":[[[200.99,103.64],[196.81,103.79],[196.86,105.29],[194.0,105.4],[193.56,93.5],[197.82,93.35],[198.02,98.77],[200.8,98.67],[200.99,103.64]]]}},{"type":"Feature","properties":{"id":1189,"base_y":15.74,"height":8.13,"tipo":"edificio","plantas":2,"medianeras":[0,1,2,3]},"geometry":{"type":"Polygon","coordinates":[[[-58.04,91.15],[-70.41,91.67],[-70.59,86.62],[-58.22,86.12],[-58.04,91.15]]]}},{"type":"Feature","properties":{"id":1190,"base_y":15.11,"height":8.18,"tipo":"edificio","plantas":2,"medianeras":[2,3,4,6]},"geometry":{"type":"Polygon","coordinates":[[[245.38,84.05],[243.88,84.11],[244.07,88.54],[239.35,88.71],[239.24,85.68],[233.97,85.88],[233.81,81.5],[245.24,81.08],[245.38,84.05]]]}},{"type":"Feature","properties":{"id":1191,"base_y":15.9,"height":7.82,"tipo":"edificio","plantas":2,"medianeras":[0,2]},"geometry":{"type":"Polygon","coordinates":[[[-304.86,30.96],[-305.22,22.99],[-297.34,22.74],[-297.08,30.66],[-304.86,30.96]]]}},{"type":"Feature","properties":{"id":1192,"base_y":14.69,"height":8.1,"tipo":"edificio","plantas":2,"medianeras":[3,5]},"geometry":{"type":"Polygon","coordinates":[[[-303.9,52.01],[-308.67,52.19],[-308.62,53.49],[-312.22,53.62],[-312.52,45.44],[-304.22,45.13],[-303.9,52.01]]]}},{"type":"Feature","properties":{"id":1193,"base_y":15.66,"height":6.6,"tipo":"edificio","plantas":2,"medianeras":[0,2,3]},"geometry":{"type":"Polygon","coordinates":[[[-13.4,83.87],[-13.62,78.38],[-2.3,77.95],[-2.09,83.37],[-13.4,83.87]]]}},{"type":"Feature","properties":{"id":1194,"base_y":16.01,"height":7.91,"tipo":"edificio","plantas":2,"medianeras":[0,2]},"geometry":{"type":"Polygon","coordinates":[[[-281.47,22.18],[-281.24,30.06],[-289.05,30.36],[-289.34,22.43],[-281.47,22.18]]]}},{"type":"Feature","properties":{"id":1195,"base_y":14.57,"height":5.72,"tipo":"edificio","plantas":1,"medianeras":[0]},"geometry":{"type":"Polygon","coordinates":[[[-111.35,211.42],[-106.45,211.16],[-106.1,223.89],[-110.87,224.17],[-111.35,211.42]]]}},{"type":"Feature","properties":{"id":1196,"base_y":15.27,"height":3.76,"tipo":"edificio","plantas":1,"medianeras":[3]},"geometry":{"type":"Polygon","coordinates":[[[262.14,63.25],[262.46,68.46],[272.89,68.0],[273.06,72.46],[260.9,72.8],[260.54,63.32],[262.14,63.25]]]}},{"type":"Feature","properties":{"id":1197,"base_y":14.94,"height":8.52,"tipo":"edificio","plantas":2,"medianeras":[1,3]},"geometry":{"type":"Polygon","coordinates":[[[-320.89,31.57],[-328.68,31.87],[-328.9,23.87],[-321.22,23.62],[-320.89,31.57]]]}},{"type":"Feature","properties":{"id":1198,"base_y":14.19,"height":8.19,"tipo":"edificio","plantas":2,"medianeras":[0,1,3]},"geometry":{"type":"Polygon","coordinates":[[[142.55,200.68],[132.33,201.17],[132.16,195.12],[142.28,194.62],[142.55,200.68]]]}},{"type":"Feature","properties":{"id":1199,"base_y":16.74,"height":3.94,"tipo":"edificio","plantas":1,"medianeras":[0,5]},"geometry":{"type":"Polygon","coordinates":[[[-203.72,91.24],[-204.24,76.57],[-200.91,76.57],[-200.54,85.95],[-198.06,85.68],[-197.93,91.04],[-203.72,91.24]]]}},{"type":"Feature","properties":{"id":1200,"base_y":15.37,"height":4.72,"tipo":"edificio","plantas":1,"medianeras":[0,1,3]},"geometry":{"type":"Polygon","coordinates":[[[-224.53,167.25],[-234.85,167.65],[-235.09,161.71],[-224.73,161.33],[-224.53,167.25]]]}},{"type":"Feature","properties":{"id":1201,"base_y":12.46,"height":5.45,"tipo":"edificio","plantas":1,"medianeras":[3]},"geometry":{"type":"Polygon","coordinates":[[[373.88,248.8],[362.97,244.5],[364.85,239.69],[376.1,244.19],[373.88,248.8]]]}},{"type":"Feature","properties":{"id":1202,"base_y":9.75,"height":9.71,"tipo":"edificio","plantas":2,"medianeras":[0,1,8]},"geometry":{"type":"Polygon","coordinates":[[[-437.83,39.41],[-438.0,33.48],[-441.0,33.6],[-441.11,29.66],[-438.11,29.54],[-438.1,30.04],[-436.8,29.99],[-436.85,27.99],[-433.59,27.87],[-433.27,39.23],[-437.83,39.41]]]}},{"type":"Feature","properties":{"id":1203,"base_y":12.08,"height":8.29,"tipo":"edificio","plantas":2,"medianeras":[0,1,2]},"geometry":{"type":"Polygon","coordinates":[[[-407.87,38.25],[-408.04,32.32],[-411.04,32.43],[-411.15,28.5],[-408.15,28.38],[-408.14,28.88],[-406.84,28.83],[-406.9,26.83],[-403.63,26.7],[-403.31,38.07],[-407.87,38.25]]]}},{"type":"Feature","properties":{"id":1204,"base_y":13.68,"height":3.08,"tipo":"edificio","plantas":1,"medianeras":[]},"geometry":{"type":"Polygon","coordinates":[[[-717.34,-493.7],[-723.78,-484.82],[-728.28,-488.08],[-721.84,-496.97],[-717.34,-493.7]]]}},{"type":"Feature","properties":{"id":1205,"base_y":14.49,"height":7.58,"tipo":"cobertizo","plantas":1,"medianeras":[0,1,2]},"geometry":{"type":"Polygon","coordinates":[[[-111.59,204.99],[-111.36,211.34],[-120.94,211.81],[-121.15,205.43],[-111.59,204.99]]]}},{"type":"Feature","properties":{"id":1206,"base_y":13.97,"height":3.74,"tipo":"edificio","plantas":1,"medianeras":[2,3]},"geometry":{"type":"Polygon","coordinates":[[[211.25,200.38],[210.03,211.85],[204.79,211.33],[206.09,199.63],[211.25,200.38]]]}},{"type":"Feature","properties":{"id":1207,"base_y":9.03,"height":8.39,"tipo":"edificio","plantas":2,"medianeras":[0,2,9]},"geometry":{"type":"Polygon","coordinates":[[[-437.46,52.57],[-437.63,46.65],[-433.08,46.49],[-432.75,57.85],[-436.01,57.97],[-436.06,55.97],[-437.36,56.01],[-437.35,56.51],[-440.35,56.62],[-440.46,52.68],[-437.46,52.57]]]}},{"type":"Feature","properties":{"id":1208,"base_y":15.4,"height":11.44,"tipo":"edificio","plantas":2,"medianeras":[0,4,7,8]},"geometry":{"type":"Polygon","coordinates":[[[25.07,129.01],[25.18,131.36],[26.67,131.29],[26.77,133.51],[29.85,133.38],[30.06,138.16],[25.79,138.35],[25.84,139.5],[22.2,139.67],[21.72,129.16],[25.07,129.01]]]}},{"type":"Feature","properties":{"id":1209,"base_y":15.52,"height":4.73,"tipo":"edificio","plantas":1,"medianeras":[1,2]},"geometry":{"type":"Polygon","coordinates":[[[-46.08,90.8],[-58.04,91.15],[-58.22,86.12],[-46.28,85.68],[-46.08,90.8]]]}},{"type":"Feature","properties":{"id":1210,"base_y":14.93,"height":3.52,"tipo":"edificio","plantas":1,"medianeras":[1,3]},"geometry":{"type":"Polygon","coordinates":[[[308.85,66.44],[320.96,65.99],[321.15,70.98],[309.04,71.44],[308.85,66.44]]]}},{"type":"Feature","properties":{"id":1211,"base_y":16.49,"height":3.31,"tipo":"edificio","plantas":1,"medianeras":[6,7,8]},"geometry":{"type":"Polygon","coordinates":[[[-239.16,83.53],[-239.04,87.94],[-237.44,87.72],[-237.32,91.41],[-234.99,91.34],[-235.14,87.8],[-228.61,87.37],[-228.4,92.18],[-241.03,92.68],[-241.29,83.58],[-239.16,83.53]]]}},{"type":"Feature","properties":{"id":1212,"base_y":12.53,"height":8.09,"tipo":"edificio","plantas":2,"medianeras":[4,5,6,7,8,9]},"geometry":{"type":"Polygon","coordinates":[[[-261.55,196.44],[-261.59,195.44],[-264.26,195.54],[-264.22,196.54],[-267.71,196.68],[-266.91,192.25],[-260.44,191.99],[-260.55,189.39],[-255.9,189.21],[-255.62,196.19],[-261.55,196.44]]]}},{"type":"Feature","properties":{"id":1213,"base_y":13.42,"height":5.38,"tipo":"edificio","plantas":1,"medianeras":[]},"geometry":{"type":"Polygon","coordinates":[[[384.16,186.19],[384.35,195.03],[377.55,195.17],[377.36,186.26],[384.16,186.19]]]}},{"type":"Feature","properties":{"id":1214,"base_y":12.04,"height":8.73,"tipo":"edificio","plantas":2,"medianeras":[4,5,6,8]},"geometry":{"type":"Polygon","coordinates":[[[-415.48,27.16],[-415.43,29.16],[-414.13,29.11],[-414.14,28.61],[-411.15,28.5],[-411.04,32.43],[-414.04,32.55],[-413.87,38.48],[-418.36,38.65],[-418.68,27.29],[-415.48,27.16]]]}},{"type":"Feature","properties":{"id":1215,"base_y":10.97,"height":9.15,"tipo":"edificio","plantas":2,"medianeras":[4,6,7,8]},"geometry":{"type":"Polygon","coordinates":[[[-423.12,28.96],[-423.11,29.46],[-421.81,29.41],[-421.86,27.41],[-418.68,27.29],[-418.36,38.65],[-422.84,38.83],[-423.01,32.9],[-426.01,33.01],[-426.12,29.08],[-423.12,28.96]]]}},{"type":"Feature","properties":{"id":1216,"base_y":14.71,"height":3.82,"tipo":"edificio","plantas":1,"medianeras":[2]},"geometry":{"type":"Polygon","coordinates":[[[344.95,65.08],[345.13,70.08],[333.14,70.53],[332.96,65.53],[344.95,65.08]]]}},{"type":"Feature","properties":{"id":1217,"base_y":14.67,"height":4.1,"tipo":"edificio","plantas":1,"medianeras":[0,2]},"geometry":{"type":"Polygon","coordinates":[[[332.96,65.53],[333.14,70.53],[321.15,70.98],[320.96,65.99],[332.96,65.53]]]}},{"type":"Feature","properties":{"id":1218,"base_y":13.07,"height":6.97,"tipo":"edificio","plantas":1,"medianeras":[1,2,3]},"geometry":{"type":"Polygon","coordinates":[[[-256.14,183.34],[-256.42,176.19],[-248.03,175.94],[-247.75,183.05],[-256.14,183.34]]]}},{"type":"Feature","properties":{"id":1219,"base_y":15.78,"height":4.1,"tipo":"edificio","plantas":1,"medianeras":[0,1,2]},"geometry":{"type":"Polygon","coordinates":[[[-24.69,89.52],[-24.9,84.31],[-13.4,83.87],[-13.19,89.08],[-24.69,89.52]]]}},{"type":"Feature","properties":{"id":1220,"base_y":13.06,"height":7.85,"tipo":"edificio","plantas":1,"medianeras":[2,3,5,6,7]},"geometry":{"type":"Polygon","coordinates":[[[358.99,156.84],[359.1,159.65],[360.57,159.59],[360.61,160.57],[366.97,160.31],[367.05,162.9],[361.65,163.08],[361.79,167.54],[360.9,167.57],[360.78,163.93],[359.44,163.97],[359.49,165.4],[355.46,165.53],[355.18,157.0],[358.99,156.84]]]}},{"type":"Feature","properties":{"id":1221,"base_y":15.41,"height":7.75,"tipo":"edificio","plantas":2,"medianeras":[0,1,3]},"geometry":{"type":"Polygon","coordinates":[[[232.16,51.25],[223.49,51.5],[223.24,44.68],[231.91,44.32],[232.16,51.25]]]}},{"type":"Feature","properties":{"id":1222,"base_y":15.03,"height":7.84,"tipo":"edificio","plantas":1,"medianeras":[1,3]},"geometry":{"type":"Polygon","coordinates":[[[88.07,-14.83],[95.09,-15.07],[95.47,-6.55],[88.51,-6.31],[88.07,-14.83]]]}},{"type":"Feature","properties":{"id":1223,"base_y":11.29,"height":4.74,"tipo":"edificio","plantas":1,"medianeras":[5,6]},"geometry":{"type":"Polygon","coordinates":[[[-342.75,78.96],[-342.63,81.22],[-343.17,81.19],[-342.85,87.15],[-340.45,86.98],[-339.96,96.41],[-344.4,96.56],[-345.37,79.08],[-342.75,78.96]]]}},{"type":"Feature","properties":{"id":1224,"base_y":9.77,"height":10.26,"tipo":"edificio","plantas":2,"medianeras":[0,2,8,9]},"geometry":{"type":"Polygon","coordinates":[[[-429.01,33.13],[-428.84,39.06],[-433.27,39.23],[-433.59,27.87],[-430.46,27.7],[-430.4,29.74],[-429.1,29.69],[-429.12,29.19],[-426.12,29.08],[-426.01,33.01],[-429.01,33.13]]]}},{"type":"Feature","properties":{"id":1225,"base_y":15.51,"height":3.46,"tipo":"edificio","plantas":1,"medianeras":[0,1,2]},"geometry":{"type":"Polygon","coordinates":[[[220.91,69.35],[221.1,74.38],[209.28,74.82],[209.08,69.77],[220.91,69.35]]]}},{"type":"Feature","properties":{"id":1226,"base_y":15.27,"height":3.77,"tipo":"edificio","plantas":1,"medianeras":[1,2,3]},"geometry":{"type":"Polygon","coordinates":[[[297.14,66.72],[308.85,66.44],[309.04,71.44],[297.33,71.77],[297.14,66.72]]]}},{"type":"Feature","properties":{"id":1227,"base_y":15.58,"height":3.81,"tipo":"edificio","plantas":1,"medianeras":[0,1]},"geometry":{"type":"Polygon","coordinates":[[[-25.14,79.01],[-24.9,84.31],[-36.03,84.81],[-36.26,79.52],[-25.14,79.01]]]}},{"type":"Feature","properties":{"id":1228,"base_y":12.94,"height":4.05,"tipo":"edificio","plantas":1,"medianeras":[]},"geometry":{"type":"Polygon","coordinates":[[[341.08,218.54],[340.95,211.16],[347.82,211.02],[348.16,220.62],[341.08,218.54]]]}},{"type":"Feature","properties":{"id":1229,"base_y":14.74,"height":7.36,"tipo":"edificio","plantas":2,"medianeras":[0,1,2,3]},"geometry":{"type":"Polygon","coordinates":[[[329.41,-17.92],[321.66,-17.66],[321.41,-25.23],[329.16,-25.49],[329.41,-17.92]]]}},{"type":"Feature","properties":{"id":1230,"base_y":14.71,"height":7.39,"tipo":"edificio","plantas":2,"medianeras":[0,1,2,3]},"geometry":{"type":"Polygon","coordinates":[[[352.65,-18.69],[344.9,-18.43],[344.65,-26.0],[352.4,-26.26],[352.65,-18.69]]]}},{"type":"Feature","properties":{"id":1231,"base_y":14.69,"height":7.36,"tipo":"edificio","plantas":2,"medianeras":[0,1,2,3]},"geometry":{"type":"Polygon","coordinates":[[[344.9,-18.43],[337.16,-18.17],[336.9,-25.75],[344.65,-26.0],[344.9,-18.43]]]}},{"type":"Feature","properties":{"id":1232,"base_y":14.56,"height":7.53,"tipo":"edificio","plantas":2,"medianeras":[0,1,3]},"geometry":{"type":"Polygon","coordinates":[[[360.39,-18.94],[352.65,-18.69],[352.4,-26.26],[360.14,-26.52],[360.39,-18.94]]]}},{"type":"Feature","properties":{"id":1233,"base_y":14.6,"height":7.48,"tipo":"edificio","plantas":2,"medianeras":[0,1,2,3]},"geometry":{"type":"Polygon","coordinates":[[[367.89,-26.78],[368.14,-19.2],[360.39,-18.94],[360.14,-26.52],[367.89,-26.78]]]}},{"type":"Feature","properties":{"id":1234,"base_y":14.72,"height":7.35,"tipo":"edificio","plantas":2,"medianeras":[0,1,2,3]},"geometry":{"type":"Polygon","coordinates":[[[336.9,-25.75],[337.16,-18.17],[329.41,-17.92],[329.16,-25.49],[336.9,-25.75]]]}},{"type":"Feature","properties":{"id":1235,"base_y":14.51,"height":7.58,"tipo":"edificio","plantas":2,"medianeras":[0,1,2,3]},"geometry":{"type":"Polygon","coordinates":[[[375.63,-27.03],[375.89,-19.46],[368.14,-19.2],[367.89,-26.78],[375.63,-27.03]]]}},{"type":"Feature","properties":{"id":1236,"base_y":14.82,"height":7.33,"tipo":"edificio","plantas":2,"medianeras":[0,1,3]},"geometry":{"type":"Polygon","coordinates":[[[313.92,-17.4],[306.17,-17.15],[305.92,-24.72],[313.66,-24.98],[313.92,-17.4]]]}},{"type":"Feature","properties":{"id":1237,"base_y":14.79,"height":7.29,"tipo":"edificio","plantas":2,"medianeras":[0,1,2,3]},"geometry":{"type":"Polygon","coordinates":[[[321.66,-17.66],[313.92,-17.4],[313.66,-24.98],[321.41,-25.23],[321.66,-17.66]]]}},{"type":"Feature","properties":{"id":1238,"base_y":14.41,"height":7.62,"tipo":"edificio","plantas":2,"medianeras":[1,2]},"geometry":{"type":"Polygon","coordinates":[[[383.38,-27.29],[383.63,-19.71],[375.89,-19.46],[375.63,-27.03],[383.38,-27.29]]]}},{"type":"Feature","properties":{"id":1239,"base_y":14.86,"height":7.27,"tipo":"edificio","plantas":2,"medianeras":[0,1,2,3]},"geometry":{"type":"Polygon","coordinates":[[[290.68,-16.63],[282.93,-16.38],[282.68,-23.95],[290.43,-24.21],[290.68,-16.63]]]}},{"type":"Feature","properties":{"id":1240,"base_y":14.86,"height":7.29,"tipo":"edificio","plantas":2,"medianeras":[0,1,2,3]},"geometry":{"type":"Polygon","coordinates":[[[298.42,-16.89],[290.68,-16.63],[290.43,-24.21],[298.17,-24.45],[298.42,-16.89]]]}},{"type":"Feature","properties":{"id":1241,"base_y":14.82,"height":7.35,"tipo":"edificio","plantas":2,"medianeras":[0,1,2,3]},"geometry":{"type":"Polygon","coordinates":[[[306.17,-17.15],[298.42,-16.89],[298.17,-24.45],[305.92,-24.72],[306.17,-17.15]]]}},{"type":"Feature","properties":{"id":1242,"base_y":14.14,"height":7.99,"tipo":"edificio","plantas":2,"medianeras":[0,2,3]},"geometry":{"type":"Polygon","coordinates":[[[-187.99,227.76],[-187.59,237.24],[-193.78,237.43],[-194.2,228.02],[-187.99,227.76]]]}},{"type":"Feature","properties":{"id":1243,"base_y":15.45,"height":4.56,"tipo":"edificio","plantas":1,"medianeras":[1,3]},"geometry":{"type":"Polygon","coordinates":[[[-3.41,26.9],[-3.78,18.04],[2.86,17.74],[3.11,26.65],[-3.41,26.9]]]}},{"type":"Feature","properties":{"id":1244,"base_y":14.87,"height":5.68,"tipo":"edificio","plantas":1,"medianeras":[0,2]},"geometry":{"type":"Polygon","coordinates":[[[-40.26,222.31],[-50.69,222.82],[-50.93,217.11],[-40.52,216.82],[-40.26,222.31]]]}},{"type":"Feature","properties":{"id":1245,"base_y":14.86,"height":7.74,"tipo":"edificio","plantas":1,"medianeras":[1]},"geometry":{"type":"Polygon","coordinates":[[[-42.39,170.73],[-42.11,176.93],[-51.48,177.37],[-51.78,171.18],[-42.39,170.73]]]}},{"type":"Feature","properties":{"id":1246,"base_y":15.42,"height":7.91,"tipo":"edificio","plantas":2,"medianeras":[0,1,7]},"geometry":{"type":"Polygon","coordinates":[[[95.38,-8.45],[95.09,-15.07],[93.67,-15.03],[93.5,-19.35],[96.06,-19.48],[96.19,-17.13],[100.67,-17.33],[101.1,-8.68],[95.38,-8.45]]]}},{"type":"Feature","properties":{"id":1247,"base_y":14.73,"height":7.42,"tipo":"edificio","plantas":2,"medianeras":[0,1,3]},"geometry":{"type":"Polygon","coordinates":[[[329.99,1.15],[337.74,0.89],[337.99,8.38],[330.25,8.63],[329.99,1.15]]]}},{"type":"Feature","properties":{"id":1248,"base_y":16.65,"height":4.35,"tipo":"edificio","plantas":1,"medianeras":[2,3]},"geometry":{"type":"Polygon","coordinates":[[[-262.96,26.87],[-262.47,38.37],[-267.54,38.65],[-267.95,27.12],[-262.96,26.87]]]}},{"type":"Feature","properties":{"id":1249,"base_y":14.82,"height":7.57,"tipo":"edificio","plantas":2,"medianeras":[0,1,3]},"geometry":{"type":"Polygon","coordinates":[[[354.07,25.19],[346.32,25.5],[346.07,18.02],[353.82,17.73],[354.07,25.19]]]}},{"type":"Feature","properties":{"id":1250,"base_y":14.88,"height":7.57,"tipo":"edificio","plantas":2,"medianeras":[1,3]},"geometry":{"type":"Polygon","coordinates":[[[338.33,18.3],[346.07,18.02],[346.32,25.5],[338.58,25.74],[338.33,18.3]]]}},{"type":"Feature","properties":{"id":1251,"base_y":14.71,"height":7.41,"tipo":"edificio","plantas":2,"medianeras":[1,3]},"geometry":{"type":"Polygon","coordinates":[[[345.74,8.04],[337.99,8.38],[337.74,0.89],[345.49,0.59],[345.74,8.04]]]}},{"type":"Feature","properties":{"id":1252,"base_y":14.64,"height":7.48,"tipo":"edificio","plantas":2,"medianeras":[1,2,3]},"geometry":{"type":"Polygon","coordinates":[[[353.48,7.78],[345.74,8.04],[345.49,0.59],[353.23,0.38],[353.48,7.78]]]}},{"type":"Feature","properties":{"id":1253,"base_y":15.13,"height":7.3,"tipo":"edificio","plantas":2,"medianeras":[0,1,3]},"geometry":{"type":"Polygon","coordinates":[[[338.58,25.74],[330.83,26.01],[330.58,18.6],[338.33,18.3],[338.58,25.74]]]}},{"type":"Feature","properties":{"id":1254,"base_y":14.73,"height":5.93,"tipo":"edificio","plantas":1,"medianeras":[3]},"geometry":{"type":"Polygon","coordinates":[[[-279.84,94.12],[-280.26,81.61],[-275.66,81.45],[-275.25,93.95],[-279.84,94.12]]]}},{"type":"Feature","properties":{"id":1255,"base_y":11.81,"height":6.17,"tipo":"edificio","plantas":1,"medianeras":[0,1,3]},"geometry":{"type":"Polygon","coordinates":[[[-383.24,40.66],[-383.05,46.82],[-392.38,47.08],[-392.59,40.94],[-383.24,40.66]]]}},{"type":"Feature","properties":{"id":1256,"base_y":14.88,"height":4.47,"tipo":"edificio","plantas":1,"medianeras":[0,4,5]},"geometry":{"type":"Polygon","coordinates":[[[327.66,145.94],[328.01,154.29],[326.06,154.3],[326.12,151.95],[319.05,152.33],[318.79,146.32],[327.66,145.94]]]}},{"type":"Feature","properties":{"id":1257,"base_y":14.78,"height":7.61,"tipo":"edificio","plantas":2,"medianeras":[0,2]},"geometry":{"type":"Polygon","coordinates":[[[361.45,17.51],[361.78,24.96],[354.07,25.19],[353.82,17.73],[361.45,17.51]]]}},{"type":"Feature","properties":{"id":1258,"base_y":14.07,"height":8.34,"tipo":"edificio","plantas":2,"medianeras":[0,2]},"geometry":{"type":"Polygon","coordinates":[[[190.48,170.57],[190.85,181.08],[185.41,181.24],[185.04,170.79],[190.48,170.57]]]}},{"type":"Feature","properties":{"id":1259,"base_y":15.59,"height":7.59,"tipo":"edificio","plantas":2,"medianeras":[0,2]},"geometry":{"type":"Polygon","coordinates":[[[189.63,34.06],[189.19,21.02],[193.55,20.89],[194.03,33.88],[189.63,34.06]]]}},{"type":"Feature","properties":{"id":1260,"base_y":15.04,"height":7.74,"tipo":"edificio","plantas":2,"medianeras":[2,4]},"geometry":{"type":"Polygon","coordinates":[[[-300.24,53.19],[-300.3,51.89],[-303.9,52.01],[-304.22,45.13],[-296.64,44.84],[-296.4,53.06],[-300.24,53.19]]]}},{"type":"Feature","properties":{"id":1261,"base_y":14.72,"height":6.74,"tipo":"edificio","plantas":2,"medianeras":[0,1,5]},"geometry":{"type":"Polygon","coordinates":[[[274.3,121.17],[274.48,126.17],[264.63,126.52],[264.58,125.19],[262.62,125.26],[262.31,121.6],[274.3,121.17]]]}},{"type":"Feature","properties":{"id":1262,"base_y":15.39,"height":7.77,"tipo":"edificio","plantas":2,"medianeras":[0,2]},"geometry":{"type":"Polygon","coordinates":[[[240.07,44.01],[240.3,50.98],[232.16,51.25],[231.91,44.32],[240.07,44.01]]]}},{"type":"Feature","properties":{"id":1263,"base_y":15.2,"height":7.96,"tipo":"edificio","plantas":2,"medianeras":[0,1]},"geometry":{"type":"Polygon","coordinates":[[[124.2,29.83],[132.73,29.52],[132.93,35.38],[130.94,35.46],[130.97,36.46],[124.45,36.73],[124.2,29.83]]]}},{"type":"Feature","properties":{"id":1264,"base_y":16.48,"height":3.79,"tipo":"edificio","plantas":1,"medianeras":[1,2,3]},"geometry":{"type":"Polygon","coordinates":[[[-228.24,96.54],[-240.84,97.22],[-241.03,92.68],[-228.4,92.18],[-228.24,96.54]]]}},{"type":"Feature","properties":{"id":1265,"base_y":16.82,"height":3.58,"tipo":"edificio","plantas":1,"medianeras":[]},"geometry":{"type":"Polygon","coordinates":[[[87.35,-94.31],[87.12,-99.9],[97.19,-100.31],[97.41,-94.72],[87.35,-94.31]]]}},{"type":"Feature","properties":{"id":1266,"base_y":15.87,"height":6.65,"tipo":"edificio","plantas":2,"medianeras":[0,1,3]},"geometry":{"type":"Polygon","coordinates":[[[-53.28,34.81],[-53.8,23.53],[-48.75,23.29],[-48.36,34.59],[-53.28,34.81]]]}},{"type":"Feature","properties":{"id":1267,"base_y":15.51,"height":7.67,"tipo":"edificio","plantas":2,"medianeras":[0,1,3]},"geometry":{"type":"Polygon","coordinates":[[[296.45,48.48],[287.91,48.8],[287.67,42.23],[296.2,41.9],[296.45,48.48]]]}},{"type":"Feature","properties":{"id":1268,"base_y":15.39,"height":7.84,"tipo":"edificio","plantas":2,"medianeras":[0,1,3]},"geometry":{"type":"Polygon","coordinates":[[[280.61,49.15],[272.19,49.44],[271.94,42.82],[280.36,42.5],[280.61,49.15]]]}},{"type":"Feature","properties":{"id":1269,"base_y":15.52,"height":7.36,"tipo":"edificio","plantas":1,"medianeras":[1,2,4]},"geometry":{"type":"Polygon","coordinates":[[[191.78,59.64],[191.57,52.67],[192.97,52.64],[192.67,45.89],[196.03,45.75],[196.61,59.42],[191.78,59.64]]]}},{"type":"Feature","properties":{"id":1270,"base_y":14.02,"height":6.1,"tipo":"edificio","plantas":1,"medianeras":[0,1,2,3,8,9]},"geometry":{"type":"Polygon","coordinates":[[[360.68,89.9],[360.81,93.5],[365.41,93.33],[365.27,89.73],[369.87,89.55],[370.08,95.15],[363.28,95.41],[363.32,96.41],[358.12,96.6],[357.88,90.01],[360.68,89.9]]]}},{"type":"Feature","properties":{"id":1271,"base_y":15.0,"height":4.25,"tipo":"edificio","plantas":1,"medianeras":[3]},"geometry":{"type":"Polygon","coordinates":[[[-131.81,169.46],[-131.46,181.31],[-136.13,181.42],[-136.57,169.67],[-131.81,169.46]]]}},{"type":"Feature","properties":{"id":1272,"base_y":14.68,"height":5.47,"tipo":"edificio","plantas":2,"medianeras":[1,3]},"geometry":{"type":"Polygon","coordinates":[[[-60.96,208.65],[-70.46,209.16],[-70.53,203.24],[-61.15,202.81],[-60.96,208.65]]]}},{"type":"Feature","properties":{"id":1273,"base_y":14.39,"height":3.53,"tipo":"edificio","plantas":1,"medianeras":[1,2]},"geometry":{"type":"Polygon","coordinates":[[[342.64,208.93],[342.24,198.07],[347.35,197.96],[347.74,208.78],[342.64,208.93]]]}},{"type":"Feature","properties":{"id":1274,"base_y":15.32,"height":7.83,"tipo":"edificio","plantas":2,"medianeras":[0,1,2]},"geometry":{"type":"Polygon","coordinates":[[[132.97,36.38],[132.73,29.52],[140.76,29.13],[141.05,36.05],[132.97,36.38]]]}},{"type":"Feature","properties":{"id":1275,"base_y":15.55,"height":7.62,"tipo":"edificio","plantas":2,"medianeras":[0,1,2]},"geometry":{"type":"Polygon","coordinates":[[[216.03,44.98],[216.26,52.05],[208.38,52.22],[208.1,45.32],[216.03,44.98]]]}},{"type":"Feature","properties":{"id":1276,"base_y":15.52,"height":7.55,"tipo":"edificio","plantas":2,"medianeras":[1,3]},"geometry":{"type":"Polygon","coordinates":[[[192.97,52.64],[184.74,52.97],[184.47,46.25],[192.67,45.89],[192.97,52.64]]]}},{"type":"Feature","properties":{"id":1277,"base_y":14.62,"height":7.51,"tipo":"edificio","plantas":2,"medianeras":[3]},"geometry":{"type":"Polygon","coordinates":[[[353.23,0.38],[360.69,0.16],[360.96,7.52],[353.48,7.78],[353.23,0.38]]]}},{"type":"Feature","properties":{"id":1278,"base_y":15.61,"height":3.67,"tipo":"edificio","plantas":1,"medianeras":[3,4]},"geometry":{"type":"Polygon","coordinates":[[[-6.37,71.41],[-6.57,63.41],[-9.72,63.53],[-9.88,59.97],[-2.99,59.68],[-2.55,71.34],[-6.37,71.41]]]}},{"type":"Feature","properties":{"id":1279,"base_y":14.48,"height":5.66,"tipo":"edificio","plantas":2,"medianeras":[3]},"geometry":{"type":"Polygon","coordinates":[[[-116.61,211.6],[-116.17,224.19],[-120.51,224.48],[-120.94,211.81],[-116.61,211.6]]]}},{"type":"Feature","properties":{"id":1280,"base_y":12.62,"height":5.79,"tipo":"edificio","plantas":1,"medianeras":[0,1,2,3,4,5,6]},"geometry":{"type":"Polygon","coordinates":[[[-265.88,186.53],[-260.42,186.31],[-260.49,184.65],[-256.09,184.47],[-255.9,189.21],[-260.55,189.39],[-260.44,191.99],[-266.91,192.25],[-265.88,186.53]]]}},{"type":"Feature","properties":{"id":1281,"base_y":15.48,"height":7.68,"tipo":"edificio","plantas":2,"medianeras":[0,1]},"geometry":{"type":"Polygon","coordinates":[[[222.75,26.12],[231.02,25.78],[231.35,32.38],[223.14,32.71],[222.75,26.12]]]}},{"type":"Feature","properties":{"id":1282,"base_y":14.25,"height":7.55,"tipo":"edificio","plantas":2,"medianeras":[0,2,3,4]},"geometry":{"type":"Polygon","coordinates":[[[346.04,94.66],[345.67,84.69],[354.6,84.36],[354.74,88.22],[349.05,88.43],[349.27,94.54],[346.04,94.66]]]}},{"type":"Feature","properties":{"id":1283,"base_y":14.83,"height":7.26,"tipo":"edificio","plantas":2,"medianeras":[0,3,4,5,6,8,9]},"geometry":{"type":"Polygon","coordinates":[[[302.95,5.01],[303.05,8.11],[298.92,8.27],[298.83,5.3],[298.01,5.33],[297.94,3.04],[298.76,3.01],[298.66,-0.22],[305.97,-0.5],[306.14,4.88],[302.95,5.01]]]}},{"type":"Feature","properties":{"id":1284,"base_y":15.57,"height":7.19,"tipo":"edificio","plantas":2,"medianeras":[1,3]},"geometry":{"type":"Polygon","coordinates":[[[41.94,32.76],[49.31,32.45],[49.51,39.75],[42.28,40.06],[41.94,32.76]]]}},{"type":"Feature","properties":{"id":1285,"base_y":15.55,"height":7.59,"tipo":"edificio","plantas":2,"medianeras":[1,2,3]},"geometry":{"type":"Polygon","coordinates":[[[208.84,31.23],[206.33,31.33],[206.14,26.6],[214.65,26.26],[215.0,33.04],[208.92,33.28],[208.84,31.23]]]}},{"type":"Feature","properties":{"id":1286,"base_y":15.57,"height":7.59,"tipo":"edificio","plantas":2,"medianeras":[0,1,5]},"geometry":{"type":"Polygon","coordinates":[[[197.88,26.94],[206.14,26.6],[206.36,32.23],[203.77,32.34],[203.79,33.48],[198.19,33.71],[197.88,26.94]]]}},{"type":"Feature","properties":{"id":1287,"base_y":14.26,"height":6.73,"tipo":"edificio","plantas":1,"medianeras":[3,4,5,6,7,8,9,12]},"geometry":{"type":"Polygon","coordinates":[[[-164.96,215.42],[-164.18,215.38],[-164.46,209.39],[-160.28,209.2],[-160.22,210.39],[-162.82,210.51],[-162.55,216.51],[-159.95,216.39],[-159.86,218.39],[-154.67,218.15],[-154.64,218.75],[-157.64,218.89],[-157.5,221.83],[-164.75,222.09],[-164.96,215.42]]]}},{"type":"Feature","properties":{"id":1288,"base_y":14.42,"height":5.46,"tipo":"edificio","plantas":1,"medianeras":[0,2,3]},"geometry":{"type":"Polygon","coordinates":[[[-0.47,169.23],[5.74,168.94],[6.16,177.48],[-0.03,177.66],[-0.47,169.23]]]}},{"type":"Feature","properties":{"id":1289,"base_y":15.47,"height":7.7,"tipo":"edificio","plantas":2,"medianeras":[0,1,3]},"geometry":{"type":"Polygon","coordinates":[[[310.73,22.67],[318.7,22.42],[318.91,28.94],[310.94,29.33],[310.73,22.67]]]}},{"type":"Feature","properties":{"id":1290,"base_y":14.95,"height":9.52,"tipo":"edificio","plantas":1,"medianeras":[1,2]},"geometry":{"type":"Polygon","coordinates":[[[-73.49,178.66],[-57.84,177.99],[-57.71,181.31],[-73.37,182.0],[-73.49,178.66]]]}},{"type":"Feature","properties":{"id":1291,"base_y":14.17,"height":6.6,"tipo":"edificio","plantas":1,"medianeras":[0,1,2,3,5,6,7,9]},"geometry":{"type":"Polygon","coordinates":[[[357.98,92.66],[354.48,92.79],[354.45,92.12],[352.16,92.2],[352.25,94.43],[349.27,94.54],[349.05,88.43],[354.74,88.22],[354.65,85.34],[357.7,85.22],[357.98,92.66]]]}},{"type":"Feature","properties":{"id":1292,"base_y":15.35,"height":7.81,"tipo":"edificio","plantas":2,"medianeras":[0,1,3]},"geometry":{"type":"Polygon","coordinates":[[[318.7,22.42],[326.74,22.16],[326.94,28.5],[318.91,28.94],[318.7,22.42]]]}},{"type":"Feature","properties":{"id":1293,"base_y":16.66,"height":6.74,"tipo":"edificio","plantas":2,"medianeras":[0,1]},"geometry":{"type":"Polygon","coordinates":[[[-254.93,8.9],[-255.12,-0.19],[-249.55,-0.46],[-249.22,8.62],[-254.93,8.9]]]}},{"type":"Feature","properties":{"id":1294,"base_y":15.68,"height":4.98,"tipo":"edificio","plantas":1,"medianeras":[0,1,3]},"geometry":{"type":"Polygon","coordinates":[[[-208.4,166.62],[-219.33,167.05],[-219.53,162.39],[-208.61,161.94],[-208.4,166.62]]]}},{"type":"Feature","properties":{"id":1295,"base_y":13.65,"height":7.91,"tipo":"edificio","plantas":1,"medianeras":[0]},"geometry":{"type":"Polygon","coordinates":[[[276.16,212.0],[274.7,216.78],[264.97,213.91],[266.41,209.12],[276.16,212.0]]]}},{"type":"Feature","properties":{"id":1296,"base_y":15.39,"height":4.67,"tipo":"edificio","plantas":1,"medianeras":[1,2,3]},"geometry":{"type":"Polygon","coordinates":[[[-85.34,157.14],[-75.21,156.75],[-75.03,161.74],[-85.16,162.14],[-85.34,157.14]]]}},{"type":"Feature","properties":{"id":1297,"base_y":14.4,"height":8.07,"tipo":"edificio","plantas":2,"medianeras":[0,1,2,3]},"geometry":{"type":"Polygon","coordinates":[[[3.73,158.39],[4.24,169.01],[-0.47,169.23],[-1.03,158.56],[3.73,158.39]]]}},{"type":"Feature","properties":{"id":1298,"base_y":15.96,"height":2.75,"tipo":"edificio","plantas":1,"medianeras":[2,4]},"geometry":{"type":"Polygon","coordinates":[[[-83.18,18.05],[-82.93,23.01],[-84.91,23.13],[-85.28,14.68],[-73.15,14.31],[-73.04,17.55],[-83.18,18.05]]]}},{"type":"Feature","properties":{"id":1299,"base_y":14.07,"height":6.92,"tipo":"edificio","plantas":2,"medianeras":[1,3]},"geometry":{"type":"Polygon","coordinates":[[[183.39,198.77],[175.48,199.09],[175.25,193.03],[183.85,192.62],[183.39,198.77]]]}},{"type":"Feature","properties":{"id":1300,"base_y":15.5,"height":7.64,"tipo":"edificio","plantas":2,"medianeras":[0,1,3]},"geometry":{"type":"Polygon","coordinates":[[[304.12,48.14],[296.45,48.48],[296.2,41.9],[303.86,41.61],[304.12,48.14]]]}},{"type":"Feature","properties":{"id":1301,"base_y":14.68,"height":8.96,"tipo":"edificio","plantas":1,"medianeras":[0,2,3,4,5]},"geometry":{"type":"Polygon","coordinates":[[[282.79,-20.77],[282.94,-15.95],[275.0,-15.73],[274.89,-17.97],[270.01,-17.77],[269.92,-20.26],[282.79,-20.77]]]}},{"type":"Feature","properties":{"id":1302,"base_y":15.62,"height":7.43,"tipo":"edificio","plantas":2,"medianeras":[2]},"geometry":{"type":"Polygon","coordinates":[[[6.18,106.54],[6.46,113.25],[-0.97,113.56],[-1.22,106.76],[6.18,106.54]]]}},{"type":"Feature","properties":{"id":1303,"base_y":15.49,"height":7.68,"tipo":"edificio","plantas":2,"medianeras":[0,4,5]},"geometry":{"type":"Polygon","coordinates":[[[189.4,27.35],[189.63,34.06],[183.6,34.3],[183.55,33.06],[181.8,33.13],[181.6,27.67],[189.4,27.35]]]}},{"type":"Feature","properties":{"id":1304,"base_y":15.7,"height":3.61,"tipo":"edificio","plantas":1,"medianeras":[0,2,3]},"geometry":{"type":"Polygon","coordinates":[[[34.31,102.16],[29.3,102.32],[29.02,92.4],[34.03,92.18],[34.31,102.16]]]}},{"type":"Feature","properties":{"id":1305,"base_y":12.91,"height":3.0,"tipo":"edificio","plantas":1,"medianeras":[]},"geometry":{"type":"Polygon","coordinates":[[[-250.78,210.18],[-238.22,209.68],[-239.44,212.57],[-246.45,212.26],[-249.81,216.99],[-253.53,214.18],[-250.78,210.18]]]}},{"type":"Feature","properties":{"id":1306,"base_y":15.49,"height":7.64,"tipo":"edificio","plantas":2,"medianeras":[0,3]},"geometry":{"type":"Polygon","coordinates":[[[-23.93,107.9],[-16.43,107.57],[-16.16,114.17],[-23.65,114.49],[-23.93,107.9]]]}},{"type":"Feature","properties":{"id":1307,"base_y":15.43,"height":7.7,"tipo":"edificio","plantas":2,"medianeras":[1,2,3]},"geometry":{"type":"Polygon","coordinates":[[[233.75,30.24],[231.25,30.33],[231.02,25.78],[239.28,25.45],[239.54,32.07],[233.85,32.28],[233.75,30.24]]]}},{"type":"Feature","properties":{"id":1308,"base_y":15.6,"height":7.46,"tipo":"edificio","plantas":2,"medianeras":[1,2]},"geometry":{"type":"Polygon","coordinates":[[[-8.17,113.84],[-8.45,106.99],[-1.22,106.76],[-0.97,113.56],[-8.17,113.84]]]}},{"type":"Feature","properties":{"id":1309,"base_y":15.36,"height":6.51,"tipo":"cobertizo","plantas":1,"medianeras":[0,2,3]},"geometry":{"type":"Polygon","coordinates":[[[10.89,-14.05],[10.73,-17.84],[23.65,-18.39],[23.81,-14.59],[10.89,-14.05]]]}},{"type":"Feature","properties":{"id":1310,"base_y":15.45,"height":7.86,"tipo":"edificio","plantas":2,"medianeras":[1,3]},"geometry":{"type":"Polygon","coordinates":[[[35.88,143.08],[36.16,151.94],[30.67,152.12],[30.29,143.33],[35.88,143.08]]]}},{"type":"Feature","properties":{"id":1311,"base_y":15.39,"height":6.08,"tipo":"edificio","plantas":1,"medianeras":[0,1,2]},"geometry":{"type":"Polygon","coordinates":[[[7.89,34.19],[-3.08,34.64],[-3.21,31.66],[4.45,31.37],[4.22,26.6],[7.66,26.46],[7.89,34.19]]]}},{"type":"Feature","properties":{"id":1312,"base_y":15.47,"height":3.7,"tipo":"edificio","plantas":1,"medianeras":[3,5]},"geometry":{"type":"Polygon","coordinates":[[[139.98,10.63],[136.24,10.74],[136.32,13.36],[132.17,13.52],[131.91,6.25],[139.78,5.92],[139.98,10.63]]]}},{"type":"Feature","properties":{"id":1313,"base_y":14.93,"height":4.35,"tipo":"edificio","plantas":1,"medianeras":[0,2,3]},"geometry":{"type":"Polygon","coordinates":[[[318.79,146.32],[319.08,153.01],[312.03,153.32],[311.72,146.63],[318.79,146.32]]]}},{"type":"Feature","properties":{"id":1314,"base_y":15.57,"height":4.19,"tipo":"edificio","plantas":1,"medianeras":[1,2]},"geometry":{"type":"Polygon","coordinates":[[[38.53,92.03],[38.82,102.56],[34.33,102.71],[34.03,92.18],[38.53,92.03]]]}},{"type":"Feature","properties":{"id":1315,"base_y":15.7,"height":7.31,"tipo":"edificio","plantas":2,"medianeras":[0,1,2]},"geometry":{"type":"Polygon","coordinates":[[[4.32,53.17],[4.7,59.36],[-2.99,59.68],[-3.22,53.49],[4.32,53.17]]]}},{"type":"Feature","properties":{"id":1316,"base_y":16.49,"height":4.26,"tipo":"cobertizo","plantas":1,"medianeras":[2]},"geometry":{"type":"Polygon","coordinates":[[[-33.86,-104.93],[-44.09,-104.51],[-44.27,-109.11],[-34.05,-109.52],[-33.86,-104.93]]]}},{"type":"Feature","properties":{"id":1317,"base_y":14.6,"height":6.28,"tipo":"edificio","plantas":2,"medianeras":[0,1,2]},"geometry":{"type":"Polygon","coordinates":[[[-0.53,200.81],[-0.27,205.79],[-9.8,206.03],[-10.03,201.18],[-0.53,200.81]]]}},{"type":"Feature","properties":{"id":1318,"base_y":14.42,"height":5.66,"tipo":"edificio","plantas":1,"medianeras":[0,2]},"geometry":{"type":"Polygon","coordinates":[[[-188.84,207.68],[-188.53,215.16],[-194.76,215.42],[-195.09,207.93],[-188.84,207.68]]]}},{"type":"Feature","properties":{"id":1319,"base_y":15.56,"height":6.65,"tipo":"edificio","plantas":1,"medianeras":[1,2]},"geometry":{"type":"Polygon","coordinates":[[[169.03,19.69],[169.35,28.18],[161.35,28.52],[161.31,24.57],[165.85,24.39],[165.68,19.81],[169.03,19.69]]]}},{"type":"Feature","properties":{"id":1320,"base_y":14.69,"height":3.07,"tipo":"edificio","plantas":1,"medianeras":[]},"geometry":{"type":"Polygon","coordinates":[[[383.46,-41.73],[383.65,-36.13],[375.34,-35.85],[375.16,-41.46],[383.46,-41.73]]]}},{"type":"Feature","properties":{"id":1321,"base_y":15.26,"height":7.17,"tipo":"edificio","plantas":1,"medianeras":[0,1,3,5]},"geometry":{"type":"Polygon","coordinates":[[[79.17,100.35],[77.69,100.4],[77.58,97.5],[82.31,97.33],[82.85,110.12],[79.52,110.26],[79.17,100.35]]]}},{"type":"Feature","properties":{"id":1322,"base_y":14.31,"height":6.77,"tipo":"edificio","plantas":1,"medianeras":[2,3]},"geometry":{"type":"Polygon","coordinates":[[[144.91,172.47],[144.63,166.72],[152.74,166.46],[153.24,172.12],[144.91,172.47]]]}},{"type":"Feature","properties":{"id":1323,"base_y":11.59,"height":7.66,"tipo":"edificio","plantas":1,"medianeras":[]},"geometry":{"type":"Polygon","coordinates":[[[407.82,258.66],[403.38,267.69],[399.35,265.79],[403.53,256.69],[407.82,258.66]]]}},{"type":"Feature","properties":{"id":1324,"base_y":17.57,"height":6.39,"tipo":"edificio","plantas":2,"medianeras":[0,2,5]},"geometry":{"type":"Polygon","coordinates":[[[88.01,-157.77],[94.83,-158.05],[95.15,-150.34],[90.64,-150.15],[90.52,-153.04],[88.21,-152.94],[88.01,-157.77]]]}},{"type":"Feature","properties":{"id":1325,"base_y":14.86,"height":8.07,"tipo":"edificio","plantas":2,"medianeras":[0,1,2]},"geometry":{"type":"Polygon","coordinates":[[[30.65,151.63],[30.91,157.43],[23.04,157.71],[22.77,151.86],[30.65,151.63]]]}},{"type":"Feature","properties":{"id":1326,"base_y":15.4,"height":3.15,"tipo":"cobertizo","plantas":1,"medianeras":[0,1,2,3]},"geometry":{"type":"Polygon","coordinates":[[[235.42,19.84],[235.34,18.21],[230.65,18.44],[230.51,15.61],[242.55,15.12],[242.73,19.61],[235.42,19.84]]]}},{"type":"Feature","properties":{"id":1327,"base_y":15.36,"height":8.43,"tipo":"edificio","plantas":1,"medianeras":[0,4,5,6,7]},"geometry":{"type":"Polygon","coordinates":[[[36.64,-13.54],[37.06,-3.97],[33.08,-3.75],[32.93,-5.82],[31.0,-5.75],[30.84,-9.49],[32.81,-9.56],[32.68,-13.39],[36.64,-13.54]]]}},{"type":"Feature","properties":{"id":1328,"base_y":14.76,"height":5.97,"tipo":"edificio","plantas":1,"medianeras":[3,4,5]},"geometry":{"type":"Polygon","coordinates":[[[328.89,-33.49],[331.22,-33.56],[331.32,-30.56],[336.74,-30.75],[336.9,-25.75],[329.16,-25.49],[328.89,-33.49]]]}},{"type":"Feature","properties":{"id":1329,"base_y":14.67,"height":3.8,"tipo":"cobertizo","plantas":1,"medianeras":[0,2,3]},"geometry":{"type":"Polygon","coordinates":[[[332.94,145.73],[332.35,137.57],[337.92,137.17],[338.3,145.53],[332.94,145.73]]]}},{"type":"Feature","properties":{"id":1330,"base_y":17.06,"height":6.95,"tipo":"edificio","plantas":2,"medianeras":[1,2,3,4]},"geometry":{"type":"Polygon","coordinates":[[[19.11,-150.14],[19.22,-147.25],[14.68,-147.07],[14.37,-154.77],[21.06,-155.04],[21.26,-150.22],[19.11,-150.14]]]}},{"type":"Feature","properties":{"id":1331,"base_y":15.44,"height":4.35,"tipo":"edificio","plantas":1,"medianeras":[0,1,2,3,7]},"geometry":{"type":"Polygon","coordinates":[[[239.28,25.45],[236.89,25.54],[236.74,22.62],[238.69,22.52],[238.65,21.78],[242.81,21.64],[243.22,31.94],[239.54,32.07],[239.28,25.45]]]}},{"type":"Feature","properties":{"id":1332,"base_y":15.7,"height":3.73,"tipo":"cobertizo","plantas":1,"medianeras":[]},"geometry":{"type":"Polygon","coordinates":[[[-0.83,-31.79],[9.23,-32.2],[9.42,-27.7],[-0.65,-27.29],[-0.83,-31.79]]]}},{"type":"Feature","properties":{"id":1333,"base_y":17.55,"height":6.34,"tipo":"edificio","plantas":2,"medianeras":[0,1,4,5]},"geometry":{"type":"Polygon","coordinates":[[[81.31,-157.5],[88.01,-157.77],[88.21,-152.94],[85.99,-152.85],[86.1,-149.97],[81.63,-149.79],[81.31,-157.5]]]}},{"type":"Feature","properties":{"id":1334,"base_y":17.59,"height":6.4,"tipo":"edificio","plantas":2,"medianeras":[0,1,2,5]},"geometry":{"type":"Polygon","coordinates":[[[74.62,-157.23],[81.31,-157.5],[81.63,-149.79],[77.15,-149.61],[77.04,-152.49],[74.82,-152.4],[74.62,-157.23]]]}},{"type":"Feature","properties":{"id":1335,"base_y":17.57,"height":6.32,"tipo":"edificio","plantas":2,"medianeras":[0,1,4,5]},"geometry":{"type":"Polygon","coordinates":[[[67.93,-156.95],[74.62,-157.23],[74.82,-152.4],[72.6,-152.31],[72.72,-149.43],[68.24,-149.24],[67.93,-156.95]]]}},{"type":"Feature","properties":{"id":1336,"base_y":17.51,"height":6.58,"tipo":"edificio","plantas":2,"medianeras":[0,1,2,5]},"geometry":{"type":"Polygon","coordinates":[[[61.23,-156.68],[67.93,-156.95],[68.24,-149.24],[63.76,-149.06],[63.65,-151.95],[61.43,-151.86],[61.23,-156.68]]]}},{"type":"Feature","properties":{"id":1337,"base_y":17.35,"height":6.72,"tipo":"edificio","plantas":2,"medianeras":[0,1,4,5]},"geometry":{"type":"Polygon","coordinates":[[[54.54,-156.41],[61.23,-156.68],[61.43,-151.86],[59.21,-151.76],[59.33,-148.88],[54.85,-148.7],[54.54,-156.41]]]}},{"type":"Feature","properties":{"id":1338,"base_y":17.25,"height":6.55,"tipo":"edificio","plantas":2,"medianeras":[2,3,4,5]},"geometry":{"type":"Polygon","coordinates":[[[50.38,-148.52],[50.26,-151.4],[48.04,-151.31],[47.84,-156.13],[54.54,-156.41],[54.85,-148.7],[50.38,-148.52]]]}},{"type":"Feature","properties":{"id":1339,"base_y":17.25,"height":6.4,"tipo":"edificio","plantas":2,"medianeras":[0,3,4,5]},"geometry":{"type":"Polygon","coordinates":[[[47.84,-156.13],[48.04,-151.31],[45.82,-151.22],[45.94,-148.34],[41.46,-148.16],[41.15,-155.86],[47.84,-156.13]]]}},{"type":"Feature","properties":{"id":1340,"base_y":17.2,"height":6.5,"tipo":"edificio","plantas":2,"medianeras":[2,3,4,5]},"geometry":{"type":"Polygon","coordinates":[[[36.99,-147.97],[36.87,-150.86],[34.65,-150.77],[34.45,-155.59],[41.15,-155.86],[41.46,-148.16],[36.99,-147.97]]]}},{"type":"Feature","properties":{"id":1341,"base_y":17.2,"height":6.54,"tipo":"edificio","plantas":2,"medianeras":[1,2,3,4]},"geometry":{"type":"Polygon","coordinates":[[[32.43,-150.68],[32.55,-147.79],[28.07,-147.61],[27.76,-155.32],[34.45,-155.59],[34.65,-150.77],[32.43,-150.68]]]}},{"type":"Feature","properties":{"id":1342,"base_y":17.22,"height":6.37,"tipo":"edificio","plantas":2,"medianeras":[2,3,4,5]},"geometry":{"type":"Polygon","coordinates":[[[23.6,-147.43],[23.48,-150.31],[21.26,-150.22],[21.06,-155.04],[27.76,-155.32],[28.07,-147.61],[23.6,-147.43]]]}},{"type":"Feature","properties":{"id":1343,"base_y":11.81,"height":4.49,"tipo":"cobertizo","plantas":1,"medianeras":[]},"geometry":{"type":"Polygon","coordinates":[[[-282.7,184.58],[-271.84,195.07],[-272.74,198.16],[-284.68,186.63],[-282.7,184.58]]]}},{"type":"Feature","properties":{"id":1344,"base_y":14.79,"height":4.02,"tipo":"edificio","plantas":1,"medianeras":[2,3]},"geometry":{"type":"Polygon","coordinates":[[[199.71,141.88],[204.7,141.69],[204.96,150.73],[199.97,150.88],[199.71,141.88]]]}},{"type":"Feature","properties":{"id":1345,"base_y":15.04,"height":6.84,"tipo":"edificio","plantas":1,"medianeras":[0,1,3,4,5,6]},"geometry":{"type":"Polygon","coordinates":[[[237.41,-26.78],[237.46,-24.48],[240.85,-24.66],[240.95,-22.3],[236.14,-22.12],[236.13,-22.74],[228.54,-22.35],[228.38,-26.33],[237.41,-26.78]]]}},{"type":"Feature","properties":{"id":1346,"base_y":14.8,"height":6.14,"tipo":"edificio","plantas":1,"medianeras":[0,3]},"geometry":{"type":"Polygon","coordinates":[[[344.65,-26.0],[344.46,-31.76],[352.2,-32.01],[352.4,-26.26],[344.65,-26.0]]]}},{"type":"Feature","properties":{"id":1347,"base_y":13.88,"height":5.78,"tipo":"edificio","plantas":1,"medianeras":[1,3]},"geometry":{"type":"Polygon","coordinates":[[[-277.0,98.99],[-276.46,116.2],[-278.97,116.3],[-279.65,99.08],[-277.0,98.99]]]}},{"type":"Feature","properties":{"id":1348,"base_y":15.72,"height":5.93,"tipo":"cobertizo","plantas":1,"medianeras":[3]},"geometry":{"type":"Polygon","coordinates":[[[-59.33,91.21],[-59.19,95.2],[-70.27,95.67],[-70.41,91.67],[-59.33,91.21]]]}},{"type":"Feature","properties":{"id":1349,"base_y":14.15,"height":9.12,"tipo":"edificio","plantas":2,"medianeras":[3,4]},"geometry":{"type":"Polygon","coordinates":[[[354.88,114.88],[355.06,118.87],[356.66,118.8],[356.92,124.35],[351.61,124.58],[351.17,115.04],[354.88,114.88]]]}},{"type":"Feature","properties":{"id":1350,"base_y":15.38,"height":2.87,"tipo":"cobertizo","plantas":1,"medianeras":[0,1,2,3]},"geometry":{"type":"Polygon","coordinates":[[[-180.6,185.56],[-185.59,185.81],[-185.62,186.79],[-191.76,187.04],[-191.91,182.64],[-180.68,182.2],[-180.6,185.56]]]}},{"type":"Feature","properties":{"id":1351,"base_y":14.36,"height":7.16,"tipo":"edificio","plantas":2,"medianeras":[0,1,3]},"geometry":{"type":"Polygon","coordinates":[[[184.35,151.31],[192.47,151.06],[192.66,156.48],[184.54,156.78],[184.35,151.31]]]}},{"type":"Feature","properties":{"id":1352,"base_y":14.81,"height":6.13,"tipo":"edificio","plantas":1,"medianeras":[0,2,3]},"geometry":{"type":"Polygon","coordinates":[[[336.9,-25.75],[336.71,-31.44],[344.46,-31.7],[344.65,-26.0],[336.9,-25.75]]]}},{"type":"Feature","properties":{"id":1353,"base_y":14.72,"height":6.3,"tipo":"edificio","plantas":1,"medianeras":[0,1,2,3,5]},"geometry":{"type":"Polygon","coordinates":[[[125.2,131.95],[125.27,134.08],[131.0,133.76],[131.19,137.41],[121.24,137.73],[121.09,132.06],[125.2,131.95]]]}},{"type":"Feature","properties":{"id":1354,"base_y":15.37,"height":4.04,"tipo":"edificio","plantas":1,"medianeras":[0]},"geometry":{"type":"Polygon","coordinates":[[[240.06,55.27],[240.07,44.01],[243.78,43.88],[244.21,55.08],[240.06,55.27]]]}},{"type":"Feature","properties":{"id":1355,"base_y":15.5,"height":7.35,"tipo":"edificio","plantas":1,"medianeras":[0,1,4]},"geometry":{"type":"Polygon","coordinates":[[[125.59,-7.69],[125.19,-19.78],[126.12,-19.8],[126.16,-19.13],[128.91,-19.24],[129.4,-7.82],[125.59,-7.69]]]}},{"type":"Feature","properties":{"id":1356,"base_y":14.87,"height":4.33,"tipo":"edificio","plantas":1,"medianeras":[]},"geometry":{"type":"Polygon","coordinates":[[[313.19,-39.41],[313.37,-33.81],[305.62,-33.55],[305.44,-39.15],[313.19,-39.41]]]}},{"type":"Feature","properties":{"id":1357,"base_y":15.42,"height":4.4,"tipo":"cobertizo","plantas":1,"medianeras":[2,3]},"geometry":{"type":"Polygon","coordinates":[[[214.48,80.62],[207.32,80.89],[207.09,74.89],[214.26,74.63],[214.48,80.62]]]}},{"type":"Feature","properties":{"id":1358,"base_y":14.88,"height":5.59,"tipo":"edificio","plantas":1,"medianeras":[0,2,3]},"geometry":{"type":"Polygon","coordinates":[[[290.43,-24.21],[290.24,-29.74],[297.99,-30.0],[298.17,-24.45],[290.43,-24.21]]]}},{"type":"Feature","properties":{"id":1359,"base_y":14.92,"height":4.71,"tipo":"edificio","plantas":1,"medianeras":[0,2,3]},"geometry":{"type":"Polygon","coordinates":[[[282.68,-23.95],[282.5,-29.48],[290.24,-29.74],[290.43,-24.21],[282.68,-23.95]]]}},{"type":"Feature","properties":{"id":1360,"base_y":15.66,"height":5.65,"tipo":"edificio","plantas":1,"medianeras":[3,4,5]},"geometry":{"type":"Polygon","coordinates":[[[-15.24,31.04],[-11.13,30.86],[-11.17,31.69],[-3.22,31.33],[-3.08,34.64],[-15.05,35.14],[-15.24,31.04]]]}},{"type":"Feature","properties":{"id":1361,"base_y":12.31,"height":4.35,"tipo":"edificio","plantas":1,"medianeras":[]},"geometry":{"type":"Polygon","coordinates":[[[390.72,233.32],[387.06,232.24],[384.43,226.28],[389.29,224.33],[392.78,232.32],[390.72,233.32]]]}},{"type":"Feature","properties":{"id":1362,"base_y":14.9,"height":8.09,"tipo":"edificio","plantas":1,"medianeras":[1,2,3]},"geometry":{"type":"Polygon","coordinates":[[[-16.88,164.04],[-25.53,164.28],[-25.77,159.29],[-17.09,159.18],[-16.88,164.04]]]}},{"type":"Feature","properties":{"id":1363,"base_y":15.65,"height":8.8,"tipo":"edificio","plantas":2,"medianeras":[0,1,2,3,5]},"geometry":{"type":"Polygon","coordinates":[[[25.01,109.32],[26.91,109.24],[26.87,107.64],[34.46,107.33],[34.6,112.12],[25.11,112.52],[25.01,109.32]]]}},{"type":"Feature","properties":{"id":1364,"base_y":16.94,"height":5.38,"tipo":"cobertizo","plantas":1,"medianeras":[0,1]},"geometry":{"type":"Polygon","coordinates":[[[14.2,-158.9],[14.37,-154.7],[4.34,-154.29],[4.17,-158.5],[14.2,-158.9]]]}},{"type":"Feature","properties":{"id":1365,"base_y":13.74,"height":9.63,"tipo":"edificio","plantas":2,"medianeras":[0,1,2,3,4,5]},"geometry":{"type":"Polygon","coordinates":[[[-154.67,218.15],[-159.86,218.39],[-160.15,211.99],[-158.16,211.9],[-158.28,209.1],[-155.09,208.96],[-154.67,218.15]]]}},{"type":"Feature","properties":{"id":1366,"base_y":15.62,"height":7.16,"tipo":"edificio","plantas":2,"medianeras":[1,3]},"geometry":{"type":"Polygon","coordinates":[[[-98.97,162.68],[-107.09,162.99],[-107.3,157.87],[-99.17,157.42],[-98.97,162.68]]]}},{"type":"Feature","properties":{"id":1367,"base_y":14.69,"height":5.2,"tipo":"edificio","plantas":1,"medianeras":[0,1]},"geometry":{"type":"Polygon","coordinates":[[[-9.8,206.03],[-0.27,205.79],[-0.04,210.14],[-9.58,210.48],[-9.8,206.03]]]}},{"type":"Feature","properties":{"id":1368,"base_y":15.14,"height":6.77,"tipo":"edificio","plantas":2,"medianeras":[1,2,3]},"geometry":{"type":"Polygon","coordinates":[[[-216.04,172.32],[-223.66,172.71],[-223.79,167.22],[-216.22,166.93],[-216.04,172.32]]]}},{"type":"Feature","properties":{"id":1369,"base_y":15.63,"height":5.44,"tipo":"edificio","plantas":1,"medianeras":[1,2,3,4]},"geometry":{"type":"Polygon","coordinates":[[[183.82,23.85],[189.28,23.65],[189.4,27.35],[181.6,27.67],[181.26,18.71],[183.61,18.63],[183.82,23.85]]]}},{"type":"Feature","properties":{"id":1370,"base_y":14.01,"height":7.13,"tipo":"edificio","plantas":1,"medianeras":[0,2,3]},"geometry":{"type":"Polygon","coordinates":[[[205.8,202.3],[205.34,206.39],[195.41,205.29],[195.88,201.19],[205.8,202.3]]]}},{"type":"Feature","properties":{"id":1371,"base_y":9.56,"height":7.94,"tipo":"edificio","plantas":1,"medianeras":[0,1,2,4]},"geometry":{"type":"Polygon","coordinates":[[[-414.81,46.64],[-414.47,56.21],[-407.93,55.91],[-407.88,56.89],[-417.76,57.27],[-418.07,46.76],[-414.81,46.64]]]}},{"type":"Feature","properties":{"id":1372,"base_y":15.8,"height":4.89,"tipo":"edificio","plantas":1,"medianeras":[]},"geometry":{"type":"Polygon","coordinates":[[[-303.17,7.34],[-292.78,6.83],[-292.59,10.72],[-302.98,11.24],[-303.17,7.34]]]}},{"type":"Feature","properties":{"id":1373,"base_y":15.47,"height":3.29,"tipo":"edificio","plantas":1,"medianeras":[]},"geometry":{"type":"Polygon","coordinates":[[[289.33,53.02],[289.69,61.2],[284.7,61.44],[284.39,53.33],[289.33,53.02]]]}},{"type":"Feature","properties":{"id":1374,"base_y":12.17,"height":5.67,"tipo":"edificio","plantas":2,"medianeras":[3]},"geometry":{"type":"Polygon","coordinates":[[[-348.28,77.89],[-348.31,78.79],[-356.11,79.03],[-355.83,74.96],[-345.58,74.58],[-345.43,77.8],[-348.28,77.89]]]}},{"type":"Feature","properties":{"id":1375,"base_y":15.66,"height":9.18,"tipo":"edificio","plantas":2,"medianeras":[0,1,2,3,4,6,7,9]},"geometry":{"type":"Polygon","coordinates":[[[-34.58,-9.08],[-34.52,-7.79],[-31.52,-7.93],[-31.37,-4.74],[-34.36,-4.59],[-34.34,-4.09],[-35.84,-4.02],[-35.8,-3.22],[-39.79,-3.02],[-40.08,-8.81],[-34.58,-9.08]]]}},{"type":"Feature","properties":{"id":1376,"base_y":15.97,"height":7.35,"tipo":"cobertizo","plantas":1,"medianeras":[1]},"geometry":{"type":"Polygon","coordinates":[[[19.05,-38.64],[18.89,-42.64],[28.95,-43.05],[29.12,-39.05],[19.05,-38.64]]]}},{"type":"Feature","properties":{"id":1377,"base_y":14.27,"height":7.07,"tipo":"edificio","plantas":2,"medianeras":[1,2,3]},"geometry":{"type":"Polygon","coordinates":[[[200.16,156.2],[192.66,156.48],[192.47,151.06],[199.97,150.88],[200.16,156.2]]]}},{"type":"Feature","properties":{"id":1378,"base_y":17.1,"height":4.84,"tipo":"cobertizo","plantas":1,"medianeras":[1]},"geometry":{"type":"Polygon","coordinates":[[[6.29,-107.16],[6.12,-111.16],[16.16,-111.56],[16.33,-107.57],[6.29,-107.16]]]}},{"type":"Feature","properties":{"id":1379,"base_y":16.93,"height":4.22,"tipo":"edificio","plantas":1,"medianeras":[1,7]},"geometry":{"type":"Polygon","coordinates":[[[-219.03,19.87],[-214.13,19.71],[-213.95,24.61],[-216.31,24.76],[-216.11,26.28],[-215.26,26.28],[-215.22,29.67],[-218.62,29.7],[-219.03,19.87]]]}},{"type":"Feature","properties":{"id":1380,"base_y":15.08,"height":8.22,"tipo":"edificio","plantas":1,"medianeras":[0,1,2,3,4]},"geometry":{"type":"Polygon","coordinates":[[[81.78,-5.99],[81.52,-10.99],[87.32,-11.21],[86.99,-17.66],[87.93,-17.69],[88.51,-6.26],[81.78,-5.99]]]}},{"type":"Feature","properties":{"id":1381,"base_y":16.91,"height":6.19,"tipo":"edificio","plantas":2,"medianeras":[0]},"geometry":{"type":"Polygon","coordinates":[[[-213.95,24.61],[-214.13,19.71],[-205.84,19.43],[-205.69,24.1],[-213.95,24.61]]]}},{"type":"Feature","properties":{"id":1382,"base_y":15.57,"height":6.28,"tipo":"edificio","plantas":1,"medianeras":[0,1,3]},"geometry":{"type":"Polygon","coordinates":[[[157.04,28.7],[148.8,29.04],[148.64,24.19],[156.88,23.99],[157.04,28.7]]]}},{"type":"Feature","properties":{"id":1383,"base_y":16.51,"height":4.22,"tipo":"cobertizo","plantas":1,"medianeras":[1,2,3]},"geometry":{"type":"Polygon","coordinates":[[[-144.32,94.42],[-150.88,94.73],[-151.09,88.8],[-144.53,88.49],[-144.32,94.42]]]}},{"type":"Feature","properties":{"id":1384,"base_y":14.27,"height":4.76,"tipo":"edificio","plantas":1,"medianeras":[3]},"geometry":{"type":"Polygon","coordinates":[[[-303.63,79.8],[-303.55,82.96],[-301.25,82.91],[-300.91,89.41],[-305.72,89.59],[-306.07,79.77],[-303.63,79.8]]]}},{"type":"Feature","properties":{"id":1385,"base_y":14.8,"height":6.13,"tipo":"edificio","plantas":1,"medianeras":[0,2,3]},"geometry":{"type":"Polygon","coordinates":[[[321.41,-25.23],[321.24,-30.23],[328.99,-30.49],[329.16,-25.49],[321.41,-25.23]]]}},{"type":"Feature","properties":{"id":1386,"base_y":15.06,"height":3.94,"tipo":"edificio","plantas":1,"medianeras":[1]},"geometry":{"type":"Polygon","coordinates":[[[282.2,-38.38],[289.95,-38.63],[290.11,-33.64],[282.37,-33.38],[282.2,-38.38]]]}},{"type":"Feature","properties":{"id":1387,"base_y":16.66,"height":5.9,"tipo":"edificio","plantas":1,"medianeras":[2,3,4]},"geometry":{"type":"Polygon","coordinates":[[[-167.19,30.78],[-162.9,30.62],[-163.07,25.67],[-158.5,25.49],[-158.22,32.2],[-167.13,32.58],[-167.19,30.78]]]}},{"type":"Feature","properties":{"id":1388,"base_y":15.54,"height":3.39,"tipo":"cobertizo","plantas":1,"medianeras":[0,2]},"geometry":{"type":"Polygon","coordinates":[[[-35.55,95.93],[-31.23,95.8],[-30.88,104.77],[-35.16,104.94],[-35.55,95.93]]]}},{"type":"Feature","properties":{"id":1389,"base_y":15.03,"height":4.67,"tipo":"edificio","plantas":1,"medianeras":[2]},"geometry":{"type":"Polygon","coordinates":[[[215.93,142.03],[220.55,141.82],[220.93,150.04],[216.22,150.25],[215.93,142.03]]]}},{"type":"Feature","properties":{"id":1390,"base_y":15.02,"height":4.43,"tipo":"cobertizo","plantas":1,"medianeras":[3]},"geometry":{"type":"Polygon","coordinates":[[[-42.84,160.43],[-42.67,164.44],[-52.07,164.88],[-52.27,160.81],[-42.84,160.43]]]}},{"type":"Feature","properties":{"id":1391,"base_y":9.41,"height":8.29,"tipo":"edificio","plantas":1,"medianeras":[0,2]},"geometry":{"type":"Polygon","coordinates":[[[-421.37,57.41],[-421.67,46.89],[-418.07,46.76],[-417.76,57.27],[-421.37,57.41]]]}},{"type":"Feature","properties":{"id":1392,"base_y":15.15,"height":3.73,"tipo":"edificio","plantas":1,"medianeras":[1]},"geometry":{"type":"Polygon","coordinates":[[[170.57,-28.79],[170.93,-20.51],[166.36,-20.32],[166.0,-28.6],[170.57,-28.79]]]}},{"type":"Feature","properties":{"id":1393,"base_y":14.02,"height":2.73,"tipo":"cobertizo","plantas":1,"medianeras":[1]},"geometry":{"type":"Polygon","coordinates":[[[699.23,395.09],[698.25,399.38],[689.86,397.46],[690.84,393.17],[699.23,395.09]]]}},{"type":"Feature","properties":{"id":1394,"base_y":15.58,"height":2.87,"tipo":"edificio","plantas":1,"medianeras":[0,2,3]},"geometry":{"type":"Polygon","coordinates":[[[205.82,18.43],[210.39,18.24],[210.8,26.41],[206.14,26.6],[205.82,18.43]]]}},{"type":"Feature","properties":{"id":1395,"base_y":16.38,"height":6.9,"tipo":"edificio","plantas":1,"medianeras":[2]},"geometry":{"type":"Polygon","coordinates":[[[17.12,-86.24],[27.18,-86.65],[27.33,-82.91],[17.27,-82.5],[17.12,-86.24]]]}},{"type":"Feature","properties":{"id":1396,"base_y":15.65,"height":4.66,"tipo":"edificio","plantas":1,"medianeras":[1]},"geometry":{"type":"Polygon","coordinates":[[[-19.27,69.77],[-19.53,62.73],[-14.25,62.46],[-13.97,69.57],[-19.27,69.77]]]}},{"type":"Feature","properties":{"id":1397,"base_y":16.07,"height":6.76,"tipo":"cobertizo","plantas":1,"medianeras":[1,2]},"geometry":{"type":"Polygon","coordinates":[[[-41.34,-36.49],[-41.49,-40.19],[-31.42,-40.59],[-31.27,-36.9],[-41.34,-36.49]]]}},{"type":"Feature","properties":{"id":1398,"base_y":16.18,"height":6.67,"tipo":"cobertizo","plantas":1,"medianeras":[0,1]},"geometry":{"type":"Polygon","coordinates":[[[-31.27,-36.9],[-31.42,-40.59],[-21.36,-41.0],[-21.21,-37.31],[-31.27,-36.9]]]}},{"type":"Feature","properties":{"id":1399,"base_y":13.48,"height":10.78,"tipo":"edificio","plantas":1,"medianeras":[0,1,2,3]},"geometry":{"type":"Polygon","coordinates":[[[416.94,139.66],[416.54,130.87],[420.78,130.67],[421.12,139.47],[416.94,139.66]]]}},{"type":"Feature","properties":{"id":1400,"base_y":15.5,"height":3.22,"tipo":"edificio","plantas":1,"medianeras":[]},"geometry":{"type":"Polygon","coordinates":[[[230.07,-40.31],[240.62,-40.72],[240.77,-37.22],[230.21,-36.81],[230.07,-40.31]]]}},{"type":"Feature","properties":{"id":1401,"base_y":12.28,"height":5.85,"tipo":"cobertizo","plantas":1,"medianeras":[0,2,4]},"geometry":{"type":"Polygon","coordinates":[[[-266.67,190.89],[-268.09,198.81],[-273.78,193.2],[-271.83,191.18],[-270.89,192.09],[-269.7,187.96],[-266.67,190.89]]]}},{"type":"Feature","properties":{"id":1402,"base_y":13.18,"height":4.45,"tipo":"edificio","plantas":1,"medianeras":[1,3]},"geometry":{"type":"Polygon","coordinates":[[[-272.59,164.49],[-281.12,156.46],[-281.34,156.16],[-273.02,155.77],[-272.59,164.49]]]}},{"type":"Feature","properties":{"id":1403,"base_y":14.94,"height":4.13,"tipo":"edificio","plantas":1,"medianeras":[0,2]},"geometry":{"type":"Polygon","coordinates":[[[290.1,-33.89],[289.95,-38.63],[297.69,-38.89],[297.85,-34.15],[290.1,-33.89]]]}},{"type":"Feature","properties":{"id":1404,"base_y":16.44,"height":3.83,"tipo":"edificio","plantas":1,"medianeras":[0,2]},"geometry":{"type":"Polygon","coordinates":[[[-128.05,22.0],[-128.42,16.33],[-121.84,16.06],[-121.61,21.64],[-128.05,22.0]]]}},{"type":"Feature","properties":{"id":1405,"base_y":15.46,"height":10.39,"tipo":"cobertizo","plantas":1,"medianeras":[0,3]},"geometry":{"type":"Polygon","coordinates":[[[125.76,80.46],[126.23,91.45],[122.93,91.59],[122.46,80.6],[125.76,80.46]]]}},{"type":"Feature","properties":{"id":1406,"base_y":15.36,"height":6.97,"tipo":"edificio","plantas":1,"medianeras":[0,2]},"geometry":{"type":"Polygon","coordinates":[[[55.77,111.26],[55.34,99.69],[58.38,99.56],[58.97,111.12],[55.77,111.26]]]}},{"type":"Feature","properties":{"id":1407,"base_y":16.43,"height":4.89,"tipo":"edificio","plantas":1,"medianeras":[3,4]},"geometry":{"type":"Polygon","coordinates":[[[-128.78,57.81],[-128.72,58.24],[-124.94,58.12],[-124.74,62.39],[-132.74,62.71],[-132.9,57.93],[-128.78,57.81]]]}},{"type":"Feature","properties":{"id":1408,"base_y":14.96,"height":6.7,"tipo":"edificio","plantas":1,"medianeras":[0,2]},"geometry":{"type":"Polygon","coordinates":[[[94.5,138.53],[100.3,138.29],[100.56,144.5],[94.77,144.77],[94.5,138.53]]]}},{"type":"Feature","properties":{"id":1409,"base_y":12.71,"height":9.09,"tipo":"cobertizo","plantas":1,"medianeras":[2,3]},"geometry":{"type":"Polygon","coordinates":[[[356.35,48.64],[356.46,51.63],[344.47,52.09],[344.36,49.09],[356.35,48.64]]]}},{"type":"Feature","properties":{"id":1410,"base_y":16.72,"height":6.4,"tipo":"cobertizo","plantas":1,"medianeras":[2,3]},"geometry":{"type":"Polygon","coordinates":[[[67.45,-88.05],[77.51,-88.46],[77.65,-84.96],[67.59,-84.55],[67.45,-88.05]]]}},{"type":"Feature","properties":{"id":1411,"base_y":15.6,"height":7.06,"tipo":"cobertizo","plantas":1,"medianeras":[0,1,5]},"geometry":{"type":"Polygon","coordinates":[[[232.72,-51.89],[232.77,-50.9],[240.18,-51.21],[240.31,-48.21],[229.76,-47.77],[229.59,-51.76],[232.72,-51.89]]]}},{"type":"Feature","properties":{"id":1412,"base_y":14.87,"height":6.38,"tipo":"edificio","plantas":1,"medianeras":[1,3]},"geometry":{"type":"Polygon","coordinates":[[[-50.93,217.11],[-51.04,213.76],[-40.67,213.5],[-40.52,216.82],[-50.93,217.11]]]}},{"type":"Feature","properties":{"id":1413,"base_y":15.57,"height":4.14,"tipo":"edificio","plantas":1,"medianeras":[0,1,2,3]},"geometry":{"type":"Polygon","coordinates":[[[235.34,18.21],[235.71,25.59],[231.02,25.78],[230.65,18.44],[235.34,18.21]]]}},{"type":"Feature","properties":{"id":1414,"base_y":14.27,"height":8.02,"tipo":"edificio","plantas":2,"medianeras":[3]},"geometry":{"type":"Polygon","coordinates":[[[351.61,124.58],[348.01,124.73],[347.56,115.19],[351.17,115.04],[351.61,124.58]]]}},{"type":"Feature","properties":{"id":1415,"base_y":14.45,"height":5.19,"tipo":"edificio","plantas":1,"medianeras":[1,2,3,4]},"geometry":{"type":"Polygon","coordinates":[[[-174.58,221.22],[-174.49,224.55],[-177.26,224.64],[-177.14,227.32],[-181.29,227.49],[-181.53,221.38],[-174.58,221.22]]]}},{"type":"Feature","properties":{"id":1416,"base_y":15.47,"height":4.36,"tipo":"edificio","plantas":1,"medianeras":[]},"geometry":{"type":"Polygon","coordinates":[[[285.1,72.12],[284.9,66.87],[291.32,66.47],[291.52,71.94],[285.1,72.12]]]}},{"type":"Feature","properties":{"id":1417,"base_y":14.87,"height":6.06,"tipo":"edificio","plantas":1,"medianeras":[0,2,3]},"geometry":{"type":"Polygon","coordinates":[[[313.66,-24.98],[313.52,-29.38],[321.26,-29.63],[321.41,-25.23],[313.66,-24.98]]]}},{"type":"Feature","properties":{"id":1418,"base_y":15.45,"height":6.24,"tipo":"cobertizo","plantas":1,"medianeras":[1,2]},"geometry":{"type":"Polygon","coordinates":[[[309.3,53.16],[309.11,50.17],[317.46,49.85],[317.56,53.88],[308.4,54.17],[308.36,53.17],[309.3,53.16]]]}},{"type":"Feature","properties":{"id":1419,"base_y":14.22,"height":4.79,"tipo":"edificio","plantas":1,"medianeras":[0,3]},"geometry":{"type":"Polygon","coordinates":[[[63.38,161.89],[66.41,161.74],[66.86,172.97],[63.83,173.01],[63.38,161.89]]]}},{"type":"Feature","properties":{"id":1420,"base_y":15.58,"height":3.48,"tipo":"edificio","plantas":1,"medianeras":[]},"geometry":{"type":"Polygon","coordinates":[[[-34.19,65.79],[-33.68,78.45],[-36.31,78.54],[-36.86,65.94],[-34.19,65.79]]]}},{"type":"Feature","properties":{"id":1421,"base_y":14.37,"height":8.1,"tipo":"edificio","plantas":2,"medianeras":[1,3]},"geometry":{"type":"Polygon","coordinates":[[[171.35,212.29],[174.34,212.15],[174.5,223.17],[171.51,223.3],[171.35,212.29]]]}},{"type":"Feature","properties":{"id":1422,"base_y":14.56,"height":6.57,"tipo":"edificio","plantas":2,"medianeras":[0,3]},"geometry":{"type":"Polygon","coordinates":[[[43.37,157.0],[43.71,164.49],[39.31,164.64],[38.97,157.15],[43.37,157.0]]]}},{"type":"Feature","properties":{"id":1423,"base_y":17.05,"height":6.61,"tipo":"edificio","plantas":1,"medianeras":[2]},"geometry":{"type":"Polygon","coordinates":[[[-218.53,31.82],[-231.08,32.26],[-231.15,29.64],[-218.64,29.19],[-218.53,31.82]]]}},{"type":"Feature","properties":{"id":1424,"base_y":18.3,"height":4.32,"tipo":"edificio","plantas":1,"medianeras":[3]},"geometry":{"type":"Polygon","coordinates":[[[712.04,50.15],[709.17,48.62],[713.91,39.75],[716.77,41.28],[712.04,50.15]]]}},{"type":"Feature","properties":{"id":1425,"base_y":15.44,"height":3.49,"tipo":"cobertizo","plantas":1,"medianeras":[1,2,3,4]},"geometry":{"type":"Polygon","coordinates":[[[139.57,22.37],[139.86,29.19],[136.48,29.39],[136.33,25.07],[132.57,25.08],[132.49,22.64],[139.57,22.37]]]}},{"type":"Feature","properties":{"id":1426,"base_y":16.47,"height":3.38,"tipo":"edificio","plantas":1,"medianeras":[0,2]},"geometry":{"type":"Polygon","coordinates":[[[-128.42,16.33],[-128.05,22.0],[-133.8,22.23],[-134.03,16.56],[-128.42,16.33]]]}},{"type":"Feature","properties":{"id":1427,"base_y":16.61,"height":3.72,"tipo":"cobertizo","plantas":1,"medianeras":[1]},"geometry":{"type":"Polygon","coordinates":[[[77.24,-95.0],[70.18,-94.71],[70.0,-99.21],[77.06,-99.5],[77.24,-95.0]]]}},{"type":"Feature","properties":{"id":1428,"base_y":15.34,"height":3.47,"tipo":"edificio","plantas":1,"medianeras":[4]},"geometry":{"type":"Polygon","coordinates":[[[-267.15,81.33],[-265.1,81.41],[-265.0,84.21],[-264.45,84.12],[-263.8,93.51],[-266.72,93.62],[-267.15,81.33]]]}},{"type":"Feature","properties":{"id":1429,"base_y":17.06,"height":2.68,"tipo":"edificio","plantas":1,"medianeras":[]},"geometry":{"type":"Polygon","coordinates":[[[-240.52,28.79],[-240.14,39.19],[-243.22,39.29],[-243.54,28.9],[-240.52,28.79]]]}},{"type":"Feature","properties":{"id":1430,"base_y":15.55,"height":5.81,"tipo":"edificio","plantas":1,"medianeras":[1,3]},"geometry":{"type":"Polygon","coordinates":[[[49.31,32.45],[53.56,32.28],[53.91,39.56],[49.51,39.75],[49.31,32.45]]]}},{"type":"Feature","properties":{"id":1431,"base_y":14.3,"height":5.94,"tipo":"edificio","plantas":1,"medianeras":[0,1]},"geometry":{"type":"Polygon","coordinates":[[[-188.21,222.73],[-187.99,227.76],[-194.2,228.02],[-194.43,222.93],[-188.21,222.73]]]}},{"type":"Feature","properties":{"id":1432,"base_y":15.66,"height":6.8,"tipo":"edificio","plantas":2,"medianeras":[1,2,3]},"geometry":{"type":"Polygon","coordinates":[[[-99.12,158.84],[-91.31,158.2],[-91.15,162.37],[-98.97,162.68],[-99.12,158.84]]]}},{"type":"Feature","properties":{"id":1433,"base_y":15.33,"height":5.9,"tipo":"edificio","plantas":1,"medianeras":[1]},"geometry":{"type":"Polygon","coordinates":[[[-181.8,171.18],[-182.03,165.59],[-176.4,165.37],[-176.18,170.87],[-181.8,171.18]]]}},{"type":"Feature","properties":{"id":1434,"base_y":15.16,"height":6.64,"tipo":"edificio","plantas":1,"medianeras":[1,2,3]},"geometry":{"type":"Polygon","coordinates":[[[229.09,89.09],[228.97,86.06],[239.24,85.68],[239.35,88.71],[229.09,89.09]]]}},{"type":"Feature","properties":{"id":1435,"base_y":13.32,"height":5.04,"tipo":"edificio","plantas":1,"medianeras":[1,2]},"geometry":{"type":"Polygon","coordinates":[[[310.62,205.77],[310.45,198.77],[314.86,198.67],[315.03,205.67],[310.62,205.77]]]}},{"type":"Feature","properties":{"id":1436,"base_y":15.32,"height":3.64,"tipo":"edificio","plantas":1,"medianeras":[1]},"geometry":{"type":"Polygon","coordinates":[[[301.49,75.68],[301.43,71.66],[309.04,71.44],[309.18,75.38],[301.49,75.68]]]}},{"type":"Feature","properties":{"id":1437,"base_y":15.72,"height":6.01,"tipo":"edificio","plantas":1,"medianeras":[0,3]},"geometry":{"type":"Polygon","coordinates":[[[-26.47,35.61],[-38.0,36.09],[-38.13,33.43],[-26.59,33.0],[-26.47,35.61]]]}},{"type":"Feature","properties":{"id":1438,"base_y":15.52,"height":3.12,"tipo":"edificio","plantas":1,"medianeras":[5]},"geometry":{"type":"Polygon","coordinates":[[[220.86,68.1],[223.12,68.06],[223.21,69.85],[226.82,69.64],[226.96,74.16],[221.1,74.38],[220.86,68.1]]]}},{"type":"Feature","properties":{"id":1439,"base_y":14.55,"height":6.36,"tipo":"edificio","plantas":1,"medianeras":[0,3]},"geometry":{"type":"Polygon","coordinates":[[[-265.85,115.8],[-270.12,115.96],[-270.37,108.84],[-266.13,108.7],[-265.85,115.8]]]}},{"type":"Feature","properties":{"id":1440,"base_y":15.79,"height":6.68,"tipo":"edificio","plantas":1,"medianeras":[]},"geometry":{"type":"Polygon","coordinates":[[[-21.64,90.57],[-21.2,100.56],[-24.22,100.69],[-24.64,90.7],[-21.64,90.57]]]}},{"type":"Feature","properties":{"id":1441,"base_y":14.95,"height":7.41,"tipo":"edificio","plantas":1,"medianeras":[4,5,6,7]},"geometry":{"type":"Polygon","coordinates":[[[260.44,-25.61],[260.52,-24.79],[264.1,-24.92],[264.14,-24.09],[269.78,-24.36],[269.87,-21.85],[262.66,-21.6],[262.59,-23.41],[257.11,-23.21],[257.03,-25.6],[260.44,-25.61]]]}},{"type":"Feature","properties":{"id":1442,"base_y":15.45,"height":5.24,"tipo":"cobertizo","plantas":1,"medianeras":[1,2,3]},"geometry":{"type":"Polygon","coordinates":[[[-91.34,157.38],[-85.34,157.14],[-85.16,162.14],[-91.15,162.37],[-91.34,157.38]]]}},{"type":"Feature","properties":{"id":1443,"base_y":15.81,"height":2.7,"tipo":"cobertizo","plantas":1,"medianeras":[]},"geometry":{"type":"Polygon","coordinates":[[[-15.08,-23.7],[-25.07,-23.29],[-25.19,-26.29],[-15.2,-26.7],[-15.08,-23.7]]]}},{"type":"Feature","properties":{"id":1444,"base_y":15.17,"height":8.17,"tipo":"edificio","plantas":1,"medianeras":[1,2,3]},"geometry":{"type":"Polygon","coordinates":[[[166.36,-20.32],[178.92,-20.85],[179.01,-18.55],[166.46,-17.91],[166.36,-20.32]]]}},{"type":"Feature","properties":{"id":1445,"base_y":14.0,"height":6.67,"tipo":"edificio","plantas":1,"medianeras":[0,1,3]},"geometry":{"type":"Polygon","coordinates":[[[411.1,63.78],[411.25,67.78],[403.85,68.05],[403.7,64.06],[411.1,63.78]]]}},{"type":"Feature","properties":{"id":1446,"base_y":15.48,"height":4.69,"tipo":"edificio","plantas":1,"medianeras":[1,2]},"geometry":{"type":"Polygon","coordinates":[[[-4.26,147.7],[-1.59,147.58],[-1.03,158.56],[-3.73,158.67],[-4.26,147.7]]]}},{"type":"Feature","properties":{"id":1447,"base_y":14.23,"height":6.59,"tipo":"edificio","plantas":1,"medianeras":[0,2,3]},"geometry":{"type":"Polygon","coordinates":[[[-204.46,228.43],[-207.64,227.63],[-208.01,219.01],[-204.76,218.92],[-204.46,228.43]]]}},{"type":"Feature","properties":{"id":1448,"base_y":14.75,"height":5.63,"tipo":"cobertizo","plantas":1,"medianeras":[0,1,2]},"geometry":{"type":"Polygon","coordinates":[[[317.02,128.36],[316.88,125.36],[326.69,124.91],[326.83,127.9],[317.02,128.36]]]}},{"type":"Feature","properties":{"id":1449,"base_y":15.54,"height":5.54,"tipo":"cobertizo","plantas":1,"medianeras":[1]},"geometry":{"type":"Polygon","coordinates":[[[-39.57,1.49],[-39.69,-0.83],[-26.92,-1.33],[-26.81,0.95],[-39.57,1.49]]]}},{"type":"Feature","properties":{"id":1450,"base_y":15.58,"height":2.74,"tipo":"edificio","plantas":1,"medianeras":[1]},"geometry":{"type":"Polygon","coordinates":[[[22.87,65.53],[23.3,77.27],[20.83,77.38],[20.39,65.63],[22.87,65.53]]]}},{"type":"Feature","properties":{"id":1451,"base_y":15.08,"height":2.64,"tipo":"edificio","plantas":1,"medianeras":[]},"geometry":{"type":"Polygon","coordinates":[[[125.65,92.54],[126.11,107.3],[124.19,107.23],[123.6,92.62],[125.65,92.54]]]}},{"type":"Feature","properties":{"id":1452,"base_y":15.49,"height":3.03,"tipo":"cobertizo","plantas":1,"medianeras":[1,2]},"geometry":{"type":"Polygon","coordinates":[[[176.71,92.29],[176.58,89.29],[186.15,88.88],[186.26,91.88],[176.71,92.29]]]}},{"type":"Feature","properties":{"id":1453,"base_y":15.19,"height":7.0,"tipo":"edificio","plantas":1,"medianeras":[0]},"geometry":{"type":"Polygon","coordinates":[[[-313.05,31.27],[-309.13,31.12],[-308.8,38.4],[-312.78,38.49],[-313.05,31.27]]]}},{"type":"Feature","properties":{"id":1454,"base_y":10.47,"height":8.87,"tipo":"edificio","plantas":1,"medianeras":[1,2,3,4]},"geometry":{"type":"Polygon","coordinates":[[[-349.85,87.65],[-344.78,87.49],[-344.58,92.39],[-348.8,92.62],[-348.68,96.73],[-349.48,96.76],[-349.85,87.65]]]}},{"type":"Feature","properties":{"id":1455,"base_y":14.29,"height":6.69,"tipo":"edificio","plantas":1,"medianeras":[2,4,5]},"geometry":{"type":"Polygon","coordinates":[[[325.7,92.24],[325.78,94.65],[328.2,94.55],[328.27,97.73],[322.15,97.95],[321.94,92.39],[325.7,92.24]]]}},{"type":"Feature","properties":{"id":1456,"base_y":15.07,"height":3.61,"tipo":"edificio","plantas":1,"medianeras":[]},"geometry":{"type":"Polygon","coordinates":[[[94.16,93.19],[94.03,90.0],[102.91,89.62],[103.03,92.83],[94.16,93.19]]]}},{"type":"Feature","properties":{"id":1457,"base_y":16.56,"height":3.74,"tipo":"edificio","plantas":1,"medianeras":[0,4,5]},"geometry":{"type":"Polygon","coordinates":[[[-156.56,107.03],[-156.51,108.65],[-161.39,108.75],[-161.88,103.5],[-156.29,103.33],[-156.16,107.01],[-156.56,107.03]]]}},{"type":"Feature","properties":{"id":1458,"base_y":15.54,"height":3.39,"tipo":"edificio","plantas":1,"medianeras":[0]},"geometry":{"type":"Polygon","coordinates":[[[215.0,33.04],[214.65,26.26],[218.83,26.09],[219.16,32.88],[215.0,33.04]]]}},{"type":"Feature","properties":{"id":1459,"base_y":15.61,"height":6.99,"tipo":"edificio","plantas":1,"medianeras":[0,1,2]},"geometry":{"type":"Polygon","coordinates":[[[34.6,112.12],[34.33,102.71],[37.31,102.61],[37.63,112.0],[34.6,112.12]]]}},{"type":"Feature","properties":{"id":1460,"base_y":15.36,"height":3.66,"tipo":"edificio","plantas":1,"medianeras":[2]},"geometry":{"type":"Polygon","coordinates":[[[45.76,9.86],[45.99,15.7],[41.18,15.88],[40.91,10.06],[45.76,9.86]]]}},{"type":"Feature","properties":{"id":1461,"base_y":14.45,"height":8.84,"tipo":"edificio","plantas":2,"medianeras":[0,1,2]},"geometry":{"type":"Polygon","coordinates":[[[187.28,212.16],[186.9,217.9],[182.0,217.49],[182.43,211.72],[187.28,212.16]]]}},{"type":"Feature","properties":{"id":1462,"base_y":14.08,"height":10.31,"tipo":"edificio","plantas":1,"medianeras":[0,2]},"geometry":{"type":"Polygon","coordinates":[[[190.85,181.08],[190.48,170.57],[193.15,170.46],[193.53,180.99],[190.85,181.08]]]}},{"type":"Feature","properties":{"id":1463,"base_y":12.34,"height":7.9,"tipo":"cobertizo","plantas":1,"medianeras":[0,1]},"geometry":{"type":"Polygon","coordinates":[[[409.32,231.98],[419.37,231.65],[419.46,234.45],[409.41,234.78],[409.32,231.98]]]}},{"type":"Feature","properties":{"id":1464,"base_y":15.02,"height":7.3,"tipo":"cobertizo","plantas":1,"medianeras":[1,2]},"geometry":{"type":"Polygon","coordinates":[[[219.68,134.29],[219.56,130.83],[227.61,130.51],[227.74,133.97],[219.68,134.29]]]}},{"type":"Feature","properties":{"id":1465,"base_y":15.59,"height":5.33,"tipo":"cobertizo","plantas":1,"medianeras":[3]},"geometry":{"type":"Polygon","coordinates":[[[-8.46,-15.18],[-8.56,-19.43],[-2.09,-19.59],[-1.9,-15.41],[-8.46,-15.18]]]}},{"type":"Feature","properties":{"id":1466,"base_y":14.59,"height":5.11,"tipo":"edificio","plantas":1,"medianeras":[0,2,3]},"geometry":{"type":"Polygon","coordinates":[[[47.03,156.87],[47.36,164.37],[43.71,164.49],[43.37,157.0],[47.03,156.87]]]}},{"type":"Feature","properties":{"id":1467,"base_y":14.07,"height":4.54,"tipo":"cobertizo","plantas":1,"medianeras":[2,3]},"geometry":{"type":"Polygon","coordinates":[[[204.45,214.34],[201.08,213.97],[201.96,206.01],[205.34,206.39],[204.45,214.34]]]}},{"type":"Feature","properties":{"id":1468,"base_y":15.43,"height":6.31,"tipo":"edificio","plantas":1,"medianeras":[1,2,3]},"geometry":{"type":"Polygon","coordinates":[[[318.59,19.04],[326.63,18.78],[326.74,22.16],[318.7,22.42],[318.59,19.04]]]}},{"type":"Feature","properties":{"id":1469,"base_y":15.27,"height":7.28,"tipo":"edificio","plantas":1,"medianeras":[0,2]},"geometry":{"type":"Polygon","coordinates":[[[58.97,111.12],[58.46,101.06],[61.19,100.97],[61.61,111.01],[58.97,111.12]]]}},{"type":"Feature","properties":{"id":1470,"base_y":14.63,"height":6.2,"tipo":"edificio","plantas":1,"medianeras":[2,3]},"geometry":{"type":"Polygon","coordinates":[[[-147.77,226.81],[-147.91,223.05],[-140.75,222.79],[-140.62,226.58],[-147.77,226.81]]]}},{"type":"Feature","properties":{"id":1471,"base_y":15.07,"height":4.11,"tipo":"edificio","plantas":1,"medianeras":[1,2]},"geometry":{"type":"Polygon","coordinates":[[[-11.85,154.02],[-11.65,158.97],[-17.09,159.18],[-17.28,154.23],[-11.85,154.02]]]}},{"type":"Feature","properties":{"id":1472,"base_y":15.52,"height":5.83,"tipo":"edificio","plantas":1,"medianeras":[0,2,3]},"geometry":{"type":"Polygon","coordinates":[[[310.73,22.67],[310.62,19.3],[318.59,19.04],[318.7,22.42],[310.73,22.67]]]}},{"type":"Feature","properties":{"id":1473,"base_y":15.4,"height":7.04,"tipo":"edificio","plantas":1,"medianeras":[0,1,2,3,4,5]},"geometry":{"type":"Polygon","coordinates":[[[13.25,-12.27],[13.3,-11.12],[11.02,-11.03],[10.89,-14.05],[23.81,-14.59],[23.89,-12.71],[13.25,-12.27]]]}},{"type":"Feature","properties":{"id":1474,"base_y":15.91,"height":6.74,"tipo":"edificio","plantas":1,"medianeras":[1]},"geometry":{"type":"Polygon","coordinates":[[[-4.64,-34.43],[-4.93,-41.67],[-1.23,-41.82],[-0.94,-34.58],[-4.64,-34.43]]]}},{"type":"Feature","properties":{"id":1475,"base_y":12.17,"height":5.41,"tipo":"cobertizo","plantas":1,"medianeras":[2,3]},"geometry":{"type":"Polygon","coordinates":[[[-324.52,117.67],[-324.69,113.66],[-317.99,113.45],[-317.88,117.47],[-324.52,117.67]]]}},{"type":"Feature","properties":{"id":1476,"base_y":16.03,"height":6.48,"tipo":"cobertizo","plantas":1,"medianeras":[2]},"geometry":{"type":"Polygon","coordinates":[[[188.27,-45.34],[181.03,-45.04],[180.88,-48.73],[188.12,-49.04],[188.27,-45.34]]]}},{"type":"Feature","properties":{"id":1477,"base_y":15.04,"height":4.09,"tipo":"edificio","plantas":1,"medianeras":[0,1,2,3,7]},"geometry":{"type":"Polygon","coordinates":[[[296.97,0.83],[297.04,3.08],[297.94,3.04],[298.01,5.33],[297.11,5.37],[297.24,9.62],[294.47,9.72],[294.2,0.94],[296.97,0.83]]]}},{"type":"Feature","properties":{"id":1478,"base_y":16.32,"height":2.65,"tipo":"cobertizo","plantas":1,"medianeras":[0,2]},"geometry":{"type":"Polygon","coordinates":[[[-107.33,96.74],[-102.89,96.58],[-102.67,102.48],[-107.12,102.64],[-107.33,96.74]]]}},{"type":"Feature","properties":{"id":1479,"base_y":14.89,"height":7.81,"tipo":"edificio","plantas":1,"medianeras":[0,3,4,5]},"geometry":{"type":"Polygon","coordinates":[[[-24.97,176.29],[-25.36,167.97],[-22.46,167.89],[-21.79,178.61],[-22.48,178.64],[-22.58,176.16],[-24.97,176.29]]]}},{"type":"Feature","properties":{"id":1480,"base_y":15.06,"height":6.64,"tipo":"edificio","plantas":1,"medianeras":[1,2]},"geometry":{"type":"Polygon","coordinates":[[[298.33,90.51],[298.37,95.01],[292.56,95.17],[292.36,90.81],[298.33,90.51]]]}},{"type":"Feature","properties":{"id":1481,"base_y":15.27,"height":7.27,"tipo":"edificio","plantas":1,"medianeras":[0,2]},"geometry":{"type":"Polygon","coordinates":[[[85.2,100.52],[85.5,110.03],[82.85,110.12],[82.45,100.63],[85.2,100.52]]]}},{"type":"Feature","properties":{"id":1482,"base_y":14.41,"height":7.76,"tipo":"edificio","plantas":1,"medianeras":[0,2]},"geometry":{"type":"Polygon","coordinates":[[[-199.71,213.41],[-199.97,208.14],[-195.09,207.93],[-194.86,213.21],[-199.71,213.41]]]}},{"type":"Feature","properties":{"id":1483,"base_y":16.01,"height":7.52,"tipo":"cobertizo","plantas":1,"medianeras":[2]},"geometry":{"type":"Polygon","coordinates":[[[69.31,-42.13],[59.25,-41.72],[59.14,-44.27],[69.21,-44.68],[69.31,-42.13]]]}},{"type":"Feature","properties":{"id":1484,"base_y":15.24,"height":4.37,"tipo":"cobertizo","plantas":1,"medianeras":[0,3]},"geometry":{"type":"Polygon","coordinates":[[[207.47,130.53],[207.59,133.68],[199.48,133.99],[199.39,130.84],[207.47,130.53]]]}},{"type":"Feature","properties":{"id":1485,"base_y":15.71,"height":6.33,"tipo":"edificio","plantas":1,"medianeras":[0,2]},"geometry":{"type":"Polygon","coordinates":[[[4.7,59.36],[4.32,53.17],[8.47,52.99],[8.71,59.2],[4.7,59.36]]]}},{"type":"Feature","properties":{"id":1486,"base_y":15.26,"height":4.6,"tipo":"cobertizo","plantas":1,"medianeras":[0,1,2,7]},"geometry":{"type":"Polygon","coordinates":[[[274.27,138.52],[274.23,138.02],[268.33,138.24],[268.15,135.72],[274.05,135.51],[274.13,136.6],[279.53,136.4],[279.67,138.33],[274.27,138.52]]]}},{"type":"Feature","properties":{"id":1487,"base_y":15.68,"height":2.65,"tipo":"edificio","plantas":1,"medianeras":[]},"geometry":{"type":"Polygon","coordinates":[[[122.14,-28.11],[116.06,-27.86],[115.88,-32.02],[121.96,-32.27],[122.14,-28.11]]]}},{"type":"Feature","properties":{"id":1488,"base_y":14.4,"height":8.22,"tipo":"edificio","plantas":2,"medianeras":[0,1]},"geometry":{"type":"Polygon","coordinates":[[[193.9,218.55],[189.61,218.18],[190.11,212.42],[194.55,212.82],[193.9,218.55]]]}},{"type":"Feature","properties":{"id":1489,"base_y":13.21,"height":9.17,"tipo":"edificio","plantas":1,"medianeras":[0,1,3]},"geometry":{"type":"Polygon","coordinates":[[[-368.93,27.28],[-380.95,27.69],[-381.02,25.66],[-369.0,25.22],[-368.93,27.28]]]}},{"type":"Feature","properties":{"id":1490,"base_y":15.5,"height":6.73,"tipo":"edificio","plantas":1,"medianeras":[1,3]},"geometry":{"type":"Polygon","coordinates":[[[287.91,48.8],[284.23,48.96],[283.98,42.37],[287.67,42.23],[287.91,48.8]]]}},{"type":"Feature","properties":{"id":1491,"base_y":13.39,"height":7.62,"tipo":"edificio","plantas":2,"medianeras":[1,2]},"geometry":{"type":"Polygon","coordinates":[[[367.2,167.37],[361.79,167.54],[361.65,163.08],[367.05,162.9],[367.2,167.37]]]}},{"type":"Feature","properties":{"id":1492,"base_y":13.9,"height":3.86,"tipo":"edificio","plantas":1,"medianeras":[3]},"geometry":{"type":"Polygon","coordinates":[[[347.43,200.1],[352.26,199.96],[352.41,205.37],[347.59,204.7],[347.43,200.1]]]}},{"type":"Feature","properties":{"id":1493,"base_y":14.68,"height":5.46,"tipo":"edificio","plantas":1,"medianeras":[0]},"geometry":{"type":"Polygon","coordinates":[[[-252.63,114.01],[-257.82,114.11],[-257.92,110.44],[-256.46,110.34],[-256.4,109.22],[-252.79,108.93],[-252.63,114.01]]]}},{"type":"Feature","properties":{"id":1494,"base_y":12.73,"height":7.05,"tipo":"cobertizo","plantas":1,"medianeras":[1]},"geometry":{"type":"Polygon","coordinates":[[[360.45,51.48],[360.34,48.49],[368.34,48.18],[368.45,51.18],[360.45,51.48]]]}},{"type":"Feature","properties":{"id":1495,"base_y":14.38,"height":8.12,"tipo":"edificio","plantas":1,"medianeras":[0]},"geometry":{"type":"Polygon","coordinates":[[[182.41,211.93],[177.47,212.0],[177.41,207.38],[182.76,207.3],[182.41,211.93]]]}},{"type":"Feature","properties":{"id":1496,"base_y":15.14,"height":6.34,"tipo":"edificio","plantas":1,"medianeras":[0,2,3]},"geometry":{"type":"Polygon","coordinates":[[[-223.79,167.22],[-223.66,172.71],[-227.92,172.93],[-228.14,167.38],[-223.79,167.22]]]}},{"type":"Feature","properties":{"id":1497,"base_y":14.58,"height":6.98,"tipo":"edificio","plantas":1,"medianeras":[0,1]},"geometry":{"type":"Polygon","coordinates":[[[-324.19,31.7],[-320.89,31.57],[-320.59,38.74],[-323.88,38.87],[-324.19,31.7]]]}},{"type":"Feature","properties":{"id":1498,"base_y":16.09,"height":6.77,"tipo":"cobertizo","plantas":1,"medianeras":[1]},"geometry":{"type":"Polygon","coordinates":[[[-35.62,-83.46],[-35.49,-80.36],[-43.11,-80.05],[-43.23,-83.15],[-35.62,-83.46]]]}},{"type":"Feature","properties":{"id":1499,"base_y":15.58,"height":4.02,"tipo":"edificio","plantas":1,"medianeras":[1]},"geometry":{"type":"Polygon","coordinates":[[[227.02,55.87],[226.79,51.42],[232.16,51.25],[232.31,55.65],[227.02,55.87]]]}},{"type":"Feature","properties":{"id":1500,"base_y":15.01,"height":6.56,"tipo":"edificio","plantas":1,"medianeras":[2,3]},"geometry":{"type":"Polygon","coordinates":[[[-223.29,187.65],[-223.4,183.03],[-218.4,182.82],[-218.19,187.44],[-223.29,187.65]]]}},{"type":"Feature","properties":{"id":1501,"base_y":15.92,"height":6.47,"tipo":"edificio","plantas":1,"medianeras":[2]},"geometry":{"type":"Polygon","coordinates":[[[-285.51,33.42],[-282.92,33.31],[-283.06,30.13],[-281.24,30.06],[-281.03,37.31],[-285.3,37.51],[-285.51,33.42]]]}},{"type":"Feature","properties":{"id":1502,"base_y":15.46,"height":4.63,"tipo":"edificio","plantas":1,"medianeras":[2]},"geometry":{"type":"Polygon","coordinates":[[[11.62,28.96],[16.27,28.8],[16.41,33.83],[11.83,34.02],[11.62,28.96]]]}},{"type":"Feature","properties":{"id":1503,"base_y":14.7,"height":6.38,"tipo":"edificio","plantas":1,"medianeras":[1,2]},"geometry":{"type":"Polygon","coordinates":[[[375.53,-30.03],[375.63,-27.03],[367.89,-26.78],[367.79,-29.77],[375.53,-30.03]]]}},{"type":"Feature","properties":{"id":1504,"base_y":14.76,"height":6.34,"tipo":"edificio","plantas":1,"medianeras":[0,1]},"geometry":{"type":"Polygon","coordinates":[[[367.79,-29.77],[367.89,-26.78],[360.14,-26.52],[360.04,-29.52],[367.79,-29.77]]]}},{"type":"Feature","properties":{"id":1505,"base_y":15.63,"height":4.52,"tipo":"edificio","plantas":1,"medianeras":[1,2]},"geometry":{"type":"Polygon","coordinates":[[[203.16,56.68],[202.98,52.44],[208.38,52.22],[208.54,56.45],[203.16,56.68]]]}},{"type":"Feature","properties":{"id":1506,"base_y":15.54,"height":5.37,"tipo":"edificio","plantas":1,"medianeras":[0,2]},"geometry":{"type":"Polygon","coordinates":[[[303.51,29.71],[303.3,22.99],[306.7,22.9],[306.91,29.57],[303.51,29.71]]]}},{"type":"Feature","properties":{"id":1507,"base_y":16.2,"height":3.41,"tipo":"cobertizo","plantas":1,"medianeras":[0,1,3]},"geometry":{"type":"Polygon","coordinates":[[[-95.15,92.55],[-88.27,92.34],[-88.17,95.59],[-95.06,95.8],[-95.15,92.55]]]}},{"type":"Feature","properties":{"id":1508,"base_y":14.87,"height":2.66,"tipo":"edificio","plantas":1,"medianeras":[]},"geometry":{"type":"Polygon","coordinates":[[[347.84,-35.3],[347.67,-40.55],[351.92,-40.69],[352.09,-35.44],[347.84,-35.3]]]}},{"type":"Feature","properties":{"id":1509,"base_y":15.48,"height":5.65,"tipo":"edificio","plantas":1,"medianeras":[0,2]},"geometry":{"type":"Polygon","coordinates":[[[223.24,44.68],[223.49,51.5],[220.23,51.58],[219.97,44.82],[223.24,44.68]]]}},{"type":"Feature","properties":{"id":1510,"base_y":15.24,"height":4.77,"tipo":"edificio","plantas":1,"medianeras":[1,2]},"geometry":{"type":"Polygon","coordinates":[[[-233.24,171.81],[-233.41,167.6],[-228.14,167.38],[-227.98,171.54],[-233.24,171.81]]]}},{"type":"Feature","properties":{"id":1511,"base_y":12.35,"height":6.4,"tipo":"edificio","plantas":2,"medianeras":[0,1,2]},"geometry":{"type":"Polygon","coordinates":[[[-271.83,191.18],[-277.01,186.19],[-274.38,183.45],[-272.15,185.6],[-273.05,186.54],[-270.1,189.38],[-271.83,191.18]]]}},{"type":"Feature","properties":{"id":1512,"base_y":14.86,"height":7.91,"tipo":"edificio","plantas":2,"medianeras":[0,1,2]},"geometry":{"type":"Polygon","coordinates":[[[325.52,86.42],[325.7,92.24],[321.94,92.39],[321.73,86.58],[325.52,86.42]]]}},{"type":"Feature","properties":{"id":1513,"base_y":12.93,"height":6.49,"tipo":"cobertizo","plantas":1,"medianeras":[2,3]},"geometry":{"type":"Polygon","coordinates":[[[340.51,251.92],[341.41,249.05],[348.4,251.24],[347.51,254.11],[340.51,251.92]]]}},{"type":"Feature","properties":{"id":1514,"base_y":12.04,"height":4.72,"tipo":"edificio","plantas":1,"medianeras":[2,3]},"geometry":{"type":"Polygon","coordinates":[[[-279.22,158.22],[-285.18,164.35],[-287.04,162.59],[-281.12,156.46],[-279.22,158.22]]]}},{"type":"Feature","properties":{"id":1515,"base_y":15.19,"height":5.91,"tipo":"edificio","plantas":1,"medianeras":[]},"geometry":{"type":"Polygon","coordinates":[[[274.12,-33.18],[269.49,-33.08],[269.33,-37.78],[274.03,-37.88],[274.12,-33.18]]]}},{"type":"Feature","properties":{"id":1516,"base_y":15.23,"height":6.91,"tipo":"edificio","plantas":1,"medianeras":[1]},"geometry":{"type":"Polygon","coordinates":[[[-53.0,143.14],[-53.11,140.77],[-43.76,140.37],[-43.66,142.68],[-53.0,143.14]]]}},{"type":"Feature","properties":{"id":1517,"base_y":14.29,"height":8.23,"tipo":"edificio","plantas":2,"medianeras":[0,2]},"geometry":{"type":"Polygon","coordinates":[[[174.5,223.17],[174.32,210.51],[175.9,210.38],[176.37,223.1],[174.5,223.17]]]}},{"type":"Feature","properties":{"id":1518,"base_y":14.76,"height":4.85,"tipo":"edificio","plantas":1,"medianeras":[1,3]},"geometry":{"type":"Polygon","coordinates":[[[-70.46,209.16],[-74.04,209.36],[-74.29,203.4],[-70.53,203.24],[-70.46,209.16]]]}},{"type":"Feature","properties":{"id":1519,"base_y":15.05,"height":3.97,"tipo":"edificio","plantas":1,"medianeras":[1,2]},"geometry":{"type":"Polygon","coordinates":[[[-118.42,171.29],[-121.23,171.35],[-121.47,163.49],[-118.78,163.4],[-118.42,171.29]]]}},{"type":"Feature","properties":{"id":1520,"base_y":16.11,"height":7.03,"tipo":"edificio","plantas":1,"medianeras":[0,1]},"geometry":{"type":"Polygon","coordinates":[[[-91.94,141.37],[-86.55,141.14],[-86.4,145.13],[-91.79,145.36],[-91.94,141.37]]]}},{"type":"Feature","properties":{"id":1521,"base_y":15.93,"height":7.26,"tipo":"edificio","plantas":1,"medianeras":[1,2,3]},"geometry":{"type":"Polygon","coordinates":[[[-75.64,144.67],[-81.03,144.9],[-81.17,140.91],[-75.78,140.68],[-75.64,144.67]]]}},{"type":"Feature","properties":{"id":1522,"base_y":15.55,"height":4.45,"tipo":"edificio","plantas":1,"medianeras":[0,2,3]},"geometry":{"type":"Polygon","coordinates":[[[-208.4,166.62],[-208.29,169.38],[-216.13,169.66],[-216.22,166.93],[-208.4,166.62]]]}},{"type":"Feature","properties":{"id":1523,"base_y":16.16,"height":4.1,"tipo":"edificio","plantas":1,"medianeras":[1]},"geometry":{"type":"Polygon","coordinates":[[[-113.04,34.4],[-113.3,29.28],[-109.07,29.11],[-108.88,34.24],[-113.04,34.4]]]}},{"type":"Feature","properties":{"id":1524,"base_y":16.1,"height":7.14,"tipo":"cobertizo","plantas":1,"medianeras":[0,2,3]},"geometry":{"type":"Polygon","coordinates":[[[-81.17,140.91],[-81.03,144.9],[-86.4,145.13],[-86.55,141.14],[-81.17,140.91]]]}},{"type":"Feature","properties":{"id":1525,"base_y":14.09,"height":6.9,"tipo":"edificio","plantas":1,"medianeras":[0,3]},"geometry":{"type":"Polygon","coordinates":[[[364.93,126.46],[365.05,130.45],[359.71,130.67],[359.53,126.67],[364.93,126.46]]]}},{"type":"Feature","properties":{"id":1526,"base_y":14.88,"height":5.04,"tipo":"edificio","plantas":1,"medianeras":[3]},"geometry":{"type":"Polygon","coordinates":[[[-102.46,175.01],[-102.25,179.61],[-103.02,179.57],[-102.9,183.52],[-104.98,183.61],[-105.29,174.96],[-102.46,175.01]]]}},{"type":"Feature","properties":{"id":1527,"base_y":15.57,"height":5.86,"tipo":"cobertizo","plantas":1,"medianeras":[0,3]},"geometry":{"type":"Polygon","coordinates":[[[299.51,23.09],[299.32,16.96],[302.78,16.81],[302.97,23.0],[299.51,23.09]]]}},{"type":"Feature","properties":{"id":1528,"base_y":16.84,"height":4.29,"tipo":"edificio","plantas":1,"medianeras":[0,1]},"geometry":{"type":"Polygon","coordinates":[[[-157.28,74.62],[-157.08,80.32],[-160.81,80.46],[-161.03,74.76],[-157.28,74.62]]]}},{"type":"Feature","properties":{"id":1529,"base_y":15.64,"height":3.42,"tipo":"cobertizo","plantas":1,"medianeras":[1,2,3]},"geometry":{"type":"Polygon","coordinates":[[[165.55,13.74],[158.91,14.11],[158.88,10.89],[165.43,10.53],[165.55,13.74]]]}},{"type":"Feature","properties":{"id":1530,"base_y":14.56,"height":4.72,"tipo":"edificio","plantas":1,"medianeras":[2,3]},"geometry":{"type":"Polygon","coordinates":[[[-296.86,89.25],[-297.13,84.22],[-292.94,83.94],[-292.78,89.09],[-296.86,89.25]]]}},{"type":"Feature","properties":{"id":1531,"base_y":16.7,"height":4.37,"tipo":"edificio","plantas":1,"medianeras":[3]},"geometry":{"type":"Polygon","coordinates":[[[-158.21,32.42],[-158.02,36.7],[-162.65,36.96],[-162.9,32.42],[-158.21,32.42]]]}},{"type":"Feature","properties":{"id":1532,"base_y":13.87,"height":8.42,"tipo":"edificio","plantas":1,"medianeras":[0,2,3]},"geometry":{"type":"Polygon","coordinates":[[[344.41,50.54],[344.47,52.29],[332.48,52.73],[332.42,50.98],[344.41,50.54]]]}},{"type":"Feature","properties":{"id":1533,"base_y":15.23,"height":7.05,"tipo":"edificio","plantas":1,"medianeras":[0,1,2]},"geometry":{"type":"Polygon","coordinates":[[[320.49,53.18],[320.43,51.43],[332.42,50.98],[332.48,52.73],[320.49,53.18]]]}},{"type":"Feature","properties":{"id":1534,"base_y":15.26,"height":6.09,"tipo":"cobertizo","plantas":1,"medianeras":[0,1]},"geometry":{"type":"Polygon","coordinates":[[[77.58,97.5],[77.69,100.4],[70.46,100.65],[70.32,97.76],[77.58,97.5]]]}},{"type":"Feature","properties":{"id":1535,"base_y":15.97,"height":6.19,"tipo":"edificio","plantas":1,"medianeras":[2,3]},"geometry":{"type":"Polygon","coordinates":[[[-126.67,163.68],[-126.84,158.94],[-122.46,158.8],[-122.27,163.52],[-126.67,163.68]]]}},{"type":"Feature","properties":{"id":1536,"base_y":14.76,"height":4.74,"tipo":"edificio","plantas":1,"medianeras":[5]},"geometry":{"type":"Polygon","coordinates":[[[340.49,8.27],[340.61,11.65],[345.85,11.42],[345.91,13.04],[338.16,13.3],[337.99,8.38],[340.49,8.27]]]}},{"type":"Feature","properties":{"id":1537,"base_y":14.29,"height":4.81,"tipo":"edificio","plantas":1,"medianeras":[0,2,3]},"geometry":{"type":"Polygon","coordinates":[[[-185.37,227.66],[-185.6,222.62],[-181.49,222.44],[-181.29,227.49],[-185.37,227.66]]]}},{"type":"Feature","properties":{"id":1538,"base_y":15.21,"height":4.11,"tipo":"cobertizo","plantas":1,"medianeras":[0,1,2,3]},"geometry":{"type":"Polygon","coordinates":[[[139.98,105.18],[152.55,104.77],[152.66,106.41],[139.98,106.82],[139.98,105.18]]]}},{"type":"Feature","properties":{"id":1539,"base_y":15.57,"height":3.61,"tipo":"edificio","plantas":1,"medianeras":[0,2]},"geometry":{"type":"Polygon","coordinates":[[[144.16,5.75],[144.33,10.5],[139.98,10.63],[139.78,5.92],[144.16,5.75]]]}},{"type":"Feature","properties":{"id":1540,"base_y":17.6,"height":3.94,"tipo":"edificio","plantas":1,"medianeras":[0,3]},"geometry":{"type":"Polygon","coordinates":[[[87.93,-159.69],[87.81,-162.71],[94.63,-162.99],[94.76,-159.97],[87.93,-159.69]]]}},{"type":"Feature","properties":{"id":1541,"base_y":15.96,"height":3.69,"tipo":"cobertizo","plantas":1,"medianeras":[0,3]},"geometry":{"type":"Polygon","coordinates":[[[-90.27,111.6],[-90.08,116.29],[-94.5,116.49],[-94.63,111.79],[-90.27,111.6]]]}},{"type":"Feature","properties":{"id":1542,"base_y":14.35,"height":7.11,"tipo":"edificio","plantas":1,"medianeras":[0,1,2]},"geometry":{"type":"Polygon","coordinates":[[[170.83,168.25],[170.99,171.32],[164.38,171.58],[164.22,168.5],[170.83,168.25]]]}},{"type":"Feature","properties":{"id":1543,"base_y":6.49,"height":13.6,"tipo":"edificio","plantas":1,"medianeras":[]},"geometry":{"type":"Polygon","coordinates":[[[-465.57,111.15],[-467.03,115.41],[-471.29,113.95],[-469.83,109.69],[-465.57,111.15]]]}},{"type":"Feature","properties":{"id":1544,"base_y":15.58,"height":6.19,"tipo":"edificio","plantas":1,"medianeras":[0,1,2]},"geometry":{"type":"Polygon","coordinates":[[[-15.13,33.38],[-15.05,35.14],[-26.47,35.61],[-26.55,33.85],[-15.13,33.38]]]}},{"type":"Feature","properties":{"id":1545,"base_y":14.95,"height":7.62,"tipo":"cobertizo","plantas":1,"medianeras":[0,2,3]},"geometry":{"type":"Polygon","coordinates":[[[224.15,-14.63],[224.24,-12.02],[216.55,-11.78],[216.44,-14.35],[224.15,-14.63]]]}},{"type":"Feature","properties":{"id":1546,"base_y":17.04,"height":4.12,"tipo":"edificio","plantas":1,"medianeras":[0,2,3]},"geometry":{"type":"Polygon","coordinates":[[[14.29,-156.69],[14.17,-159.67],[20.86,-159.94],[20.99,-156.96],[14.29,-156.69]]]}},{"type":"Feature","properties":{"id":1547,"base_y":14.41,"height":6.96,"tipo":"edificio","plantas":1,"medianeras":[0,2]},"geometry":{"type":"Polygon","coordinates":[[[-185.32,213.33],[-185.55,207.56],[-182.09,207.43],[-181.86,213.17],[-185.32,213.33]]]}},{"type":"Feature","properties":{"id":1548,"base_y":14.72,"height":8.65,"tipo":"edificio","plantas":1,"medianeras":[0,1,2]},"geometry":{"type":"Polygon","coordinates":[[[325.71,175.89],[325.45,169.74],[328.65,169.6],[328.91,175.75],[325.71,175.89]]]}},{"type":"Feature","properties":{"id":1549,"base_y":17.26,"height":3.93,"tipo":"edificio","plantas":1,"medianeras":[0,2,3]},"geometry":{"type":"Polygon","coordinates":[[[47.76,-158.05],[47.65,-160.95],[54.34,-161.22],[54.46,-158.33],[47.76,-158.05]]]}},{"type":"Feature","properties":{"id":1550,"base_y":17.33,"height":4.22,"tipo":"edificio","plantas":1,"medianeras":[0,1,2]},"geometry":{"type":"Polygon","coordinates":[[[61.04,-161.48],[61.15,-158.6],[54.46,-158.33],[54.34,-161.22],[61.04,-161.48]]]}},{"type":"Feature","properties":{"id":1551,"base_y":16.18,"height":4.81,"tipo":"cobertizo","plantas":1,"medianeras":[0]},"geometry":{"type":"Polygon","coordinates":[[[-123.44,113.9],[-123.59,109.04],[-119.54,109.0],[-119.41,113.7],[-123.44,113.9]]]}},{"type":"Feature","properties":{"id":1552,"base_y":17.23,"height":4.02,"tipo":"edificio","plantas":1,"medianeras":[0,1,2]},"geometry":{"type":"Polygon","coordinates":[[[34.26,-160.39],[34.38,-157.51],[27.68,-157.24],[27.56,-160.12],[34.26,-160.39]]]}},{"type":"Feature","properties":{"id":1553,"base_y":17.25,"height":3.96,"tipo":"edificio","plantas":1,"medianeras":[0,2,3]},"geometry":{"type":"Polygon","coordinates":[[[20.99,-156.96],[20.87,-159.84],[27.56,-160.12],[27.68,-157.24],[20.99,-156.96]]]}},{"type":"Feature","properties":{"id":1554,"base_y":17.25,"height":4.1,"tipo":"edificio","plantas":1,"medianeras":[0,2,3]},"geometry":{"type":"Polygon","coordinates":[[[34.38,-157.51],[34.26,-160.39],[40.95,-160.66],[41.07,-157.78],[34.38,-157.51]]]}},{"type":"Feature","properties":{"id":1555,"base_y":14.88,"height":7.89,"tipo":"cobertizo","plantas":1,"medianeras":[0,5]},"geometry":{"type":"Polygon","coordinates":[[[228.81,-15.39],[233.65,-15.54],[233.7,-13.91],[236.19,-13.98],[236.24,-12.46],[228.93,-12.17],[228.81,-15.39]]]}},{"type":"Feature","properties":{"id":1556,"base_y":17.26,"height":3.98,"tipo":"edificio","plantas":1,"medianeras":[0,1,2]},"geometry":{"type":"Polygon","coordinates":[[[47.65,-160.93],[47.76,-158.05],[41.07,-157.78],[40.95,-160.66],[47.65,-160.93]]]}},{"type":"Feature","properties":{"id":1557,"base_y":17.49,"height":4.2,"tipo":"edificio","plantas":1,"medianeras":[0,2,3]},"geometry":{"type":"Polygon","coordinates":[[[61.15,-158.6],[61.04,-161.48],[67.73,-161.75],[67.85,-158.87],[61.15,-158.6]]]}},{"type":"Feature","properties":{"id":1558,"base_y":17.6,"height":3.94,"tipo":"edificio","plantas":1,"medianeras":[0,1,2]},"geometry":{"type":"Polygon","coordinates":[[[74.42,-162.02],[74.54,-159.14],[67.85,-158.87],[67.73,-161.75],[74.42,-162.02]]]}},{"type":"Feature","properties":{"id":1559,"base_y":17.6,"height":3.86,"tipo":"edificio","plantas":1,"medianeras":[0,1,2]},"geometry":{"type":"Polygon","coordinates":[[[81.12,-162.29],[81.24,-159.42],[74.54,-159.14],[74.42,-162.02],[81.12,-162.29]]]}},{"type":"Feature","properties":{"id":1560,"base_y":17.54,"height":4.13,"tipo":"edificio","plantas":1,"medianeras":[0,1,2]},"geometry":{"type":"Polygon","coordinates":[[[87.81,-162.57],[87.93,-159.69],[81.24,-159.42],[81.12,-162.29],[87.81,-162.57]]]}},{"type":"Feature","properties":{"id":1561,"base_y":15.75,"height":6.42,"tipo":"edificio","plantas":1,"medianeras":[3]},"geometry":{"type":"Polygon","coordinates":[[[-8.45,106.99],[-8.56,104.34],[-1.32,104.08],[-1.22,106.76],[-8.45,106.99]]]}},{"type":"Feature","properties":{"id":1562,"base_y":15.3,"height":4.29,"tipo":"cobertizo","plantas":1,"medianeras":[0,1]},"geometry":{"type":"Polygon","coordinates":[[[271.46,130.45],[271.38,127.9],[278.87,127.63],[279.06,130.17],[271.46,130.45]]]}},{"type":"Feature","properties":{"id":1563,"base_y":15.57,"height":6.5,"tipo":"edificio","plantas":1,"medianeras":[1,2]},"geometry":{"type":"Polygon","coordinates":[[[291.62,52.53],[291.55,48.64],[296.45,48.48],[296.6,52.35],[291.62,52.53]]]}},{"type":"Feature","properties":{"id":1564,"base_y":14.39,"height":7.0,"tipo":"edificio","plantas":2,"medianeras":[0,2]},"geometry":{"type":"Polygon","coordinates":[[[-185.55,207.56],[-185.32,213.33],[-188.6,213.49],[-188.84,207.68],[-185.55,207.56]]]}},{"type":"Feature","properties":{"id":1565,"base_y":15.4,"height":6.55,"tipo":"edificio","plantas":1,"medianeras":[0,2]},"geometry":{"type":"Polygon","coordinates":[[[236.46,12.2],[242.43,11.95],[242.55,15.12],[236.59,15.36],[236.46,12.2]]]}},{"type":"Feature","properties":{"id":1566,"base_y":15.37,"height":6.29,"tipo":"cobertizo","plantas":1,"medianeras":[0,3]},"geometry":{"type":"Polygon","coordinates":[[[179.27,-12.04],[188.0,-12.54],[188.19,-10.4],[179.35,-9.91],[179.27,-12.04]]]}},{"type":"Feature","properties":{"id":1567,"base_y":14.89,"height":4.26,"tipo":"cobertizo","plantas":1,"medianeras":[0,1]},"geometry":{"type":"Polygon","coordinates":[[[-24.97,176.29],[-24.87,178.74],[-31.9,179.05],[-32.03,176.31],[-24.97,176.29]]]}},{"type":"Feature","properties":{"id":1568,"base_y":15.33,"height":7.05,"tipo":"edificio","plantas":1,"medianeras":[1,2,3]},"geometry":{"type":"Polygon","coordinates":[[[191.24,-23.93],[203.64,-24.48],[203.7,-22.91],[191.3,-22.48],[191.24,-23.93]]]}},{"type":"Feature","properties":{"id":1569,"base_y":15.45,"height":4.24,"tipo":"cobertizo","plantas":1,"medianeras":[1]},"geometry":{"type":"Polygon","coordinates":[[[79.98,23.94],[80.25,29.35],[76.83,29.53],[76.56,24.07],[79.98,23.94]]]}},{"type":"Feature","properties":{"id":1570,"base_y":12.74,"height":3.95,"tipo":"cobertizo","plantas":1,"medianeras":[0,1,4,5]},"geometry":{"type":"Polygon","coordinates":[[[-260.49,184.65],[-260.42,186.31],[-265.88,186.53],[-265.39,183.79],[-256.13,183.42],[-256.09,184.47],[-260.49,184.65]]]}},{"type":"Feature","properties":{"id":1571,"base_y":14.38,"height":7.47,"tipo":"edificio","plantas":1,"medianeras":[0,1]},"geometry":{"type":"Polygon","coordinates":[[[-328.47,39.06],[-328.68,31.87],[-326.04,31.77],[-325.94,38.96],[-328.47,39.06]]]}},{"type":"Feature","properties":{"id":1572,"base_y":13.14,"height":5.76,"tipo":"edificio","plantas":1,"medianeras":[1]},"geometry":{"type":"Polygon","coordinates":[[[-261.19,167.91],[-256.81,167.81],[-256.59,171.99],[-260.97,172.2],[-261.19,167.91]]]}},{"type":"Feature","properties":{"id":1573,"base_y":14.86,"height":5.1,"tipo":"edificio","plantas":1,"medianeras":[1]},"geometry":{"type":"Polygon","coordinates":[[[-13.46,216.53],[-13.23,220.68],[-17.57,220.87],[-17.77,216.48],[-13.46,216.53]]]}},{"type":"Feature","properties":{"id":1574,"base_y":14.26,"height":5.65,"tipo":"edificio","plantas":1,"medianeras":[2]},"geometry":{"type":"Polygon","coordinates":[[[138.29,168.79],[143.05,168.67],[143.15,172.54],[138.45,172.73],[138.29,168.79]]]}},{"type":"Feature","properties":{"id":1575,"base_y":15.35,"height":7.73,"tipo":"edificio","plantas":1,"medianeras":[2,3,4,5]},"geometry":{"type":"Polygon","coordinates":[[[213.1,-11.37],[211.71,-12.67],[211.61,-13.68],[212.67,-13.74],[212.6,-15.69],[216.38,-15.89],[216.56,-11.48],[213.1,-11.37]]]}},{"type":"Feature","properties":{"id":1576,"base_y":15.28,"height":8.63,"tipo":"edificio","plantas":1,"medianeras":[0,1,3]},"geometry":{"type":"Polygon","coordinates":[[[204.0,-15.33],[209.51,-15.58],[209.68,-12.24],[204.14,-12.03],[204.0,-15.33]]]}},{"type":"Feature","properties":{"id":1577,"base_y":16.38,"height":4.71,"tipo":"cobertizo","plantas":1,"medianeras":[0,1,2,3,4]},"geometry":{"type":"Polygon","coordinates":[[[-129.91,152.47],[-129.99,151.5],[-129.08,151.46],[-128.02,150.61],[-127.96,149.3],[-122.87,149.09],[-122.74,152.18],[-129.91,152.47]]]}},{"type":"Feature","properties":{"id":1578,"base_y":14.75,"height":6.39,"tipo":"edificio","plantas":1,"medianeras":[0,1,2,3,5]},"geometry":{"type":"Polygon","coordinates":[[[-178.18,190.37],[-178.25,189.24],[-179.37,189.32],[-179.53,185.5],[-175.61,185.3],[-175.41,190.26],[-178.18,190.37]]]}},{"type":"Feature","properties":{"id":1579,"base_y":15.56,"height":3.2,"tipo":"edificio","plantas":1,"medianeras":[1]},"geometry":{"type":"Polygon","coordinates":[[[293.81,66.42],[297.12,66.16],[297.33,71.77],[294.14,71.86],[293.81,66.42]]]}},{"type":"Feature","properties":{"id":1580,"base_y":16.03,"height":7.36,"tipo":"cobertizo","plantas":1,"medianeras":[3]},"geometry":{"type":"Polygon","coordinates":[[[42.52,-43.6],[42.73,-38.49],[39.23,-38.35],[39.02,-43.46],[42.52,-43.6]]]}},{"type":"Feature","properties":{"id":1581,"base_y":15.47,"height":3.96,"tipo":"edificio","plantas":1,"medianeras":[]},"geometry":{"type":"Polygon","coordinates":[[[9.2,71.49],[11.83,71.37],[12.21,77.97],[9.46,78.18],[9.2,71.49]]]}},{"type":"Feature","properties":{"id":1582,"base_y":14.98,"height":9.22,"tipo":"edificio","plantas":3,"medianeras":[0,1,2]},"geometry":{"type":"Polygon","coordinates":[[[292.48,102.1],[292.31,96.63],[295.64,96.53],[295.73,101.98],[292.48,102.1]]]}},{"type":"Feature","properties":{"id":1583,"base_y":15.88,"height":2.87,"tipo":"cobertizo","plantas":1,"medianeras":[0,1,2]},"geometry":{"type":"Polygon","coordinates":[[[-54.68,68.85],[-54.86,65.22],[-49.96,64.93],[-49.84,68.62],[-54.68,68.85]]]}},{"type":"Feature","properties":{"id":1584,"base_y":14.86,"height":6.19,"tipo":"edificio","plantas":1,"medianeras":[2,3]},"geometry":{"type":"Polygon","coordinates":[[[37.83,218.71],[37.68,215.52],[43.26,215.31],[43.42,218.5],[37.83,218.71]]]}},{"type":"Feature","properties":{"id":1585,"base_y":15.73,"height":2.5,"tipo":"edificio","plantas":1,"medianeras":[1]},"geometry":{"type":"Polygon","coordinates":[[[-11.29,71.28],[-11.12,78.26],[-13.62,78.38],[-13.9,71.42],[-11.29,71.28]]]}},{"type":"Feature","properties":{"id":1586,"base_y":14.01,"height":8.39,"tipo":"edificio","plantas":1,"medianeras":[1,2,3,4,5,6,7]},"geometry":{"type":"Polygon","coordinates":[[[-160.2,210.89],[-158.2,210.8],[-158.16,211.9],[-160.15,211.99],[-159.95,216.39],[-162.55,216.51],[-162.82,210.51],[-160.22,210.39],[-160.2,210.89]]]}},{"type":"Feature","properties":{"id":1587,"base_y":12.29,"height":6.45,"tipo":"edificio","plantas":1,"medianeras":[0,2,3]},"geometry":{"type":"Polygon","coordinates":[[[-408.04,32.32],[-407.87,38.25],[-410.87,38.36],[-411.04,32.43],[-408.04,32.32]]]}},{"type":"Feature","properties":{"id":1588,"base_y":12.26,"height":6.52,"tipo":"edificio","plantas":1,"medianeras":[0,1,2]},"geometry":{"type":"Polygon","coordinates":[[[-413.87,38.48],[-414.04,32.55],[-411.04,32.43],[-410.87,38.36],[-413.87,38.48]]]}},{"type":"Feature","properties":{"id":1589,"base_y":9.93,"height":7.5,"tipo":"edificio","plantas":1,"medianeras":[0,1,2]},"geometry":{"type":"Polygon","coordinates":[[[-428.84,39.06],[-429.01,33.13],[-426.01,33.01],[-425.84,38.94],[-428.84,39.06]]]}},{"type":"Feature","properties":{"id":1590,"base_y":10.13,"height":8.51,"tipo":"edificio","plantas":1,"medianeras":[0,2,3]},"geometry":{"type":"Polygon","coordinates":[[[-423.01,32.9],[-422.84,38.83],[-425.84,38.94],[-426.01,33.01],[-423.01,32.9]]]}},{"type":"Feature","properties":{"id":1591,"base_y":9.93,"height":7.14,"tipo":"edificio","plantas":1,"medianeras":[0,3]},"geometry":{"type":"Polygon","coordinates":[[[-438.0,33.48],[-437.83,39.41],[-440.83,39.52],[-441.0,33.6],[-438.0,33.48]]]}},{"type":"Feature","properties":{"id":1592,"base_y":9.1,"height":6.32,"tipo":"edificio","plantas":1,"medianeras":[0,1]},"geometry":{"type":"Polygon","coordinates":[[[-437.63,46.65],[-437.46,52.57],[-440.46,52.68],[-440.62,46.75],[-437.63,46.65]]]}},{"type":"Feature","properties":{"id":1593,"base_y":15.18,"height":7.38,"tipo":"edificio","plantas":1,"medianeras":[0,1,2]},"geometry":{"type":"Polygon","coordinates":[[[224.0,-26.16],[224.17,-21.42],[220.42,-21.3],[220.29,-26.02],[224.0,-26.16]]]}},{"type":"Feature","properties":{"id":1594,"base_y":10.57,"height":5.48,"tipo":"edificio","plantas":2,"medianeras":[0,1,2,3]},"geometry":{"type":"Polygon","coordinates":[[[-348.8,92.62],[-344.58,92.39],[-344.4,96.56],[-348.68,96.73],[-348.8,92.62]]]}},{"type":"Feature","properties":{"id":1595,"base_y":15.29,"height":8.3,"tipo":"edificio","plantas":1,"medianeras":[1,2,3]},"geometry":{"type":"Polygon","coordinates":[[[191.68,-12.75],[186.26,-12.44],[186.12,-15.68],[191.56,-15.94],[191.68,-12.75]]]}},{"type":"Feature","properties":{"id":1596,"base_y":15.59,"height":6.54,"tipo":"edificio","plantas":1,"medianeras":[1,2]},"geometry":{"type":"Polygon","coordinates":[[[267.73,53.42],[267.56,49.65],[272.19,49.44],[272.33,53.21],[267.73,53.42]]]}},{"type":"Feature","properties":{"id":1597,"base_y":16.29,"height":4.59,"tipo":"cobertizo","plantas":1,"medianeras":[0,1,3]},"geometry":{"type":"Polygon","coordinates":[[[-147.6,114.62],[-143.63,114.42],[-143.47,118.81],[-147.46,118.96],[-147.6,114.62]]]}},{"type":"Feature","properties":{"id":1598,"base_y":13.7,"height":8.38,"tipo":"edificio","plantas":1,"medianeras":[0,2]},"geometry":{"type":"Polygon","coordinates":[[[-154.72,217.05],[-154.94,212.06],[-151.55,211.9],[-151.32,216.9],[-154.72,217.05]]]}},{"type":"Feature","properties":{"id":1599,"base_y":11.58,"height":6.67,"tipo":"edificio","plantas":2,"medianeras":[0,1,2,3]},"geometry":{"type":"Polygon","coordinates":[[[-383.05,46.82],[-383.24,40.66],[-380.49,40.58],[-380.3,46.75],[-383.05,46.82]]]}},{"type":"Feature","properties":{"id":1600,"base_y":15.31,"height":6.75,"tipo":"edificio","plantas":1,"medianeras":[0,2,3]},"geometry":{"type":"Polygon","coordinates":[[[238.91,76.93],[233.65,77.12],[233.53,73.92],[238.79,73.72],[238.91,76.93]]]}},{"type":"Feature","properties":{"id":1601,"base_y":15.07,"height":7.14,"tipo":"edificio","plantas":1,"medianeras":[0,1]},"geometry":{"type":"Polygon","coordinates":[[[234.52,100.69],[239.79,100.49],[239.91,103.7],[234.64,103.9],[234.52,100.69]]]}},{"type":"Feature","properties":{"id":1602,"base_y":16.35,"height":2.99,"tipo":"edificio","plantas":1,"medianeras":[1,2,3]},"geometry":{"type":"Polygon","coordinates":[[[-236.45,97.04],[-236.29,100.88],[-240.69,101.06],[-240.84,97.22],[-236.45,97.04]]]}},{"type":"Feature","properties":{"id":1603,"base_y":14.78,"height":3.81,"tipo":"edificio","plantas":1,"medianeras":[2,3]},"geometry":{"type":"Polygon","coordinates":[[[17.62,219.63],[17.29,213.04],[19.86,212.91],[20.13,219.54],[17.62,219.63]]]}},{"type":"Feature","properties":{"id":1604,"base_y":15.67,"height":6.88,"tipo":"edificio","plantas":1,"medianeras":[1]},"geometry":{"type":"Polygon","coordinates":[[[10.58,106.48],[13.1,106.31],[13.4,112.97],[10.85,113.06],[10.58,106.48]]]}},{"type":"Feature","properties":{"id":1605,"base_y":13.85,"height":8.34,"tipo":"edificio","plantas":1,"medianeras":[1,2,3]},"geometry":{"type":"Polygon","coordinates":[[[277.38,233.28],[279.54,227.63],[282.01,228.37],[280.19,234.21],[277.38,233.28]]]}},{"type":"Feature","properties":{"id":1606,"base_y":14.54,"height":6.59,"tipo":"edificio","plantas":1,"medianeras":[3]},"geometry":{"type":"Polygon","coordinates":[[[35.24,175.06],[35.07,171.4],[39.61,171.24],[39.78,174.9],[35.24,175.06]]]}},{"type":"Feature","properties":{"id":1607,"base_y":14.68,"height":3.35,"tipo":"cobertizo","plantas":1,"medianeras":[0,3]},"geometry":{"type":"Polygon","coordinates":[[[286.2,161.22],[289.79,161.09],[289.97,165.68],[286.37,165.82],[286.2,161.22]]]}},{"type":"Feature","properties":{"id":1608,"base_y":15.48,"height":3.49,"tipo":"edificio","plantas":1,"medianeras":[0,1,2,3]},"geometry":{"type":"Polygon","coordinates":[[[136.33,25.07],[136.48,29.39],[132.73,29.52],[132.57,25.08],[136.33,25.07]]]}},{"type":"Feature","properties":{"id":1609,"base_y":15.49,"height":7.22,"tipo":"cobertizo","plantas":1,"medianeras":[0,1,2,3,5]},"geometry":{"type":"Polygon","coordinates":[[[36.64,-13.54],[32.68,-13.39],[32.62,-15.28],[30.63,-15.14],[30.55,-16.69],[36.5,-16.93],[36.64,-13.54]]]}},{"type":"Feature","properties":{"id":1610,"base_y":15.7,"height":6.27,"tipo":"edificio","plantas":1,"medianeras":[3]},"geometry":{"type":"Polygon","coordinates":[[[-21.01,107.78],[-21.15,104.18],[-16.58,104.0],[-16.43,107.57],[-21.01,107.78]]]}},{"type":"Feature","properties":{"id":1611,"base_y":11.62,"height":11.9,"tipo":"edificio","plantas":1,"medianeras":[0,1,2]},"geometry":{"type":"Polygon","coordinates":[[[-380.62,36.75],[-380.67,35.43],[-368.67,34.95],[-368.62,36.32],[-380.62,36.75]]]}},{"type":"Feature","properties":{"id":1612,"base_y":15.47,"height":2.53,"tipo":"cobertizo","plantas":1,"medianeras":[1,3]},"geometry":{"type":"Polygon","coordinates":[[[299.52,60.43],[299.75,66.59],[297.14,66.72],[296.91,60.53],[299.52,60.43]]]}},{"type":"Feature","properties":{"id":1613,"base_y":15.56,"height":4.62,"tipo":"edificio","plantas":1,"medianeras":[0,1,3]},"geometry":{"type":"Polygon","coordinates":[[[189.29,93.66],[189.49,99.09],[186.53,99.2],[186.33,93.77],[189.29,93.66]]]}},{"type":"Feature","properties":{"id":1614,"base_y":15.22,"height":6.26,"tipo":"edificio","plantas":1,"medianeras":[0,1]},"geometry":{"type":"Polygon","coordinates":[[[229.4,97.62],[226.44,97.73],[226.24,92.3],[229.2,92.19],[229.4,97.62]]]}},{"type":"Feature","properties":{"id":1615,"base_y":15.24,"height":8.3,"tipo":"edificio","plantas":1,"medianeras":[0,1,2,3]},"geometry":{"type":"Polygon","coordinates":[[[324.68,47.27],[328.67,47.12],[328.82,51.12],[324.82,51.26],[324.68,47.27]]]}},{"type":"Feature","properties":{"id":1616,"base_y":15.51,"height":3.68,"tipo":"edificio","plantas":1,"medianeras":[]},"geometry":{"type":"Polygon","coordinates":[[[46.49,-23.71],[45.95,-24.69],[45.77,-29.18],[48.7,-29.3],[48.96,-23.81],[46.49,-23.71]]]}},{"type":"Feature","properties":{"id":1617,"base_y":15.14,"height":5.75,"tipo":"edificio","plantas":1,"medianeras":[0,2,3]},"geometry":{"type":"Polygon","coordinates":[[[239.46,91.74],[234.19,91.94],[234.08,88.91],[239.35,88.71],[239.46,91.74]]]}},{"type":"Feature","properties":{"id":1618,"base_y":13.72,"height":8.14,"tipo":"edificio","plantas":1,"medianeras":[1,2,3]},"geometry":{"type":"Polygon","coordinates":[[[336.66,85.37],[337.66,86.3],[337.78,89.5],[333.85,89.65],[333.69,85.48],[336.66,85.37]]]}},{"type":"Feature","properties":{"id":1619,"base_y":14.76,"height":6.81,"tipo":"edificio","plantas":1,"medianeras":[1,2,3]},"geometry":{"type":"Polygon","coordinates":[[[5.22,158.33],[5.74,168.94],[4.24,169.01],[3.73,158.39],[5.22,158.33]]]}},{"type":"Feature","properties":{"id":1620,"base_y":15.01,"height":2.91,"tipo":"edificio","plantas":1,"medianeras":[2]},"geometry":{"type":"Polygon","coordinates":[[[139.68,123.26],[139.82,126.86],[135.42,127.03],[135.28,123.44],[139.68,123.26]]]}},{"type":"Feature","properties":{"id":1621,"base_y":14.28,"height":9.15,"tipo":"cobertizo","plantas":1,"medianeras":[0,1]},"geometry":{"type":"Polygon","coordinates":[[[22.2,139.67],[30.11,139.3],[30.2,141.3],[22.3,141.67],[22.2,139.67]]]}},{"type":"Feature","properties":{"id":1622,"base_y":16.4,"height":3.12,"tipo":"cobertizo","plantas":1,"medianeras":[]},"geometry":{"type":"Polygon","coordinates":[[[22.68,-93.54],[22.53,-97.28],[26.74,-97.45],[26.9,-93.72],[22.68,-93.54]]]}},{"type":"Feature","properties":{"id":1623,"base_y":11.19,"height":6.4,"tipo":"edificio","plantas":1,"medianeras":[0,5]},"geometry":{"type":"Polygon","coordinates":[[[-331.61,101.36],[-329.19,101.28],[-329.1,106.11],[-328.23,106.03],[-328.3,107.45],[-331.36,107.55],[-331.61,101.36]]]}},{"type":"Feature","properties":{"id":1624,"base_y":14.94,"height":8.89,"tipo":"edificio","plantas":1,"medianeras":[0,1,3,4]},"geometry":{"type":"Polygon","coordinates":[[[-77.69,207.79],[-77.9,204.44],[-79.15,203.6],[-74.29,203.4],[-74.11,207.64],[-77.69,207.79]]]}},{"type":"Feature","properties":{"id":1625,"base_y":14.28,"height":3.94,"tipo":"edificio","plantas":1,"medianeras":[1,3]},"geometry":{"type":"Polygon","coordinates":[[[248.07,222.3],[249.05,218.96],[253.36,220.27],[252.4,223.54],[248.07,222.3]]]}},{"type":"Feature","properties":{"id":1626,"base_y":13.03,"height":5.05,"tipo":"edificio","plantas":1,"medianeras":[1]},"geometry":{"type":"Polygon","coordinates":[[[331.14,237.89],[331.81,235.36],[337.3,236.82],[336.48,239.57],[331.14,237.89]]]}},{"type":"Feature","properties":{"id":1627,"base_y":16.03,"height":4.67,"tipo":"edificio","plantas":1,"medianeras":[1]},"geometry":{"type":"Polygon","coordinates":[[[-96.8,152.35],[-96.85,158.65],[-99.12,158.84],[-99.36,152.43],[-96.8,152.35]]]}},{"type":"Feature","properties":{"id":1628,"base_y":14.44,"height":5.18,"tipo":"edificio","plantas":1,"medianeras":[1,2,3,4,5]},"geometry":{"type":"Polygon","coordinates":[[[322.17,98.43],[315.46,98.66],[315.34,95.35],[317.33,95.28],[317.41,96.7],[322.1,96.64],[322.17,98.43]]]}},{"type":"Feature","properties":{"id":1629,"base_y":15.61,"height":5.54,"tipo":"edificio","plantas":1,"medianeras":[1,2]},"geometry":{"type":"Polygon","coordinates":[[[35.25,28.03],[35.34,31.21],[30.59,31.3],[30.45,28.08],[35.25,28.03]]]}},{"type":"Feature","properties":{"id":1630,"base_y":14.81,"height":6.97,"tipo":"edificio","plantas":1,"medianeras":[0,3,4]},"geometry":{"type":"Polygon","coordinates":[[[342.1,89.34],[341.99,86.14],[342.91,85.14],[345.69,85.04],[345.84,89.21],[342.1,89.34]]]}},{"type":"Feature","properties":{"id":1631,"base_y":15.54,"height":6.56,"tipo":"edificio","plantas":1,"medianeras":[0,2,3]},"geometry":{"type":"Polygon","coordinates":[[[198.02,98.77],[197.82,93.35],[200.6,93.25],[200.8,98.67],[198.02,98.77]]]}},{"type":"Feature","properties":{"id":1632,"base_y":15.41,"height":4.9,"tipo":"edificio","plantas":1,"medianeras":[0,1,2]},"geometry":{"type":"Polygon","coordinates":[[[203.38,93.14],[203.58,98.57],[200.8,98.67],[200.6,93.25],[203.38,93.14]]]}},{"type":"Feature","properties":{"id":1633,"base_y":15.31,"height":6.18,"tipo":"edificio","plantas":1,"medianeras":[0,1,2,3]},"geometry":{"type":"Polygon","coordinates":[[[217.71,92.62],[217.91,98.04],[215.13,98.14],[214.93,92.72],[217.71,92.62]]]}},{"type":"Feature","properties":{"id":1634,"base_y":15.32,"height":6.62,"tipo":"edificio","plantas":1,"medianeras":[0,2,3]},"geometry":{"type":"Polygon","coordinates":[[[212.35,98.25],[212.15,92.82],[214.93,92.72],[215.13,98.14],[212.35,98.25]]]}},{"type":"Feature","properties":{"id":1635,"base_y":15.75,"height":6.21,"tipo":"cobertizo","plantas":1,"medianeras":[0,3]},"geometry":{"type":"Polygon","coordinates":[[[-30.74,108.13],[-30.83,105.94],[-24.02,105.67],[-23.93,107.9],[-30.74,108.13]]]}},{"type":"Feature","properties":{"id":1636,"base_y":15.09,"height":7.25,"tipo":"edificio","plantas":1,"medianeras":[0,1]},"geometry":{"type":"Polygon","coordinates":[[[275.03,-27.88],[275.21,-25.11],[269.77,-24.9],[269.67,-27.68],[275.03,-27.88]]]}},{"type":"Feature","properties":{"id":1637,"base_y":14.58,"height":5.77,"tipo":"edificio","plantas":1,"medianeras":[0,1]},"geometry":{"type":"Polygon","coordinates":[[[47.88,175.95],[44.56,176.06],[44.44,171.47],[47.67,171.34],[47.88,175.95]]]}},{"type":"Feature","properties":{"id":1638,"base_y":14.76,"height":3.77,"tipo":"edificio","plantas":1,"medianeras":[2,3]},"geometry":{"type":"Polygon","coordinates":[[[356.48,7.68],[356.66,12.68],[353.65,12.78],[353.48,7.78],[356.48,7.68]]]}},{"type":"Feature","properties":{"id":1639,"base_y":16.97,"height":3.14,"tipo":"edificio","plantas":1,"medianeras":[]},"geometry":{"type":"Polygon","coordinates":[[[16.72,-97.04],[12.26,-96.86],[12.12,-100.19],[16.62,-100.38],[16.72,-97.04]]]}},{"type":"Feature","properties":{"id":1640,"base_y":15.8,"height":6.91,"tipo":"cobertizo","plantas":1,"medianeras":[]},"geometry":{"type":"Polygon","coordinates":[[[-24.69,-17.71],[-24.45,-12.72],[-27.45,-12.58],[-27.69,-17.58],[-24.69,-17.71]]]}},{"type":"Feature","properties":{"id":1641,"base_y":15.07,"height":5.33,"tipo":"edificio","plantas":1,"medianeras":[0,3]},"geometry":{"type":"Polygon","coordinates":[[[-163.06,184.35],[-163.18,180.95],[-158.78,180.77],[-158.65,184.17],[-163.06,184.35]]]}},{"type":"Feature","properties":{"id":1642,"base_y":15.93,"height":8.99,"tipo":"edificio","plantas":1,"medianeras":[2,3]},"geometry":{"type":"Polygon","coordinates":[[[-188.74,154.41],[-188.54,157.89],[-192.77,158.16],[-192.9,154.56],[-188.74,154.41]]]}},{"type":"Feature","properties":{"id":1643,"base_y":15.39,"height":8.12,"tipo":"edificio","plantas":2,"medianeras":[0,1,3]},"geometry":{"type":"Polygon","coordinates":[[[140.32,79.33],[136.63,79.49],[136.45,75.49],[140.15,75.33],[140.32,79.33]]]}},{"type":"Feature","properties":{"id":1644,"base_y":14.59,"height":3.88,"tipo":"edificio","plantas":1,"medianeras":[3]},"geometry":{"type":"Polygon","coordinates":[[[335.13,198.23],[335.25,202.05],[331.42,202.13],[331.3,198.31],[335.13,198.23]]]}},{"type":"Feature","properties":{"id":1645,"base_y":14.69,"height":6.64,"tipo":"edificio","plantas":1,"medianeras":[0,3]},"geometry":{"type":"Polygon","coordinates":[[[15.94,177.13],[12.01,177.26],[11.73,173.61],[15.78,173.49],[15.94,177.13]]]}},{"type":"Feature","properties":{"id":1646,"base_y":14.98,"height":10.18,"tipo":"edificio","plantas":1,"medianeras":[0,2,3]},"geometry":{"type":"Polygon","coordinates":[[[310.91,128.04],[310.95,128.93],[294.78,129.56],[294.74,128.66],[310.91,128.04]]]}},{"type":"Feature","properties":{"id":1647,"base_y":14.72,"height":6.08,"tipo":"edificio","plantas":1,"medianeras":[2,3]},"geometry":{"type":"Polygon","coordinates":[[[-103.44,225.12],[-103.53,219.44],[-101.04,219.23],[-100.85,224.98],[-103.44,225.12]]]}},{"type":"Feature","properties":{"id":1648,"base_y":17.11,"height":6.43,"tipo":"edificio","plantas":2,"medianeras":[0,2]},"geometry":{"type":"Polygon","coordinates":[[[-231.08,32.26],[-226.84,32.11],[-226.77,35.52],[-230.99,35.67],[-231.08,32.26]]]}},{"type":"Feature","properties":{"id":1649,"base_y":15.27,"height":7.84,"tipo":"edificio","plantas":1,"medianeras":[1,2]},"geometry":{"type":"Polygon","coordinates":[[[197.08,-11.15],[197.03,-13.17],[204.08,-13.45],[204.16,-11.42],[197.08,-11.15]]]}},{"type":"Feature","properties":{"id":1650,"base_y":14.62,"height":7.56,"tipo":"edificio","plantas":1,"medianeras":[0,3]},"geometry":{"type":"Polygon","coordinates":[[[-320.89,31.57],[-318.83,31.49],[-318.67,38.68],[-320.59,38.74],[-320.89,31.57]]]}},{"type":"Feature","properties":{"id":1651,"base_y":14.93,"height":4.82,"tipo":"cobertizo","plantas":1,"medianeras":[0,1,2,3]},"geometry":{"type":"Polygon","coordinates":[[[4.84,220.05],[4.78,217.25],[9.97,217.12],[10.1,219.76],[4.84,220.05]]]}},{"type":"Feature","properties":{"id":1652,"base_y":13.55,"height":2.5,"tipo":"edificio","plantas":1,"medianeras":[]},"geometry":{"type":"Polygon","coordinates":[[[-317.07,81.87],[-316.49,88.38],[-318.77,88.63],[-319.06,81.87],[-317.07,81.87]]]}},{"type":"Feature","properties":{"id":1653,"base_y":15.67,"height":6.77,"tipo":"cobertizo","plantas":1,"medianeras":[0,1,2,3,4]},"geometry":{"type":"Polygon","coordinates":[[[-39.79,-3.02],[-34.3,-3.29],[-34.34,-4.09],[-33.84,-4.11],[-33.69,-1.06],[-39.69,-0.83],[-39.79,-3.02]]]}},{"type":"Feature","properties":{"id":1654,"base_y":14.88,"height":6.59,"tipo":"edificio","plantas":1,"medianeras":[3]},"geometry":{"type":"Polygon","coordinates":[[[324.55,165.33],[324.4,161.83],[328.32,161.69],[328.46,165.19],[324.55,165.33]]]}},{"type":"Feature","properties":{"id":1655,"base_y":14.12,"height":7.07,"tipo":"cobertizo","plantas":1,"medianeras":[0,1,3]},"geometry":{"type":"Polygon","coordinates":[[[-155.09,208.96],[-158.28,209.1],[-158.23,210.3],[-160.22,210.39],[-160.57,207.11],[-155.18,206.88],[-155.09,208.96]]]}},{"type":"Feature","properties":{"id":1656,"base_y":16.11,"height":5.8,"tipo":"cobertizo","plantas":1,"medianeras":[2]},"geometry":{"type":"Polygon","coordinates":[[[-136.13,136.34],[-129.54,136.08],[-129.45,138.16],[-136.02,138.41],[-136.13,136.34]]]}},{"type":"Feature","properties":{"id":1657,"base_y":14.43,"height":6.19,"tipo":"edificio","plantas":1,"medianeras":[0,1,3]},"geometry":{"type":"Polygon","coordinates":[[[144.46,213.56],[144.29,209.49],[147.64,209.36],[147.8,213.43],[144.46,213.56]]]}},{"type":"Feature","properties":{"id":1658,"base_y":14.82,"height":5.81,"tipo":"edificio","plantas":1,"medianeras":[1,3]},"geometry":{"type":"Polygon","coordinates":[[[353.65,12.78],[353.82,17.73],[351.07,17.83],[350.9,12.87],[353.65,12.78]]]}},{"type":"Feature","properties":{"id":1659,"base_y":15.63,"height":5.68,"tipo":"cobertizo","plantas":1,"medianeras":[0,1,3]},"geometry":{"type":"Polygon","coordinates":[[[30.67,33.24],[26.63,33.41],[26.51,30.02],[30.53,29.91],[30.67,33.24]]]}},{"type":"Feature","properties":{"id":1660,"base_y":14.79,"height":8.21,"tipo":"cobertizo","plantas":1,"medianeras":[0,2,3]},"geometry":{"type":"Polygon","coordinates":[[[71.49,-14.92],[71.34,-18.61],[75.02,-18.71],[75.19,-15.06],[71.49,-14.92]]]}},{"type":"Feature","properties":{"id":1661,"base_y":16.71,"height":3.64,"tipo":"edificio","plantas":1,"medianeras":[1,3]},"geometry":{"type":"Polygon","coordinates":[[[70.18,-94.71],[67.18,-94.59],[67.0,-99.09],[70.0,-99.21],[70.18,-94.71]]]}},{"type":"Feature","properties":{"id":1662,"base_y":15.07,"height":5.71,"tipo":"cobertizo","plantas":1,"medianeras":[0,3]},"geometry":{"type":"Polygon","coordinates":[[[92.68,223.5],[97.18,223.33],[97.27,226.33],[92.78,226.5],[92.68,223.5]]]}},{"type":"Feature","properties":{"id":1663,"base_y":17.06,"height":3.43,"tipo":"edificio","plantas":1,"medianeras":[2,3]},"geometry":{"type":"Polygon","coordinates":[[[19.22,-147.25],[19.34,-144.29],[14.8,-144.11],[14.68,-147.07],[19.22,-147.25]]]}},{"type":"Feature","properties":{"id":1664,"base_y":17.57,"height":3.08,"tipo":"edificio","plantas":1,"medianeras":[1]},"geometry":{"type":"Polygon","coordinates":[[[90.76,-147.19],[90.64,-150.15],[95.15,-150.34],[95.27,-147.37],[90.76,-147.19]]]}},{"type":"Feature","properties":{"id":1665,"base_y":14.83,"height":7.16,"tipo":"cobertizo","plantas":1,"medianeras":[0,3]},"geometry":{"type":"Polygon","coordinates":[[[58.82,-14.41],[58.64,-18.17],[62.21,-18.27],[62.4,-14.55],[58.82,-14.41]]]}},{"type":"Feature","properties":{"id":1666,"base_y":15.52,"height":10.04,"tipo":"edificio","plantas":1,"medianeras":[3,4,7]},"geometry":{"type":"Polygon","coordinates":[[[29.76,131.16],[26.67,131.29],[26.6,129.74],[25.11,129.8],[25.07,129.01],[25.92,128.97],[25.86,127.66],[29.6,127.49],[29.76,131.16]]]}},{"type":"Feature","properties":{"id":1667,"base_y":14.91,"height":2.84,"tipo":"edificio","plantas":1,"medianeras":[]},"geometry":{"type":"Polygon","coordinates":[[[340.24,-40.3],[340.36,-36.82],[336.54,-36.69],[336.42,-40.18],[340.24,-40.3]]]}},{"type":"Feature","properties":{"id":1668,"base_y":17.47,"height":3.19,"tipo":"edificio","plantas":1,"medianeras":[1,2]},"geometry":{"type":"Polygon","coordinates":[[[77.27,-146.64],[77.15,-149.61],[81.63,-149.79],[81.75,-146.83],[77.27,-146.64]]]}},{"type":"Feature","properties":{"id":1669,"base_y":17.53,"height":3.14,"tipo":"edificio","plantas":1,"medianeras":[1,2]},"geometry":{"type":"Polygon","coordinates":[[[63.89,-146.1],[63.76,-149.06],[68.24,-149.24],[68.36,-146.28],[63.89,-146.1]]]}},{"type":"Feature","properties":{"id":1670,"base_y":17.53,"height":3.13,"tipo":"edificio","plantas":1,"medianeras":[2,3]},"geometry":{"type":"Polygon","coordinates":[[[86.1,-149.97],[86.23,-147.01],[81.75,-146.83],[81.63,-149.79],[86.1,-149.97]]]}},{"type":"Feature","properties":{"id":1671,"base_y":17.54,"height":3.09,"tipo":"edificio","plantas":1,"medianeras":[2,3]},"geometry":{"type":"Polygon","coordinates":[[[72.72,-149.43],[72.84,-146.46],[68.36,-146.28],[68.24,-149.24],[72.72,-149.43]]]}},{"type":"Feature","properties":{"id":1672,"base_y":17.41,"height":3.23,"tipo":"edificio","plantas":1,"medianeras":[2,3]},"geometry":{"type":"Polygon","coordinates":[[[59.33,-148.88],[59.45,-145.92],[54.97,-145.74],[54.85,-148.7],[59.33,-148.88]]]}},{"type":"Feature","properties":{"id":1673,"base_y":17.27,"height":3.07,"tipo":"edificio","plantas":1,"medianeras":[1,2]},"geometry":{"type":"Polygon","coordinates":[[[50.5,-145.56],[50.38,-148.52],[54.85,-148.7],[54.97,-145.74],[50.5,-145.56]]]}},{"type":"Feature","properties":{"id":1674,"base_y":17.26,"height":3.04,"tipo":"edificio","plantas":1,"medianeras":[2,3]},"geometry":{"type":"Polygon","coordinates":[[[45.94,-148.34],[46.06,-145.38],[41.58,-145.19],[41.46,-148.16],[45.94,-148.34]]]}},{"type":"Feature","properties":{"id":1675,"base_y":17.22,"height":3.11,"tipo":"edificio","plantas":1,"medianeras":[2,3]},"geometry":{"type":"Polygon","coordinates":[[[32.55,-147.79],[32.67,-144.83],[28.19,-144.65],[28.07,-147.61],[32.55,-147.79]]]}},{"type":"Feature","properties":{"id":1676,"base_y":17.21,"height":3.16,"tipo":"edificio","plantas":1,"medianeras":[1,2]},"geometry":{"type":"Polygon","coordinates":[[[23.72,-144.47],[23.6,-147.43],[28.07,-147.61],[28.19,-144.65],[23.72,-144.47]]]}},{"type":"Feature","properties":{"id":1677,"base_y":17.18,"height":3.16,"tipo":"edificio","plantas":1,"medianeras":[1,2]},"geometry":{"type":"Polygon","coordinates":[[[37.11,-145.01],[36.99,-147.97],[41.46,-148.16],[41.58,-145.19],[37.11,-145.01]]]}},{"type":"Feature","properties":{"id":1678,"base_y":13.09,"height":9.32,"tipo":"cobertizo","plantas":1,"medianeras":[0,1,2]},"geometry":{"type":"Polygon","coordinates":[[[227.74,133.97],[227.61,130.51],[231.45,130.36],[231.57,133.82],[227.74,133.97]]]}},{"type":"Feature","properties":{"id":1679,"base_y":15.97,"height":6.74,"tipo":"edificio","plantas":1,"medianeras":[1]},"geometry":{"type":"Polygon","coordinates":[[[231.12,-94.69],[231.28,-90.7],[227.97,-90.56],[227.8,-94.55],[231.12,-94.69]]]}},{"type":"Feature","properties":{"id":1680,"base_y":15.33,"height":7.71,"tipo":"edificio","plantas":1,"medianeras":[0,3]},"geometry":{"type":"Polygon","coordinates":[[[81.67,-8.14],[81.78,-5.99],[75.63,-5.75],[75.53,-7.9],[81.67,-8.14]]]}},{"type":"Feature","properties":{"id":1681,"base_y":14.34,"height":6.17,"tipo":"edificio","plantas":2,"medianeras":[0,1,2]},"geometry":{"type":"Polygon","coordinates":[[[-185.6,222.62],[-185.37,227.66],[-187.99,227.76],[-188.21,222.73],[-185.6,222.62]]]}},{"type":"Feature","properties":{"id":1682,"base_y":14.91,"height":7.4,"tipo":"cobertizo","plantas":1,"medianeras":[1,2]},"geometry":{"type":"Polygon","coordinates":[[[261.0,-15.21],[260.95,-16.45],[262.8,-16.52],[262.92,-13.3],[257.47,-13.11],[257.4,-15.08],[261.0,-15.21]]]}},{"type":"Feature","properties":{"id":1683,"base_y":15.59,"height":6.4,"tipo":"edificio","plantas":1,"medianeras":[0,2,3]},"geometry":{"type":"Polygon","coordinates":[[[267.23,24.42],[267.11,21.15],[271.12,21.0],[271.23,24.26],[267.23,24.42]]]}},{"type":"Feature","properties":{"id":1684,"base_y":17.58,"height":5.96,"tipo":"edificio","plantas":1,"medianeras":[1,2,3]},"geometry":{"type":"Polygon","coordinates":[[[94.76,-159.97],[94.83,-158.05],[88.01,-157.77],[87.93,-159.69],[94.76,-159.97]]]}},{"type":"Feature","properties":{"id":1685,"base_y":14.87,"height":4.9,"tipo":"edificio","plantas":1,"medianeras":[0]},"geometry":{"type":"Polygon","coordinates":[[[-175.61,185.3],[-179.53,185.5],[-179.68,182.16],[-175.74,182.01],[-175.61,185.3]]]}},{"type":"Feature","properties":{"id":1686,"base_y":14.19,"height":7.6,"tipo":"edificio","plantas":2,"medianeras":[2]},"geometry":{"type":"Polygon","coordinates":[[[357.03,126.79],[351.72,127.02],[351.61,124.58],[356.92,124.35],[357.03,126.79]]]}},{"type":"Feature","properties":{"id":1687,"base_y":12.97,"height":4.52,"tipo":"edificio","plantas":1,"medianeras":[1]},"geometry":{"type":"Polygon","coordinates":[[[340.89,235.75],[337.9,234.85],[339.1,230.88],[342.1,231.77],[340.89,235.75]]]}},{"type":"Feature","properties":{"id":1688,"base_y":14.48,"height":8.68,"tipo":"edificio","plantas":2,"medianeras":[0,1,2,3]},"geometry":{"type":"Polygon","coordinates":[[[37.46,184.99],[36.93,185.01],[36.83,182.71],[40.13,182.6],[40.32,186.84],[37.55,186.94],[37.46,184.99]]]}},{"type":"Feature","properties":{"id":1689,"base_y":14.27,"height":4.49,"tipo":"edificio","plantas":1,"medianeras":[1]},"geometry":{"type":"Polygon","coordinates":[[[75.91,172.64],[75.99,174.82],[70.05,175.04],[69.97,172.86],[75.91,172.64]]]}},{"type":"Feature","properties":{"id":1690,"base_y":17.26,"height":6.29,"tipo":"edificio","plantas":1,"medianeras":[0,1,2,3]},"geometry":{"type":"Polygon","coordinates":[[[54.54,-156.41],[47.84,-156.13],[47.76,-158.05],[54.46,-158.33],[54.54,-156.41]]]}},{"type":"Feature","properties":{"id":1691,"base_y":17.07,"height":6.34,"tipo":"edificio","plantas":1,"medianeras":[0,1,2,3]},"geometry":{"type":"Polygon","coordinates":[[[14.37,-154.77],[14.29,-156.69],[20.99,-156.96],[21.06,-155.04],[14.37,-154.77]]]}},{"type":"Feature","properties":{"id":1692,"base_y":15.68,"height":8.84,"tipo":"edificio","plantas":1,"medianeras":[0,1,3]},"geometry":{"type":"Polygon","coordinates":[[[-75.96,135.48],[-79.33,135.62],[-79.49,131.83],[-76.09,131.68],[-75.96,135.48]]]}},{"type":"Feature","properties":{"id":1693,"base_y":17.23,"height":6.1,"tipo":"edificio","plantas":1,"medianeras":[0,1,2,3]},"geometry":{"type":"Polygon","coordinates":[[[27.76,-155.32],[27.68,-157.24],[34.38,-157.51],[34.45,-155.59],[27.76,-155.32]]]}},{"type":"Feature","properties":{"id":1694,"base_y":17.24,"height":6.3,"tipo":"edificio","plantas":1,"medianeras":[0,1,2,3]},"geometry":{"type":"Polygon","coordinates":[[[34.45,-155.59],[34.38,-157.51],[41.07,-157.78],[41.15,-155.86],[34.45,-155.59]]]}},{"type":"Feature","properties":{"id":1695,"base_y":17.26,"height":5.96,"tipo":"edificio","plantas":1,"medianeras":[0,1,2,3]},"geometry":{"type":"Polygon","coordinates":[[[47.76,-158.05],[47.84,-156.13],[41.15,-155.86],[41.07,-157.78],[47.76,-158.05]]]}},{"type":"Feature","properties":{"id":1696,"base_y":17.25,"height":6.1,"tipo":"edificio","plantas":1,"medianeras":[0,1,2,3]},"geometry":{"type":"Polygon","coordinates":[[[21.06,-155.04],[20.99,-156.96],[27.68,-157.24],[27.76,-155.32],[21.06,-155.04]]]}},{"type":"Feature","properties":{"id":1697,"base_y":17.34,"height":6.26,"tipo":"edificio","plantas":1,"medianeras":[0,1,2,3]},"geometry":{"type":"Polygon","coordinates":[[[61.15,-158.6],[61.23,-156.68],[54.54,-156.41],[54.46,-158.33],[61.15,-158.6]]]}},{"type":"Feature","properties":{"id":1698,"base_y":15.67,"height":5.94,"tipo":"edificio","plantas":1,"medianeras":[3]},"geometry":{"type":"Polygon","coordinates":[[[4.7,59.36],[4.88,62.27],[0.38,62.38],[0.27,59.55],[4.7,59.36]]]}},{"type":"Feature","properties":{"id":1699,"base_y":17.51,"height":6.0,"tipo":"edificio","plantas":1,"medianeras":[0,1,2,3]},"geometry":{"type":"Polygon","coordinates":[[[67.85,-158.87],[67.93,-156.95],[61.23,-156.68],[61.15,-158.6],[67.85,-158.87]]]}},{"type":"Feature","properties":{"id":1700,"base_y":17.6,"height":5.81,"tipo":"edificio","plantas":1,"medianeras":[0,1,2,3]},"geometry":{"type":"Polygon","coordinates":[[[74.54,-159.14],[74.62,-157.23],[67.93,-156.95],[67.85,-158.87],[74.54,-159.14]]]}},{"type":"Feature","properties":{"id":1701,"base_y":17.6,"height":6.22,"tipo":"edificio","plantas":1,"medianeras":[0,1,2,3]},"geometry":{"type":"Polygon","coordinates":[[[81.24,-159.42],[81.31,-157.5],[74.62,-157.23],[74.54,-159.14],[81.24,-159.42]]]}},{"type":"Feature","properties":{"id":1702,"base_y":17.54,"height":5.94,"tipo":"edificio","plantas":1,"medianeras":[0,1,2,3]},"geometry":{"type":"Polygon","coordinates":[[[87.93,-159.69],[88.01,-157.77],[81.31,-157.5],[81.24,-159.42],[87.93,-159.69]]]}},{"type":"Feature","properties":{"id":1703,"base_y":15.84,"height":8.66,"tipo":"cobertizo","plantas":1,"medianeras":[0,1,2]},"geometry":{"type":"Polygon","coordinates":[[[-22.86,-1.5],[-22.88,-2.99],[-14.28,-3.32],[-14.22,-1.84],[-22.86,-1.5]]]}},{"type":"Feature","properties":{"id":1704,"base_y":15.68,"height":3.4,"tipo":"edificio","plantas":1,"medianeras":[0,2,3]},"geometry":{"type":"Polygon","coordinates":[[[25.5,59.62],[25.6,62.01],[20.27,62.23],[20.18,59.85],[25.5,59.62]]]}},{"type":"Feature","properties":{"id":1705,"base_y":14.56,"height":7.19,"tipo":"edificio","plantas":1,"medianeras":[1,2,3]},"geometry":{"type":"Polygon","coordinates":[[[132.6,209.68],[132.75,214.09],[129.92,214.2],[129.78,209.74],[132.6,209.68]]]}},{"type":"Feature","properties":{"id":1706,"base_y":15.54,"height":2.95,"tipo":"edificio","plantas":1,"medianeras":[3]},"geometry":{"type":"Polygon","coordinates":[[[205.91,62.3],[205.64,57.95],[208.6,57.86],[208.77,62.19],[205.91,62.3]]]}},{"type":"Feature","properties":{"id":1707,"base_y":14.91,"height":6.39,"tipo":"cobertizo","plantas":1,"medianeras":[0,3]},"geometry":{"type":"Polygon","coordinates":[[[4.61,-4.71],[4.65,-2.61],[-1.33,-2.37],[-1.43,-4.48],[4.61,-4.71]]]}},{"type":"Feature","properties":{"id":1708,"base_y":15.51,"height":4.07,"tipo":"edificio","plantas":1,"medianeras":[3]},"geometry":{"type":"Polygon","coordinates":[[[85.44,30.94],[85.21,26.08],[87.78,25.92],[88.03,30.8],[85.44,30.94]]]}},{"type":"Feature","properties":{"id":1709,"base_y":12.79,"height":7.71,"tipo":"edificio","plantas":1,"medianeras":[1,2]},"geometry":{"type":"Polygon","coordinates":[[[-261.46,198.54],[-261.55,196.44],[-255.62,196.19],[-255.53,198.31],[-261.46,198.54]]]}},{"type":"Feature","properties":{"id":1710,"base_y":13.78,"height":4.08,"tipo":"cobertizo","plantas":1,"medianeras":[2,3]},"geometry":{"type":"Polygon","coordinates":[[[-323.31,78.39],[-326.09,78.49],[-326.27,73.86],[-323.48,73.97],[-323.31,78.39]]]}},{"type":"Feature","properties":{"id":1711,"base_y":14.73,"height":3.87,"tipo":"edificio","plantas":1,"medianeras":[0,1,2]},"geometry":{"type":"Polygon","coordinates":[[[350.98,7.87],[353.48,7.78],[353.65,12.78],[351.15,12.86],[350.98,7.87]]]}},{"type":"Feature","properties":{"id":1712,"base_y":14.98,"height":5.59,"tipo":"edificio","plantas":1,"medianeras":[1,3]},"geometry":{"type":"Polygon","coordinates":[[[340.66,13.22],[340.83,18.21],[338.33,18.3],[338.16,13.3],[340.66,13.22]]]}},{"type":"Feature","properties":{"id":1713,"base_y":12.8,"height":7.61,"tipo":"cobertizo","plantas":1,"medianeras":[0,1,2,3]},"geometry":{"type":"Polygon","coordinates":[[[-355.95,53.18],[-351.74,53.06],[-351.81,51.65],[-350.34,51.6],[-350.22,54.83],[-355.88,55.03],[-355.95,53.18]]]}},{"type":"Feature","properties":{"id":1714,"base_y":15.6,"height":5.37,"tipo":"cobertizo","plantas":1,"medianeras":[0,2,3]},"geometry":{"type":"Polygon","coordinates":[[[5.59,-13.32],[5.52,-15.61],[10.81,-15.82],[10.92,-13.43],[5.59,-13.32]]]}},{"type":"Feature","properties":{"id":1715,"base_y":15.11,"height":6.72,"tipo":"edificio","plantas":1,"medianeras":[0,3]},"geometry":{"type":"Polygon","coordinates":[[[-218.19,187.44],[-218.4,182.82],[-215.69,182.72],[-215.54,187.33],[-218.19,187.44]]]}},{"type":"Feature","properties":{"id":1716,"base_y":15.59,"height":2.82,"tipo":"cobertizo","plantas":1,"medianeras":[0,2,3]},"geometry":{"type":"Polygon","coordinates":[[[186.18,89.6],[189.1,89.49],[189.29,93.66],[186.33,93.77],[186.18,89.6]]]}},{"type":"Feature","properties":{"id":1717,"base_y":15.02,"height":6.66,"tipo":"edificio","plantas":1,"medianeras":[1,3]},"geometry":{"type":"Polygon","coordinates":[[[98.32,135.29],[98.46,138.38],[94.5,138.53],[94.37,135.44],[98.32,135.29]]]}},{"type":"Feature","properties":{"id":1718,"base_y":15.26,"height":7.35,"tipo":"edificio","plantas":1,"medianeras":[0,1,2]},"geometry":{"type":"Polygon","coordinates":[[[224.24,-12.02],[224.15,-14.63],[228.83,-14.79],[228.93,-12.17],[224.24,-12.02]]]}},{"type":"Feature","properties":{"id":1719,"base_y":15.58,"height":4.07,"tipo":"edificio","plantas":1,"medianeras":[2,3]},"geometry":{"type":"Polygon","coordinates":[[[20.29,62.87],[16.29,63.01],[16.18,60.0],[20.18,59.85],[20.29,62.87]]]}},{"type":"Feature","properties":{"id":1720,"base_y":15.56,"height":4.93,"tipo":"edificio","plantas":1,"medianeras":[0,1]},"geometry":{"type":"Polygon","coordinates":[[[22.18,29.84],[22.36,33.58],[19.15,33.72],[18.99,29.96],[22.18,29.84]]]}},{"type":"Feature","properties":{"id":1721,"base_y":15.57,"height":2.69,"tipo":"edificio","plantas":1,"medianeras":[]},"geometry":{"type":"Polygon","coordinates":[[[24.5,92.57],[24.73,96.69],[21.85,96.87],[21.66,92.68],[24.5,92.57]]]}},{"type":"Feature","properties":{"id":1722,"base_y":15.45,"height":6.65,"tipo":"edificio","plantas":1,"medianeras":[0,1,2]},"geometry":{"type":"Polygon","coordinates":[[[317.56,53.88],[317.46,49.85],[320.36,49.74],[320.51,53.78],[317.56,53.88]]]}},{"type":"Feature","properties":{"id":1723,"base_y":16.19,"height":5.3,"tipo":"edificio","plantas":1,"medianeras":[1,2]},"geometry":{"type":"Polygon","coordinates":[[[-104.97,153.05],[-104.82,157.73],[-107.3,157.87],[-107.48,153.13],[-104.97,153.05]]]}},{"type":"Feature","properties":{"id":1724,"base_y":13.07,"height":10.67,"tipo":"edificio","plantas":2,"medianeras":[1,3]},"geometry":{"type":"Polygon","coordinates":[[[-372.06,27.39],[-371.97,29.34],[-377.93,29.55],[-378.04,27.59],[-372.06,27.39]]]}},{"type":"Feature","properties":{"id":1725,"base_y":15.35,"height":7.9,"tipo":"edificio","plantas":2,"medianeras":[3]},"geometry":{"type":"Polygon","coordinates":[[[602.57,175.12],[601.18,177.71],[597.68,175.84],[599.07,173.25],[602.57,175.12]]]}},{"type":"Feature","properties":{"id":1726,"base_y":15.33,"height":3.51,"tipo":"cobertizo","plantas":1,"medianeras":[0,1,2]},"geometry":{"type":"Polygon","coordinates":[[[-20.67,151.97],[-20.62,154.77],[-24.72,154.83],[-24.86,152.03],[-20.67,151.97]]]}},{"type":"Feature","properties":{"id":1727,"base_y":15.57,"height":6.89,"tipo":"edificio","plantas":1,"medianeras":[0,1,2]},"geometry":{"type":"Polygon","coordinates":[[[40.73,-18.41],[40.81,-15.71],[36.55,-15.59],[36.44,-18.29],[40.73,-18.41]]]}},{"type":"Feature","properties":{"id":1728,"base_y":15.38,"height":3.81,"tipo":"cobertizo","plantas":1,"medianeras":[1,3]},"geometry":{"type":"Polygon","coordinates":[[[218.0,89.0],[218.13,92.6],[214.93,92.72],[214.8,89.12],[218.0,89.0]]]}},{"type":"Feature","properties":{"id":1729,"base_y":15.67,"height":3.92,"tipo":"edificio","plantas":1,"medianeras":[0,2]},"geometry":{"type":"Polygon","coordinates":[[[2.44,28.66],[-3.32,28.92],[-3.41,26.93],[2.39,26.68],[2.44,28.66]]]}},{"type":"Feature","properties":{"id":1730,"base_y":14.86,"height":5.98,"tipo":"edificio","plantas":1,"medianeras":[2,3]},"geometry":{"type":"Polygon","coordinates":[[[311.06,-24.89],[310.92,-29.29],[313.52,-29.38],[313.66,-24.98],[311.06,-24.89]]]}},{"type":"Feature","properties":{"id":1731,"base_y":15.73,"height":2.73,"tipo":"edificio","plantas":1,"medianeras":[]},"geometry":{"type":"Polygon","coordinates":[[[28.07,64.68],[27.95,61.91],[32.07,61.73],[32.16,64.5],[28.07,64.68]]]}},{"type":"Feature","properties":{"id":1732,"base_y":14.42,"height":3.31,"tipo":"edificio","plantas":1,"medianeras":[2]},"geometry":{"type":"Polygon","coordinates":[[[144.99,157.58],[142.44,157.66],[142.26,153.21],[144.77,153.11],[144.99,157.58]]]}},{"type":"Feature","properties":{"id":1733,"base_y":15.08,"height":7.01,"tipo":"edificio","plantas":1,"medianeras":[3,5]},"geometry":{"type":"Polygon","coordinates":[[[240.51,-14.11],[239.57,-13.08],[237.96,-12.92],[236.92,-14.0],[236.19,-13.98],[236.15,-15.62],[241.24,-15.78],[241.32,-14.12],[240.51,-14.11]]]}},{"type":"Feature","properties":{"id":1734,"base_y":13.62,"height":7.13,"tipo":"cobertizo","plantas":1,"medianeras":[0,3]},"geometry":{"type":"Polygon","coordinates":[[[283.77,194.34],[285.4,194.34],[283.22,201.31],[281.73,200.86],[283.77,194.34]]]}},{"type":"Feature","properties":{"id":1735,"base_y":15.35,"height":5.9,"tipo":"cobertizo","plantas":1,"medianeras":[0,1]},"geometry":{"type":"Polygon","coordinates":[[[95.47,-6.55],[95.38,-8.45],[101.1,-8.68],[101.19,-6.75],[95.47,-6.55]]]}},{"type":"Feature","properties":{"id":1736,"base_y":15.57,"height":6.67,"tipo":"edificio","plantas":1,"medianeras":[1,2,3]},"geometry":{"type":"Polygon","coordinates":[[[203.64,-24.48],[209.55,-24.63],[209.58,-22.8],[203.71,-22.59],[203.64,-24.48]]]}},{"type":"Feature","properties":{"id":1737,"base_y":15.2,"height":7.37,"tipo":"cobertizo","plantas":1,"medianeras":[0,2,3]},"geometry":{"type":"Polygon","coordinates":[[[274.89,-17.97],[275.0,-15.73],[270.08,-15.6],[270.01,-17.77],[274.89,-17.97]]]}},{"type":"Feature","properties":{"id":1738,"base_y":14.86,"height":4.98,"tipo":"edificio","plantas":1,"medianeras":[0,1,2]},"geometry":{"type":"Polygon","coordinates":[[[-136.75,222.79],[-136.65,225.49],[-140.65,225.64],[-140.75,222.94],[-136.75,222.79]]]}},{"type":"Feature","properties":{"id":1739,"base_y":14.26,"height":7.54,"tipo":"cobertizo","plantas":1,"medianeras":[]},"geometry":{"type":"Polygon","coordinates":[[[243.85,168.66],[243.76,166.66],[249.16,166.42],[249.24,168.42],[243.85,168.66]]]}},{"type":"Feature","properties":{"id":1740,"base_y":15.64,"height":3.63,"tipo":"cobertizo","plantas":1,"medianeras":[0]},"geometry":{"type":"Polygon","coordinates":[[[299.27,15.18],[294.65,15.38],[294.57,13.06],[299.2,12.87],[299.27,15.18]]]}},{"type":"Feature","properties":{"id":1741,"base_y":14.53,"height":4.26,"tipo":"cobertizo","plantas":1,"medianeras":[1,2]},"geometry":{"type":"Polygon","coordinates":[[[354.63,198.67],[354.54,196.41],[359.18,196.23],[359.25,198.56],[354.63,198.67]]]}},{"type":"Feature","properties":{"id":1742,"base_y":14.15,"height":5.12,"tipo":"cobertizo","plantas":1,"medianeras":[0,1,2,3,4]},"geometry":{"type":"Polygon","coordinates":[[[352.25,94.43],[352.16,92.2],[354.45,92.12],[354.48,92.79],[357.98,92.66],[358.03,94.22],[352.25,94.43]]]}},{"type":"Feature","properties":{"id":1743,"base_y":14.48,"height":7.02,"tipo":"cobertizo","plantas":1,"medianeras":[0,1]},"geometry":{"type":"Polygon","coordinates":[[[174.41,171.19],[170.99,171.32],[170.83,168.25],[174.28,168.12],[174.41,171.19]]]}},{"type":"Feature","properties":{"id":1744,"base_y":15.33,"height":4.91,"tipo":"cobertizo","plantas":1,"medianeras":[0,3]},"geometry":{"type":"Polygon","coordinates":[[[237.46,-24.48],[237.38,-27.64],[240.71,-27.79],[240.85,-24.66],[237.46,-24.48]]]}},{"type":"Feature","properties":{"id":1745,"base_y":15.61,"height":5.91,"tipo":"cobertizo","plantas":1,"medianeras":[3,6]},"geometry":{"type":"Polygon","coordinates":[[[38.26,-6.53],[38.3,-5.4],[42.3,-5.55],[42.25,-6.74],[43.01,-6.78],[43.11,-4.28],[37.06,-3.97],[36.95,-6.47],[38.26,-6.53]]]}},{"type":"Feature","properties":{"id":1746,"base_y":14.71,"height":6.5,"tipo":"edificio","plantas":1,"medianeras":[1,2]},"geometry":{"type":"Polygon","coordinates":[[[-92.97,222.35],[-92.84,224.7],[-97.22,224.9],[-97.28,222.55],[-92.97,222.35]]]}},{"type":"Feature","properties":{"id":1747,"base_y":15.69,"height":3.31,"tipo":"cobertizo","plantas":1,"medianeras":[1,3]},"geometry":{"type":"Polygon","coordinates":[[[-3.21,31.66],[-3.32,28.92],[0.41,28.75],[0.46,31.52],[-3.21,31.66]]]}},{"type":"Feature","properties":{"id":1748,"base_y":16.33,"height":3.7,"tipo":"cobertizo","plantas":1,"medianeras":[0,1,2,3]},"geometry":{"type":"Polygon","coordinates":[[[-219.14,110.31],[-219.06,112.54],[-223.63,112.7],[-223.72,110.49],[-219.14,110.31]]]}},{"type":"Feature","properties":{"id":1749,"base_y":14.11,"height":7.9,"tipo":"cobertizo","plantas":1,"medianeras":[3]},"geometry":{"type":"Polygon","coordinates":[[[359.16,118.69],[356.66,118.8],[356.48,114.81],[358.97,114.7],[359.16,118.69]]]}},{"type":"Feature","properties":{"id":1750,"base_y":15.02,"height":7.46,"tipo":"edificio","plantas":1,"medianeras":[0,1,3]},"geometry":{"type":"Polygon","coordinates":[[[-30.23,159.5],[-30.02,163.44],[-32.56,163.57],[-32.72,159.62],[-30.23,159.5]]]}},{"type":"Feature","properties":{"id":1751,"base_y":14.3,"height":6.72,"tipo":"cobertizo","plantas":1,"medianeras":[0,1,2]},"geometry":{"type":"Polygon","coordinates":[[[366.85,83.77],[360.66,84.0],[360.6,82.4],[366.79,82.17],[366.85,83.77]]]}},{"type":"Feature","properties":{"id":1752,"base_y":15.35,"height":6.72,"tipo":"edificio","plantas":1,"medianeras":[0,1,2]},"geometry":{"type":"Polygon","coordinates":[[[303.05,8.11],[302.95,5.01],[306.14,4.88],[306.24,7.99],[303.05,8.11]]]}},{"type":"Feature","properties":{"id":1753,"base_y":14.26,"height":4.48,"tipo":"cobertizo","plantas":1,"medianeras":[2,3,4,5]},"geometry":{"type":"Polygon","coordinates":[[[360.15,81.02],[366.74,80.77],[366.79,82.17],[360.6,82.4],[360.66,84.0],[360.26,84.01],[360.15,81.02]]]}},{"type":"Feature","properties":{"id":1754,"base_y":16.13,"height":3.97,"tipo":"edificio","plantas":1,"medianeras":[0,3]},"geometry":{"type":"Polygon","coordinates":[[[-97.26,142.57],[-97.11,146.42],[-99.57,146.66],[-99.72,142.61],[-97.26,142.57]]]}},{"type":"Feature","properties":{"id":1755,"base_y":16.29,"height":4.59,"tipo":"cobertizo","plantas":1,"medianeras":[0,2,3]},"geometry":{"type":"Polygon","coordinates":[[[-107.82,144.75],[-111.08,144.99],[-111.23,141.96],[-107.93,141.85],[-107.82,144.75]]]}},{"type":"Feature","properties":{"id":1756,"base_y":15.49,"height":5.44,"tipo":"edificio","plantas":1,"medianeras":[2,3]},"geometry":{"type":"Polygon","coordinates":[[[184.83,-22.08],[184.75,-23.6],[191.24,-23.85],[191.3,-22.37],[184.83,-22.08]]]}},{"type":"Feature","properties":{"id":1757,"base_y":15.52,"height":6.64,"tipo":"edificio","plantas":1,"medianeras":[0,1,3]},"geometry":{"type":"Polygon","coordinates":[[[-30.88,104.77],[-30.79,107.02],[-35.06,107.21],[-35.16,104.94],[-30.88,104.77]]]}},{"type":"Feature","properties":{"id":1758,"base_y":14.35,"height":3.82,"tipo":"edificio","plantas":1,"medianeras":[1]},"geometry":{"type":"Polygon","coordinates":[[[27.94,166.05],[27.8,163.16],[31.17,163.08],[31.3,165.91],[27.94,166.05]]]}},{"type":"Feature","properties":{"id":1759,"base_y":14.96,"height":5.9,"tipo":"edificio","plantas":1,"medianeras":[0,2,3]},"geometry":{"type":"Polygon","coordinates":[[[43.32,216.48],[47.01,216.15],[47.12,218.71],[43.44,218.85],[43.32,216.48]]]}},{"type":"Feature","properties":{"id":1760,"base_y":16.24,"height":4.15,"tipo":"cobertizo","plantas":1,"medianeras":[0,2,3]},"geometry":{"type":"Polygon","coordinates":[[[-95.2,90.44],[-98.45,90.56],[-98.56,87.67],[-95.28,87.56],[-95.2,90.44]]]}},{"type":"Feature","properties":{"id":1761,"base_y":14.62,"height":5.19,"tipo":"edificio","plantas":1,"medianeras":[1]},"geometry":{"type":"Polygon","coordinates":[[[55.54,214.64],[55.78,218.19],[53.07,218.31],[52.95,214.8],[55.54,214.64]]]}},{"type":"Feature","properties":{"id":1762,"base_y":15.65,"height":4.41,"tipo":"edificio","plantas":1,"medianeras":[3]},"geometry":{"type":"Polygon","coordinates":[[[28.99,77.03],[28.9,74.43],[32.49,74.28],[32.58,76.88],[28.99,77.03]]]}},{"type":"Feature","properties":{"id":1763,"base_y":14.53,"height":4.01,"tipo":"edificio","plantas":1,"medianeras":[0,1,2]},"geometry":{"type":"Polygon","coordinates":[[[48.44,206.73],[48.34,204.53],[52.6,204.35],[52.68,206.55],[48.44,206.73]]]}},{"type":"Feature","properties":{"id":1764,"base_y":15.56,"height":3.37,"tipo":"cobertizo","plantas":1,"medianeras":[0,1,2,3,4]},"geometry":{"type":"Polygon","coordinates":[[[238.59,20.66],[238.69,22.52],[236.74,22.62],[236.89,25.54],[235.71,25.59],[235.47,20.76],[238.59,20.66]]]}},{"type":"Feature","properties":{"id":1765,"base_y":17.0,"height":6.5,"tipo":"edificio","plantas":1,"medianeras":[0,2,3]},"geometry":{"type":"Polygon","coordinates":[[[-8.44,-144.51],[-8.39,-143.16],[-15.31,-142.88],[-15.36,-144.23],[-8.44,-144.51]]]}},{"type":"Feature","properties":{"id":1766,"base_y":14.59,"height":6.44,"tipo":"edificio","plantas":1,"medianeras":[2,3]},"geometry":{"type":"Polygon","coordinates":[[[349.66,0.47],[349.5,-2.09],[353.15,-2.21],[353.23,0.38],[349.66,0.47]]]}},{"type":"Feature","properties":{"id":1767,"base_y":11.84,"height":6.28,"tipo":"edificio","plantas":1,"medianeras":[2,3]},"geometry":{"type":"Polygon","coordinates":[[[382.99,269.47],[384.3,266.83],[387.09,268.08],[385.84,270.82],[382.99,269.47]]]}},{"type":"Feature","properties":{"id":1768,"base_y":14.42,"height":8.09,"tipo":"edificio","plantas":1,"medianeras":[0,3]},"geometry":{"type":"Polygon","coordinates":[[[32.19,185.18],[36.93,185.01],[37.02,186.96],[32.28,187.12],[32.19,185.18]]]}},{"type":"Feature","properties":{"id":1769,"base_y":14.97,"height":5.78,"tipo":"cobertizo","plantas":1,"medianeras":[0]},"geometry":{"type":"Polygon","coordinates":[[[-85.18,216.86],[-80.72,216.66],[-80.65,218.72],[-85.12,218.89],[-85.18,216.86]]]}},{"type":"Feature","properties":{"id":1770,"base_y":14.38,"height":5.06,"tipo":"edificio","plantas":1,"medianeras":[0,2,3]},"geometry":{"type":"Polygon","coordinates":[[[-200.35,213.44],[-199.71,213.41],[-199.04,226.91],[-199.74,226.94],[-200.35,213.44]]]}},{"type":"Feature","properties":{"id":1771,"base_y":14.82,"height":6.44,"tipo":"edificio","plantas":1,"medianeras":[1,2]},"geometry":{"type":"Polygon","coordinates":[[[350.64,27.89],[350.52,25.33],[354.07,25.19],[354.15,27.77],[350.64,27.89]]]}},{"type":"Feature","properties":{"id":1772,"base_y":14.75,"height":7.95,"tipo":"edificio","plantas":1,"medianeras":[0,2,3]},"geometry":{"type":"Polygon","coordinates":[[[-116.77,190.88],[-116.67,193.2],[-120.53,193.37],[-120.61,191.0],[-116.77,190.88]]]}},{"type":"Feature","properties":{"id":1773,"base_y":14.63,"height":6.35,"tipo":"edificio","plantas":1,"medianeras":[0,3]},"geometry":{"type":"Polygon","coordinates":[[[337.74,0.89],[334.21,1.01],[334.18,-1.58],[337.66,-1.69],[337.74,0.89]]]}},{"type":"Feature","properties":{"id":1774,"base_y":15.45,"height":2.96,"tipo":"edificio","plantas":1,"medianeras":[1]},"geometry":{"type":"Polygon","coordinates":[[[210.29,16.3],[210.39,18.24],[205.82,18.43],[205.74,16.46],[210.29,16.3]]]}},{"type":"Feature","properties":{"id":1775,"base_y":15.02,"height":4.73,"tipo":"cobertizo","plantas":1,"medianeras":[0,1]},"geometry":{"type":"Polygon","coordinates":[[[-163.18,180.95],[-163.06,184.35],[-165.66,184.46],[-165.77,181.06],[-163.18,180.95]]]}},{"type":"Feature","properties":{"id":1776,"base_y":13.33,"height":6.48,"tipo":"edificio","plantas":1,"medianeras":[2,3]},"geometry":{"type":"Polygon","coordinates":[[[322.63,244.8],[330.38,246.57],[329.96,247.95],[322.48,245.61],[322.63,244.8]]]}},{"type":"Feature","properties":{"id":1777,"base_y":17.03,"height":6.43,"tipo":"edificio","plantas":1,"medianeras":[0,2,3]},"geometry":{"type":"Polygon","coordinates":[[[11.25,-145.31],[11.31,-143.96],[4.77,-143.7],[4.71,-145.05],[11.25,-145.31]]]}},{"type":"Feature","properties":{"id":1778,"base_y":17.03,"height":6.47,"tipo":"edificio","plantas":1,"medianeras":[0,1,2]},"geometry":{"type":"Polygon","coordinates":[[[-21.85,-142.62],[-21.9,-143.96],[-15.36,-144.23],[-15.31,-142.88],[-21.85,-142.62]]]}},{"type":"Feature","properties":{"id":1779,"base_y":16.98,"height":6.53,"tipo":"edificio","plantas":1,"medianeras":[0,1,2]},"geometry":{"type":"Polygon","coordinates":[[[-1.77,-143.43],[-1.83,-144.78],[4.71,-145.05],[4.77,-143.7],[-1.77,-143.43]]]}},{"type":"Feature","properties":{"id":1780,"base_y":12.18,"height":6.36,"tipo":"edificio","plantas":1,"medianeras":[1,2,3]},"geometry":{"type":"Polygon","coordinates":[[[-276.05,191.01],[-274.1,189.0],[-271.83,191.18],[-273.78,193.2],[-276.05,191.01]]]}},{"type":"Feature","properties":{"id":1781,"base_y":14.85,"height":6.21,"tipo":"edificio","plantas":1,"medianeras":[1]},"geometry":{"type":"Polygon","coordinates":[[[287.15,-14.08],[287.07,-16.51],[290.68,-16.63],[290.76,-14.2],[287.15,-14.08]]]}},{"type":"Feature","properties":{"id":1782,"base_y":14.97,"height":6.15,"tipo":"edificio","plantas":1,"medianeras":[0,2,3]},"geometry":{"type":"Polygon","coordinates":[[[277.97,-25.1],[277.9,-26.97],[282.57,-27.13],[282.64,-25.25],[277.97,-25.1]]]}},{"type":"Feature","properties":{"id":1783,"base_y":15.04,"height":5.34,"tipo":"edificio","plantas":1,"medianeras":[1,2]},"geometry":{"type":"Polygon","coordinates":[[[314.12,160.71],[314.35,165.7],[312.6,165.76],[312.37,160.77],[314.12,160.71]]]}},{"type":"Feature","properties":{"id":1784,"base_y":12.05,"height":5.58,"tipo":"edificio","plantas":1,"medianeras":[1,2,3]},"geometry":{"type":"Polygon","coordinates":[[[375.29,265.81],[377.28,261.02],[378.87,261.78],[376.72,266.5],[375.29,265.81]]]}},{"type":"Feature","properties":{"id":1785,"base_y":14.5,"height":6.36,"tipo":"edificio","plantas":1,"medianeras":[1,2]},"geometry":{"type":"Polygon","coordinates":[[[372.48,-16.91],[372.39,-19.34],[375.89,-19.46],[375.97,-16.97],[372.48,-16.91]]]}},{"type":"Feature","properties":{"id":1786,"base_y":14.67,"height":5.73,"tipo":"edificio","plantas":1,"medianeras":[1,2]},"geometry":{"type":"Polygon","coordinates":[[[341.5,-15.88],[341.41,-18.31],[344.9,-18.43],[344.98,-15.94],[341.5,-15.88]]]}},{"type":"Feature","properties":{"id":1787,"base_y":14.54,"height":6.34,"tipo":"edificio","plantas":1,"medianeras":[1,2]},"geometry":{"type":"Polygon","coordinates":[[[356.99,-16.39],[356.9,-18.83],[360.39,-18.94],[360.47,-16.45],[356.99,-16.39]]]}},{"type":"Feature","properties":{"id":1788,"base_y":15.09,"height":6.21,"tipo":"edificio","plantas":1,"medianeras":[1,2]},"geometry":{"type":"Polygon","coordinates":[[[335.33,28.4],[335.17,25.86],[338.58,25.74],[338.66,28.29],[335.33,28.4]]]}},{"type":"Feature","properties":{"id":1789,"base_y":14.72,"height":6.22,"tipo":"edificio","plantas":1,"medianeras":[2,3]},"geometry":{"type":"Polygon","coordinates":[[[332.9,-18.03],[332.97,-15.6],[329.49,-15.43],[329.41,-17.92],[332.9,-18.03]]]}},{"type":"Feature","properties":{"id":1790,"base_y":14.71,"height":6.16,"tipo":"edificio","plantas":1,"medianeras":[1,2]},"geometry":{"type":"Polygon","coordinates":[[[326.01,-15.37],[325.91,-17.8],[329.41,-17.92],[329.49,-15.43],[326.01,-15.37]]]}},{"type":"Feature","properties":{"id":1791,"base_y":14.82,"height":6.17,"tipo":"edificio","plantas":1,"medianeras":[1,2]},"geometry":{"type":"Polygon","coordinates":[[[295.02,-14.34],[294.93,-16.77],[298.42,-16.89],[298.51,-14.4],[295.02,-14.34]]]}},{"type":"Feature","properties":{"id":1792,"base_y":14.49,"height":6.04,"tipo":"edificio","plantas":1,"medianeras":[2,3]},"geometry":{"type":"Polygon","coordinates":[[[363.89,-19.06],[363.95,-16.62],[360.47,-16.45],[360.39,-18.94],[363.89,-19.06]]]}},{"type":"Feature","properties":{"id":1793,"base_y":14.8,"height":6.24,"tipo":"edificio","plantas":1,"medianeras":[2,3]},"geometry":{"type":"Polygon","coordinates":[[[301.92,-17.0],[301.98,-14.57],[298.51,-14.4],[298.42,-16.89],[301.92,-17.0]]]}},{"type":"Feature","properties":{"id":1794,"base_y":14.82,"height":6.13,"tipo":"edificio","plantas":1,"medianeras":[1,2]},"geometry":{"type":"Polygon","coordinates":[[[310.52,-14.85],[310.42,-17.29],[313.92,-17.4],[314.0,-14.91],[310.52,-14.85]]]}},{"type":"Feature","properties":{"id":1795,"base_y":14.44,"height":6.34,"tipo":"edificio","plantas":1,"medianeras":[2,3]},"geometry":{"type":"Polygon","coordinates":[[[379.38,-19.57],[379.44,-17.14],[375.97,-16.97],[375.89,-19.46],[379.38,-19.57]]]}},{"type":"Feature","properties":{"id":1796,"base_y":14.8,"height":6.23,"tipo":"edificio","plantas":1,"medianeras":[2,3]},"geometry":{"type":"Polygon","coordinates":[[[317.41,-17.52],[317.48,-15.08],[314.0,-14.91],[313.92,-17.4],[317.41,-17.52]]]}},{"type":"Feature","properties":{"id":1797,"base_y":14.66,"height":6.24,"tipo":"edificio","plantas":1,"medianeras":[2,3]},"geometry":{"type":"Polygon","coordinates":[[[348.4,-18.54],[348.46,-16.11],[344.98,-15.94],[344.9,-18.43],[348.4,-18.54]]]}},{"type":"Feature","properties":{"id":1798,"base_y":14.24,"height":5.56,"tipo":"edificio","plantas":1,"medianeras":[0,1,2]},"geometry":{"type":"Polygon","coordinates":[[[147.29,201.47],[147.21,199.7],[151.99,199.51],[152.08,201.33],[147.29,201.47]]]}},{"type":"Feature","properties":{"id":1799,"base_y":15.34,"height":6.42,"tipo":"cobertizo","plantas":1,"medianeras":[0,1,2,5]},"geometry":{"type":"Polygon","coordinates":[[[-10.19,-5.0],[-8.87,-5.06],[-8.85,-4.21],[-6.7,-4.28],[-6.62,-2.15],[-10.11,-2.01],[-10.19,-5.0]]]}},{"type":"Feature","properties":{"id":1800,"base_y":12.0,"height":6.5,"tipo":"edificio","plantas":1,"medianeras":[0,1,2]},"geometry":{"type":"Polygon","coordinates":[[[-377.67,43.53],[-377.56,46.67],[-380.3,46.75],[-380.39,43.63],[-377.67,43.53]]]}},{"type":"Feature","properties":{"id":1801,"base_y":15.02,"height":6.47,"tipo":"edificio","plantas":1,"medianeras":[3]},"geometry":{"type":"Polygon","coordinates":[[[-16.53,171.95],[-18.53,172.0],[-18.72,167.78],[-16.72,167.72],[-16.53,171.95]]]}},{"type":"Feature","properties":{"id":1802,"base_y":14.85,"height":7.01,"tipo":"cobertizo","plantas":1,"medianeras":[0,1,2,3,5]},"geometry":{"type":"Polygon","coordinates":[[[298.76,3.01],[297.04,3.08],[296.97,0.83],[294.2,0.94],[294.17,-0.05],[298.66,-0.22],[298.76,3.01]]]}},{"type":"Feature","properties":{"id":1803,"base_y":14.81,"height":6.42,"tipo":"edificio","plantas":1,"medianeras":[2,3]},"geometry":{"type":"Polygon","coordinates":[[[357.29,25.09],[357.35,27.67],[354.15,27.77],[354.07,25.19],[357.29,25.09]]]}},{"type":"Feature","properties":{"id":1804,"base_y":15.86,"height":6.67,"tipo":"cobertizo","plantas":1,"medianeras":[0,1,3]},"geometry":{"type":"Polygon","coordinates":[[[-27.36,-10.59],[-33.93,-10.37],[-34.0,-11.63],[-27.42,-11.85],[-27.36,-10.59]]]}},{"type":"Feature","properties":{"id":1805,"base_y":14.97,"height":7.08,"tipo":"edificio","plantas":1,"medianeras":[1,2,3]},"geometry":{"type":"Polygon","coordinates":[[[-85.18,216.86],[-85.23,214.98],[-80.78,214.81],[-80.72,216.66],[-85.18,216.86]]]}},{"type":"Feature","properties":{"id":1806,"base_y":15.66,"height":4.8,"tipo":"edificio","plantas":1,"medianeras":[1,3]},"geometry":{"type":"Polygon","coordinates":[[[299.27,15.18],[299.32,16.96],[294.7,17.15],[294.65,15.38],[299.27,15.18]]]}},{"type":"Feature","properties":{"id":1807,"base_y":14.91,"height":6.25,"tipo":"cobertizo","plantas":1,"medianeras":[0,1,2,5]},"geometry":{"type":"Polygon","coordinates":[[[67.04,-8.06],[68.43,-8.14],[68.45,-7.46],[70.49,-7.53],[70.6,-5.47],[67.06,-5.32],[67.04,-8.06]]]}},{"type":"Feature","properties":{"id":1808,"base_y":14.21,"height":5.81,"tipo":"cobertizo","plantas":1,"medianeras":[1,2]},"geometry":{"type":"Polygon","coordinates":[[[180.54,201.88],[180.63,198.88],[183.39,198.77],[183.16,201.86],[180.54,201.88]]]}},{"type":"Feature","properties":{"id":1809,"base_y":14.56,"height":6.52,"tipo":"edificio","plantas":1,"medianeras":[1,2]},"geometry":{"type":"Polygon","coordinates":[[[356.28,-2.32],[356.36,0.32],[353.23,0.38],[353.15,-2.21],[356.28,-2.32]]]}},{"type":"Feature","properties":{"id":1810,"base_y":15.07,"height":6.19,"tipo":"edificio","plantas":1,"medianeras":[2,3]},"geometry":{"type":"Polygon","coordinates":[[[341.73,25.64],[341.86,28.18],[338.66,28.29],[338.58,25.74],[341.73,25.64]]]}},{"type":"Feature","properties":{"id":1811,"base_y":15.49,"height":7.56,"tipo":"edificio","plantas":1,"medianeras":[1,2]},"geometry":{"type":"Polygon","coordinates":[[[-21.91,129.6],[-21.82,131.56],[-25.9,131.77],[-26.0,129.79],[-21.91,129.6]]]}},{"type":"Feature","properties":{"id":1812,"base_y":14.66,"height":6.38,"tipo":"edificio","plantas":1,"medianeras":[0,1]},"geometry":{"type":"Polygon","coordinates":[[[340.81,0.81],[337.74,0.89],[337.66,-1.69],[340.76,-1.8],[340.81,0.81]]]}}]}